dataset,dataset_name,model,model_raw,seed,intervention_family,intervention_family_code,intervention_parameter,label,configuration_type,F_in_baseline,F_in_intervention,F_out_baseline,F_out_intervention,InputGain,OutputGain,realization_ratio,attenuated_frozen,reversed_frozen,NDCG10_baseline,NDCG10_intervention,relative_NDCG_loss,Recall10_baseline,Recall10_intervention,evidence_tier
lastfm,LastFM,BPR,weighted_bpr,0,minimum-perturbation KL,kl,0.1,kl_lam0.1,intervention,0.6032541089172111,0.0964756364316619,0.8717261430658088,0.7866942959320508,0.5067784724855492,0.085031847133758,0.16778898818789642,True,False,0.1433854467937328,0.118517004331022,0.1734377024921175,0.153149327671619,0.1267073602264677,PRIMARY
lastfm,LastFM,BPR,weighted_bpr,0,minimum-perturbation KL,kl,0.5,kl_lam0.5,intervention,0.6032541089172111,0.2157522024757692,0.8717261430658088,0.8366942959320507,0.3875019064414419,0.035031847133758,0.0904043220211922,True,False,0.1433854467937328,0.1270723798816014,0.1137707297142825,0.153149327671619,0.1361288039631978,PRIMARY
lastfm,LastFM,BPR,weighted_bpr,0,minimum-perturbation KL,kl,2.0,kl_lam2.0,intervention,0.6032541089172111,0.4355284528727479,0.8717261430658088,0.8600488606878895,0.1677256560444632,0.0116772823779192,0.06962132480688353,True,False,0.1433854467937328,0.1384008633074978,0.0347635244559061,0.153149327671619,0.1507430997876841,PRIMARY
lastfm,LastFM,BPR,weighted_bpr,0,minimum-perturbation KL,kl,8.0,kl_lam8.0,intervention,0.6032541089172111,0.5640463446269299,0.8717261430658088,0.8685945082462758,0.0392077642902811,0.0031316348195329,0.07987282305482479,True,False,0.1433854467937328,0.1430646602065839,0.0022372325387409,0.153149327671619,0.1526185421089863,PRIMARY
lastfm,LastFM,BPR,weighted_bpr,0,inverse-power,legacy,0.1,legacy_a0.1,intervention,0.6032541089172111,0.5401316419454345,0.8717261430658088,0.8660467375456389,0.0631224669717765,0.0056794055201698,0.08997439093610192,True,False,0.1433854467937328,0.144690330420718,0.0,0.153149327671619,0.154821302193912,PRIMARY
lastfm,LastFM,BPR,weighted_bpr,0,inverse-power,legacy,0.2,legacy_a0.2,intervention,0.6032541089172111,0.4706970075875144,0.8717261430658088,0.8604734891379955,0.1325571013296966,0.0112526539278132,0.08488910676935782,True,False,0.1433854467937328,0.1416289072014921,0.0122504733326777,0.153149327671619,0.1521762208067924,PRIMARY
lastfm,LastFM,BPR,weighted_bpr,0,inverse-power,legacy,0.4,legacy_a0.4,intervention,0.6032541089172111,0.344985954584635,0.8717261430658088,0.8461422789469126,0.2582681543325761,0.0255838641188961,0.09905930595667378,True,False,0.1433854467937328,0.134373098440906,0.0628539963737848,0.153149327671619,0.1447983014861982,PRIMARY
lastfm,LastFM,BPR,weighted_bpr,0,inverse-power,legacy,0.8,legacy_a0.8,intervention,0.6032541089172111,0.0984305471758753,0.8717261430658088,0.7601550178004158,0.5048235617413357,0.1115711252653929,0.22101013843438697,True,False,0.1433854467937328,0.1164325206719693,0.187975326118951,0.153149327671619,0.1249557678697798,PRIMARY
lastfm,LastFM,BPR,weighted_bpr,1,minimum-perturbation KL,kl,0.1,kl_lam0.1,intervention,0.602904152661743,0.0963935595894326,0.8705053362717535,0.7803248691804583,0.5065105930723104,0.0901804670912952,0.17804260823903612,True,False,0.1498440160701963,0.1194801148743177,0.2026367284607095,0.1570240622788376,0.1254157820240614,PRIMARY
lastfm,LastFM,BPR,weighted_bpr,1,minimum-perturbation KL,kl,0.5,kl_lam0.5,intervention,0.602904152661743,0.2152397605890091,0.8705053362717535,0.8306964190743013,0.3876643920727339,0.0398089171974522,0.1026891249531714,True,False,0.1498440160701963,0.1314416323474366,0.1228102676728771,0.1570240622788376,0.1387384996461418,PRIMARY
lastfm,LastFM,BPR,weighted_bpr,1,minimum-perturbation KL,kl,2.0,kl_lam2.0,intervention,0.602904152661743,0.4350394587500372,0.8705053362717535,0.8564395188619871,0.1678646939117058,0.0140658174097664,0.08379258962676689,True,False,0.1498440160701963,0.1458859634192985,0.0264144859080897,0.1570240622788376,0.1526185421089863,PRIMARY
lastfm,LastFM,BPR,weighted_bpr,1,minimum-perturbation KL,kl,8.0,kl_lam8.0,intervention,0.602904152661743,0.5637728324895577,0.8705053362717535,0.8671613872271675,0.0391313201721853,0.003343949044586,0.08545454203619976,True,False,0.1498440160701963,0.1503777193475437,0.0,0.1570240622788376,0.1581121726822346,PRIMARY
lastfm,LastFM,BPR,weighted_bpr,1,inverse-power,legacy,0.1,legacy_a0.1,intervention,0.602904152661743,0.5399102795722442,0.8705053362717535,0.8645074594140041,0.0629938730894987,0.0059978768577494,0.09521365433790524,True,False,0.1498440160701963,0.1500534641502764,0.0,0.1570240622788376,0.1576875442321285,PRIMARY
lastfm,LastFM,BPR,weighted_bpr,1,inverse-power,legacy,0.2,legacy_a0.2,intervention,0.602904152661743,0.4706110957767217,0.8705053362717535,0.857607247099779,0.1322930568850213,0.0128980891719745,0.0974963424058188,True,False,0.1498440160701963,0.1480407856093208,0.0120340505291228,0.1570240622788376,0.1554051663128079,PRIMARY
lastfm,LastFM,BPR,weighted_bpr,1,inverse-power,legacy,0.4,legacy_a0.4,intervention,0.602904152661743,0.3463223936265191,0.8705053362717535,0.8415244445520083,0.2565817590352239,0.0289808917197452,0.11294992999002186,True,False,0.1498440160701963,0.1419810031427479,0.0524746542015055,0.1570240622788376,0.1495576786978045,PRIMARY
lastfm,LastFM,BPR,weighted_bpr,1,inverse-power,legacy,0.8,legacy_a0.8,intervention,0.602904152661743,0.0990461573240812,0.8705053362717535,0.7526178628110316,0.5038579953376617,0.1178874734607219,0.23396963936578857,True,False,0.1498440160701963,0.1186250052705491,0.2083433934727309,0.1570240622788376,0.1255219391365879,PRIMARY
lastfm,LastFM,BPR,weighted_bpr,2,minimum-perturbation KL,kl,0.1,kl_lam0.1,intervention,0.6033079483411292,0.0964622988049581,0.8697622364840677,0.7746454636602885,0.5068456495361711,0.0951167728237791,0.18766417924435808,True,False,0.1487340695546166,0.116418551242855,0.217270450600392,0.1542728237791916,0.1203998584571825,PRIMARY
lastfm,LastFM,BPR,weighted_bpr,2,minimum-perturbation KL,kl,0.5,kl_lam0.5,intervention,0.6033079483411292,0.215484086133095,0.8697622364840677,0.8303779477367217,0.3878238622080342,0.039384288747346,0.1015519997225434,True,False,0.1487340695546166,0.1277338750300619,0.1411928994307738,0.1542728237791916,0.131679051663127,PRIMARY
lastfm,LastFM,BPR,weighted_bpr,2,minimum-perturbation KL,kl,2.0,kl_lam2.0,intervention,0.6033079483411292,0.4354287620390172,0.8697622364840677,0.8575541685435157,0.1678791863021119,0.0122080679405519,0.07271936569064918,True,False,0.1487340695546166,0.1427654709296646,0.0401293304407314,0.1542728237791916,0.1486907289455044,PRIMARY
lastfm,LastFM,BPR,weighted_bpr,2,minimum-perturbation KL,kl,8.0,kl_lam8.0,intervention,0.6033079483411292,0.5641472647714693,0.8697622364840677,0.8656221090955327,0.0391606835696599,0.0041401273885349,0.10572153014567146,True,False,0.1487340695546166,0.1474596286289907,0.0085685877448398,0.1542728237791916,0.1531050955413997,PRIMARY
lastfm,LastFM,BPR,weighted_bpr,2,inverse-power,legacy,0.1,legacy_a0.1,intervention,0.6033079483411292,0.5402724050551676,0.8697622364840677,0.8633397311762122,0.0630355432859616,0.0064225053078554,0.10188704614981452,True,False,0.1487340695546166,0.1471696775384338,0.0105180475520325,0.1542728237791916,0.1527866242038201,PRIMARY
lastfm,LastFM,BPR,weighted_bpr,2,inverse-power,legacy,0.2,legacy_a0.2,intervention,0.6033079483411292,0.4709132814066078,0.8697622364840677,0.8573949328747259,0.1323946669345214,0.0123673036093417,0.09341240017967048,True,False,0.1487340695546166,0.14507355260356,0.0246111530600755,0.1542728237791916,0.1499203821656035,PRIMARY
lastfm,LastFM,BPR,weighted_bpr,2,inverse-power,legacy,0.4,legacy_a0.4,intervention,0.6033079483411292,0.3461926610614728,0.8697622364840677,0.8406751876517959,0.2571152872796564,0.0290870488322717,0.11312843020739803,True,False,0.1487340695546166,0.1377569408992449,0.0738037269352114,0.1542728237791916,0.1436748053786257,PRIMARY
lastfm,LastFM,BPR,weighted_bpr,2,inverse-power,legacy,0.8,legacy_a0.8,intervention,0.6033079483411292,0.0989226070934196,0.8697622364840677,0.7461422789469127,0.5043853412477096,0.123619957537155,0.24509030581926405,True,False,0.1487340695546166,0.1151944656966473,0.2255004785279087,0.1542728237791916,0.1208244869072887,PRIMARY
lastfm,LastFM,ItemKNN,weighted_itemknn,0,minimum-perturbation KL,kl,0.1,kl_lam0.1,intervention,0.6032541089172111,0.0964756364316619,0.5819172258683565,0.2166836802207981,0.5067784724855492,0.3652335456475584,0.7206966465174249,True,False,0.1702847354481083,0.1082055963009014,0.364560798616765,0.1671797593772099,0.1075106157112524,PRIMARY
lastfm,LastFM,ItemKNN,weighted_itemknn,0,minimum-perturbation KL,kl,0.5,kl_lam0.5,intervention,0.6032541089172111,0.2157522024757692,0.5819172258683565,0.350919349010607,0.3875019064414419,0.2309978768577494,0.596120620357921,True,False,0.1702847354481083,0.135159700835921,0.2062723621101735,0.1671797593772099,0.1349168435951868,PRIMARY
lastfm,LastFM,ItemKNN,weighted_itemknn,0,minimum-perturbation KL,kl,2.0,kl_lam2.0,intervention,0.6032541089172111,0.4355284528727479,0.5819172258683565,0.4984777354224967,0.1677256560444632,0.0834394904458598,0.49747601180191786,True,False,0.1702847354481083,0.1599866445024299,0.0604757139186829,0.1671797593772099,0.1582979476291563,PRIMARY
lastfm,LastFM,ItemKNN,weighted_itemknn,0,minimum-perturbation KL,kl,8.0,kl_lam8.0,intervention,0.6032541089172111,0.5640463446269299,0.5819172258683565,0.5603142534692058,0.0392077642902811,0.0216029723991506,0.5509871014120943,True,False,0.1702847354481083,0.1673730828521019,0.0170987293038588,0.1671797593772099,0.1646319886765729,PRIMARY
lastfm,LastFM,ItemKNN,weighted_itemknn,0,inverse-power,legacy,0.1,legacy_a0.1,intervention,0.6032541089172111,0.5401316419454345,0.5819172258683565,0.5458768861655965,0.0631224669717765,0.0360403397027599,0.5709589854730229,True,False,0.1702847354481083,0.1660775068191786,0.0247070215533898,0.1671797593772099,0.163464260438781,PRIMARY
lastfm,LastFM,ItemKNN,weighted_itemknn,0,inverse-power,legacy,0.2,legacy_a0.2,intervention,0.6032541089172111,0.4706970075875144,0.5819172258683565,0.502883255592348,0.1325571013296966,0.0790339702760084,0.5962258489602512,True,False,0.1702847354481083,0.1608147859537402,0.0556124391857421,0.1671797593772099,0.1588287331917889,PRIMARY
lastfm,LastFM,ItemKNN,weighted_itemknn,0,inverse-power,legacy,0.4,legacy_a0.4,intervention,0.6032541089172111,0.344985954584635,0.5819172258683565,0.3757070347855539,0.2582681543325761,0.2062101910828025,0.7984344473893683,True,False,0.1702847354481083,0.1426011032194648,0.1625726002732621,0.1671797593772099,0.1408351026185411,PRIMARY
lastfm,LastFM,ItemKNN,weighted_itemknn,0,inverse-power,legacy,0.8,legacy_a0.8,intervention,0.6032541089172111,0.0984305471758753,0.5819172258683565,0.13733123860721,0.5048235617413357,0.4445859872611464,0.8806759845511051,True,False,0.1702847354481083,0.0917743310352029,0.4610536828583217,0.1671797593772099,0.0909501061571124,PRIMARY
lastfm,LastFM,ItemKNN,weighted_itemknn,1,minimum-perturbation KL,kl,0.1,kl_lam0.1,intervention,0.602904152661743,0.0963935595894326,0.5865881388195242,0.2268747630233458,0.5065105930723104,0.3597133757961783,0.7101793737704217,True,False,0.1658278870388649,0.1058956058569338,0.3614125600471819,0.1684713375796157,0.1075460014154279,PRIMARY
lastfm,LastFM,ItemKNN,weighted_itemknn,1,minimum-perturbation KL,kl,0.5,kl_lam0.5,intervention,0.602904152661743,0.2152397605890091,0.5865881388195242,0.3616412173757874,0.3876643920727339,0.2249469214437367,0.5802620154020542,True,False,0.1658278870388649,0.1319344959057428,0.2043889706269879,0.1684713375796157,0.1355095541401265,PRIMARY
lastfm,LastFM,ItemKNN,weighted_itemknn,1,minimum-perturbation KL,kl,2.0,kl_lam2.0,intervention,0.602904152661743,0.4350394587500372,0.5865881388195242,0.5044756122802461,0.1678646939117058,0.0821125265392781,0.4891590043494673,True,False,0.1658278870388649,0.1560763672494659,0.0588050656830327,0.1684713375796157,0.1578556263269622,PRIMARY
lastfm,LastFM,ItemKNN,weighted_itemknn,1,minimum-perturbation KL,kl,8.0,kl_lam8.0,intervention,0.602904152661743,0.5637728324895577,0.5865881388195242,0.565675187651796,0.0391313201721853,0.0209129511677281,0.5344299930517834,True,False,0.1658278870388649,0.1632025164540593,0.0158319003617902,0.1684713375796157,0.1659235668789789,PRIMARY
lastfm,LastFM,ItemKNN,weighted_itemknn,1,inverse-power,legacy,0.1,legacy_a0.1,intervention,0.602904152661743,0.5399102795722442,0.5865881388195242,0.5506008776730273,0.0629938730894987,0.0359872611464968,0.5712819260274378,True,False,0.1658278870388649,0.1620888101297004,0.022547937961051,0.1684713375796157,0.1641188959660278,PRIMARY
lastfm,LastFM,ItemKNN,weighted_itemknn,1,inverse-power,legacy,0.2,legacy_a0.2,intervention,0.602904152661743,0.4706110957767217,0.5865881388195242,0.5080318755498852,0.1322930568850213,0.078556263269639,0.5938048837885266,True,False,0.1658278870388649,0.1562721989944617,0.0576241319541362,0.1684713375796157,0.1587048832271745,PRIMARY
lastfm,LastFM,ItemKNN,weighted_itemknn,1,inverse-power,legacy,0.4,legacy_a0.4,intervention,0.602904152661743,0.3463223936265191,0.5865881388195242,0.3861104318131548,0.2565817590352239,0.2004777070063694,0.7813404497661408,True,False,0.1658278870388649,0.1400069543819851,0.1557092303228115,0.1684713375796157,0.1421178343949034,PRIMARY
lastfm,LastFM,ItemKNN,weighted_itemknn,1,inverse-power,legacy,0.8,legacy_a0.8,intervention,0.602904152661743,0.0990461573240812,0.5865881388195242,0.1492739137664456,0.5038579953376617,0.4373142250530785,0.8679314987549444,True,False,0.1658278870388649,0.0896706925839407,0.4592544463711055,0.1684713375796157,0.0910739561217267,PRIMARY
lastfm,LastFM,ItemKNN,weighted_itemknn,2,minimum-perturbation KL,kl,0.1,kl_lam0.1,intervention,0.6033079483411292,0.0964622988049581,0.5829257184373586,0.2056964190743013,0.5068456495361711,0.3772292993630573,0.7442685948044945,True,False,0.1616706512801923,0.1025669696080474,0.3655807730353724,0.1616595895258297,0.1035651096956826,PRIMARY
lastfm,LastFM,ItemKNN,weighted_itemknn,2,minimum-perturbation KL,kl,0.5,kl_lam0.5,intervention,0.6033079483411292,0.215484086133095,0.5829257184373586,0.3459299647218596,0.3878238622080342,0.2369957537154989,0.6110912112684057,True,False,0.1616706512801923,0.1297924043673753,0.1971801725321721,0.1616595895258297,0.1288216560509547,PRIMARY
lastfm,LastFM,ItemKNN,weighted_itemknn,2,minimum-perturbation KL,kl,2.0,kl_lam2.0,intervention,0.6033079483411292,0.4354287620390172,0.5829257184373586,0.4976284785222843,0.1678791863021119,0.0852972399150743,0.5080870463690189,True,False,0.1616706512801923,0.1539335512899025,0.0478571709152116,0.1616595895258297,0.1535208775654621,PRIMARY
lastfm,LastFM,ItemKNN,weighted_itemknn,2,minimum-perturbation KL,kl,8.0,kl_lam8.0,intervention,0.6033079483411292,0.5641472647714693,0.5829257184373586,0.5628620241698427,0.0391606835696599,0.0200636942675159,0.5123427999367313,True,False,0.1616706512801923,0.160103440966344,0.0096938454904356,0.1616595895258297,0.1605980184005644,PRIMARY
lastfm,LastFM,ItemKNN,weighted_itemknn,2,inverse-power,legacy,0.1,legacy_a0.1,intervention,0.6033079483411292,0.5402724050551676,0.5829257184373586,0.5482123426411802,0.0630355432859616,0.0347133757961783,0.5506952742312475,True,False,0.1616706512801923,0.1590921229852425,0.0159492664533209,0.1616595895258297,0.1588995046001398,PRIMARY
lastfm,LastFM,ItemKNN,weighted_itemknn,2,inverse-power,legacy,0.2,legacy_a0.2,intervention,0.6033079483411292,0.4709132814066078,0.5829257184373586,0.500919349010607,0.1323946669345214,0.0820063694267516,0.61940840462486,True,False,0.1616706512801923,0.1549565864169587,0.0415292745471616,0.1616595895258297,0.1545824486907275,PRIMARY
lastfm,LastFM,ItemKNN,weighted_itemknn,2,inverse-power,legacy,0.4,legacy_a0.4,intervention,0.6033079483411292,0.3461926610614728,0.5829257184373586,0.3691252938089084,0.2571152872796564,0.2138004246284501,0.831535249772628,True,False,0.1616706512801923,0.1367186384033686,0.1543385436951028,0.1616595895258297,0.1337048832271754,PRIMARY
lastfm,LastFM,ItemKNN,weighted_itemknn,2,inverse-power,legacy,0.8,legacy_a0.8,intervention,0.6033079483411292,0.0989226070934196,0.5829257184373586,0.1349427035753628,0.5043853412477096,0.4479830148619957,0.8881761189843659,True,False,0.1616706512801923,0.0866039540337081,0.4643186419555249,0.1616595895258297,0.086403043170559,PRIMARY
lastfm,LastFM,LightGCN,weighted_lightgcn,0,minimum-perturbation KL,kl,0.1,kl_lam0.1,intervention,0.6032541089172111,0.0964756364316619,0.8710361218343863,0.8170021515583776,0.5067784724855492,0.0540339702760086,0.10662246565248365,True,False,0.1369545934669171,0.1386890235758946,0.0,0.1432855626326951,0.1436040339702745,PRIMARY
lastfm,LastFM,LightGCN,weighted_lightgcn,0,minimum-perturbation KL,kl,0.5,kl_lam0.5,intervention,0.6032541089172111,0.2157522024757692,0.8710361218343863,0.8418959944458512,0.3875019064414419,0.0291401273885351,0.0751999587721736,True,False,0.1369545934669171,0.1382530903326329,0.0,0.1432855626326951,0.1436040339702746,PRIMARY
lastfm,LastFM,LightGCN,weighted_lightgcn,0,minimum-perturbation KL,kl,2.0,kl_lam2.0,intervention,0.6032541089172111,0.4355284528727479,0.8710361218343863,0.8599427035753628,0.1677256560444632,0.0110934182590234,0.06614025856654031,True,False,0.1369545934669171,0.1379073105464906,0.0,0.1432855626326951,0.1450902335456461,PRIMARY
lastfm,LastFM,LightGCN,weighted_lightgcn,0,minimum-perturbation KL,kl,8.0,kl_lam8.0,intervention,0.6032541089172111,0.5640463446269299,0.8710361218343863,0.8671613872271675,0.0392077642902811,0.0038747346072187,0.09882569632207204,True,False,0.1369545934669171,0.1371098675802569,0.0,0.1432855626326951,0.1432855626326951,PRIMARY
lastfm,LastFM,LightGCN,weighted_lightgcn,0,inverse-power,legacy,0.1,legacy_a0.1,intervention,0.6032541089172111,0.5401316419454345,0.8710361218343863,0.86493208786411,0.0631224669717765,0.0061040339702762,0.09670144820235643,True,False,0.1369545934669171,0.1370613421768177,0.0,0.1432855626326951,0.1432855626326951,PRIMARY
lastfm,LastFM,LightGCN,weighted_lightgcn,0,inverse-power,legacy,0.2,legacy_a0.2,intervention,0.6032541089172111,0.4706970075875144,0.8710361218343863,0.8578195613248321,0.1325571013296966,0.0132165605095542,0.09970465842250059,True,False,0.1369545934669171,0.1381212845578007,0.0,0.1432855626326951,0.1448779193205931,PRIMARY
lastfm,LastFM,LightGCN,weighted_lightgcn,0,inverse-power,legacy,0.4,legacy_a0.4,intervention,0.6032541089172111,0.344985954584635,0.8710361218343863,0.8442845294776983,0.2582681543325761,0.026751592356688,0.10358068506672928,True,False,0.1369545934669171,0.1395231864409243,0.0,0.1432855626326951,0.1459394904458584,PRIMARY
lastfm,LastFM,LightGCN,weighted_lightgcn,0,inverse-power,legacy,0.8,legacy_a0.8,intervention,0.6032541089172111,0.0984305471758753,0.8710361218343863,0.8032017269299276,0.5048235617413357,0.0678343949044586,0.13437248188351392,True,False,0.1369545934669171,0.1384236198324852,0.0,0.1432855626326951,0.1439225053078541,PRIMARY
lastfm,LastFM,LightGCN,weighted_lightgcn,1,minimum-perturbation KL,kl,0.1,kl_lam0.1,intervention,0.602904152661743,0.0963935595894326,0.8720976929596516,0.8163652088832185,0.5065105930723104,0.055732484076433,0.11003221815832097,True,False,0.1303208937002497,0.1332152133078624,0.0,0.1376503892427447,0.1389154281670191,PRIMARY
lastfm,LastFM,LightGCN,weighted_lightgcn,1,minimum-perturbation KL,kl,0.5,kl_lam0.5,intervention,0.602904152661743,0.2152397605890091,0.8720976929596516,0.8446560793715412,0.3876643920727339,0.0274416135881103,0.07078703680105261,True,False,0.1303208937002497,0.1333399053231564,0.0,0.1376503892427447,0.1397646850672314,PRIMARY
lastfm,LastFM,LightGCN,weighted_lightgcn,1,minimum-perturbation KL,kl,2.0,kl_lam2.0,intervention,0.602904152661743,0.4350394587500372,0.8720976929596516,0.8636051239575284,0.1678646939117058,0.0084925690021231,0.05059175222748185,True,False,0.1303208937002497,0.132936928551511,0.0,0.1376503892427447,0.1399858457183284,PRIMARY
lastfm,LastFM,LightGCN,weighted_lightgcn,1,minimum-perturbation KL,kl,8.0,kl_lam8.0,intervention,0.602904152661743,0.5637728324895577,0.8720976929596516,0.8698683935965943,0.0391313201721853,0.0022292993630572,0.05696969469079643,True,False,0.1303208937002497,0.1310467895266575,0.0,0.1376503892427447,0.1386058032554835,PRIMARY
lastfm,LastFM,LightGCN,weighted_lightgcn,1,inverse-power,legacy,0.1,legacy_a0.1,intervention,0.602904152661743,0.5399102795722442,0.8720976929596516,0.8679044870148533,0.0629938730894987,0.0041932059447982,0.06656529816543733,True,False,0.1303208937002497,0.1314139991880726,0.0,0.1376503892427447,0.1382873319179038,PRIMARY
lastfm,LastFM,LightGCN,weighted_lightgcn,1,inverse-power,legacy,0.2,legacy_a0.2,intervention,0.602904152661743,0.4706110957767217,0.8720976929596516,0.8614819817069976,0.1322930568850213,0.0106157112526539,0.0802439032146656,True,False,0.1303208937002497,0.1318777240555094,0.0,0.1376503892427447,0.138924274593063,PRIMARY
lastfm,LastFM,LightGCN,weighted_lightgcn,1,inverse-power,legacy,0.4,legacy_a0.4,intervention,0.602904152661743,0.3463223936265191,0.8720976929596516,0.8495923851040252,0.2565817590352239,0.0225053078556263,0.08771203354536493,True,False,0.1303208937002497,0.1337250549644663,0.0,0.1376503892427447,0.141250884642603,PRIMARY
lastfm,LastFM,LightGCN,weighted_lightgcn,1,inverse-power,legacy,0.8,legacy_a0.8,intervention,0.602904152661743,0.0990461573240812,0.8720976929596516,0.8034140411549806,0.5038579953376617,0.0686836518046709,0.1363154945246872,True,False,0.1303208937002497,0.1345254476337275,0.0,0.1376503892427447,0.1402158527954692,PRIMARY
lastfm,LastFM,LightGCN,weighted_lightgcn,2,minimum-perturbation KL,kl,0.1,kl_lam0.1,intervention,0.6033079483411292,0.0964622988049581,0.8692845294776983,0.8118004530445773,0.5068456495361711,0.057484076433121,0.11341534939823657,True,False,0.1304844876122776,0.1337040629787576,0.0,0.1335456475583853,0.1373230714791212,PRIMARY
lastfm,LastFM,LightGCN,weighted_lightgcn,2,minimum-perturbation KL,kl,0.5,kl_lam0.5,intervention,0.6033079483411292,0.215484086133095,0.8692845294776983,0.8409405804331124,0.3878238622080342,0.0283439490445859,0.07308459279223464,True,False,0.1304844876122776,0.1321311857653005,0.0,0.1335456475583853,0.1354387827317752,PRIMARY
lastfm,LastFM,LightGCN,weighted_lightgcn,2,minimum-perturbation KL,kl,2.0,kl_lam2.0,intervention,0.6033079483411292,0.4354287620390172,0.8692845294776983,0.8592526823439403,0.1678791863021119,0.010031847133758,0.059756348328403826,True,False,0.1304844876122776,0.132256087884643,0.0,0.1335456475583853,0.1357572540693548,PRIMARY
lastfm,LastFM,LightGCN,weighted_lightgcn,2,minimum-perturbation KL,kl,8.0,kl_lam8.0,intervention,0.6033079483411292,0.5641472647714693,0.8692845294776983,0.8660998161019021,0.0391606835696599,0.0031847133757961,0.08132425395820941,True,False,0.1304844876122776,0.1315124704975819,0.0,0.1335456475583853,0.134076433121018,PRIMARY
lastfm,LastFM,LightGCN,weighted_lightgcn,2,inverse-power,legacy,0.1,legacy_a0.1,intervention,0.6033079483411292,0.5402724050551676,0.8692845294776983,0.8638705167388447,0.0630355432859616,0.0054140127388535,0.08588825377918546,True,False,0.1304844876122776,0.1321679058100671,0.0,0.1335456475583853,0.1347399150743088,PRIMARY
lastfm,LastFM,LightGCN,weighted_lightgcn,2,inverse-power,legacy,0.2,legacy_a0.2,intervention,0.6033079483411292,0.4709132814066078,0.8692845294776983,0.8573949328747259,0.1323946669345214,0.0118895966029723,0.08980419588088509,True,False,0.1304844876122776,0.1319797505868792,0.0,0.1335456475583853,0.1354830148619946,PRIMARY
lastfm,LastFM,LightGCN,weighted_lightgcn,2,inverse-power,legacy,0.4,legacy_a0.4,intervention,0.6033079483411292,0.3461926610614728,0.8692845294776983,0.844231450921435,0.2571152872796564,0.0250530785562632,0.0974390858720654,True,False,0.1304844876122776,0.1320805252149587,0.0,0.1335456475583853,0.1359695682944079,PRIMARY
lastfm,LastFM,LightGCN,weighted_lightgcn,2,inverse-power,legacy,0.8,legacy_a0.8,intervention,0.6033079483411292,0.0989226070934196,0.8692845294776983,0.7969384572908618,0.5043853412477096,0.0723460721868365,0.14343412916773585,True,False,0.1304844876122776,0.1341687819488698,0.0,0.1335456475583853,0.1373938428874722,PRIMARY
lastfm,LastFM,NeuMF,weighted_neumf,0,minimum-perturbation KL,kl,0.1,kl_lam0.1,intervention,0.6032541089172111,0.0964756364316619,0.8795286908365094,0.8672675443396941,0.5067784724855492,0.0122611464968153,0.02419429230424725,True,False,0.1520693140339152,0.1216574768564876,0.1999866795653791,0.1594833687190357,0.1323956121726812,PRIMARY
lastfm,LastFM,NeuMF,weighted_neumf,0,minimum-perturbation KL,kl,0.5,kl_lam0.5,intervention,0.6032541089172111,0.2157522024757692,0.8795286908365094,0.8758662704543437,0.3875019064414419,0.0036624203821656,0.00945136093857916,True,False,0.1520693140339152,0.1332782579606425,0.123569019776612,0.1594833687190357,0.1411004953998572,PRIMARY
lastfm,LastFM,NeuMF,weighted_neumf,0,minimum-perturbation KL,kl,2.0,kl_lam2.0,intervention,0.6032541089172111,0.4355284528727479,0.8795286908365094,0.8839342110063608,0.1677256560444632,-0.0044055201698514,-0.026266227086233718,True,True,0.1520693140339152,0.1470179563649119,0.0332174686332625,0.1594833687190357,0.1539808917197435,PRIMARY
lastfm,LastFM,NeuMF,weighted_neumf,0,minimum-perturbation KL,kl,8.0,kl_lam8.0,intervention,0.6032541089172111,0.5640463446269299,0.8795286908365094,0.8836157396687812,0.0392077642902811,-0.0040870488322717,-0.10424080296985477,True,True,0.1520693140339152,0.1547501090599362,0.0,0.1594833687190357,0.1605449398443011,PRIMARY
lastfm,LastFM,NeuMF,weighted_neumf,0,inverse-power,legacy,0.1,legacy_a0.1,intervention,0.6032541089172111,0.5401316419454345,0.8795286908365094,0.8822356972059361,0.0631224669717765,-0.0027070063694266,-0.042884990072345634,True,True,0.1520693140339152,0.1524672692469861,0.0,0.1594833687190357,0.1577583156404794,PRIMARY
lastfm,LastFM,NeuMF,weighted_neumf,0,inverse-power,legacy,0.2,legacy_a0.2,intervention,0.6032541089172111,0.4706970075875144,0.8795286908365094,0.8815987545307769,0.1325571013296966,-0.0020700636942674,-0.015616392283041318,True,True,0.1520693140339152,0.1508067115206356,0.0083028092899662,0.1594833687190357,0.1553609341825885,PRIMARY
lastfm,LastFM,NeuMF,weighted_neumf,0,inverse-power,legacy,0.4,legacy_a0.4,intervention,0.6032541089172111,0.344985954584635,0.8795286908365094,0.8749639349978682,0.2582681543325761,0.0045647558386412,0.017674481975672035,True,False,0.1520693140339152,0.1424105526253253,0.0635155190246715,0.1594833687190357,0.1473903043170544,PRIMARY
lastfm,LastFM,NeuMF,weighted_neumf,0,inverse-power,legacy,0.8,legacy_a0.8,intervention,0.6032541089172111,0.0984305471758753,0.8795286908365094,0.8684883511337493,0.5048235617413357,0.01104033970276,0.021869699711870638,True,False,0.1520693140339152,0.1195653764458341,0.2137442244319711,0.1594833687190357,0.1317675159235659,PRIMARY
lastfm,LastFM,NeuMF,weighted_neumf,1,minimum-perturbation KL,kl,0.1,kl_lam0.1,intervention,0.602904152661743,0.0963935595894326,0.8835095825562546,0.8711422789469128,0.5065105930723104,0.0123673036093417,0.02441667317227484,True,False,0.1501572190471255,0.1147431486494225,0.2358466054608311,0.1612968860580305,0.1246372965322,PRIMARY
lastfm,LastFM,NeuMF,weighted_neumf,1,minimum-perturbation KL,kl,0.5,kl_lam0.5,intervention,0.602904152661743,0.2152397605890091,0.8835095825562546,0.8818641473120932,0.3876643920727339,0.0016454352441613,0.004244483831397602,True,False,0.1501572190471255,0.124365327697479,0.1717659098464787,0.1612968860580305,0.1357837933474865,PRIMARY
lastfm,LastFM,NeuMF,weighted_neumf,1,minimum-perturbation KL,kl,2.0,kl_lam2.0,intervention,0.602904152661743,0.4350394587500372,0.8835095825562546,0.8849957821316261,0.1678646939117058,-0.0014861995753715,-0.008853556639809069,True,True,0.1501572190471255,0.1409150152568265,0.0615501795314845,0.1612968860580305,0.1493807501769269,PRIMARY
lastfm,LastFM,NeuMF,weighted_neumf,1,minimum-perturbation KL,kl,8.0,kl_lam8.0,intervention,0.602904152661743,0.5637728324895577,0.8835095825562546,0.8827134042123055,0.0391313201721853,0.000796178343949,0.020346319532427295,True,False,0.1501572190471255,0.1469118359376591,0.0216132339827623,0.1612968860580305,0.1592975937721141,PRIMARY
lastfm,LastFM,NeuMF,weighted_neumf,1,inverse-power,legacy,0.1,legacy_a0.1,intervention,0.602904152661743,0.5399102795722442,0.8835095825562546,0.8830849541061484,0.0629938730894987,0.0004246284501061,0.00674078968763848,True,False,0.1501572190471255,0.1434201109236173,0.0448670278143191,0.1612968860580305,0.1546974522292975,PRIMARY
lastfm,LastFM,NeuMF,weighted_neumf,1,inverse-power,legacy,0.2,legacy_a0.2,intervention,0.602904152661743,0.4706110957767217,0.8835095825562546,0.8797940836178257,0.1322930568850213,0.0037154989384288,0.02808536612513247,True,False,0.1501572190471255,0.1441166962043316,0.0402279882454277,0.1612968860580305,0.1529635527246975,PRIMARY
lastfm,LastFM,NeuMF,weighted_neumf,1,inverse-power,legacy,0.4,legacy_a0.4,intervention,0.602904152661743,0.3463223936265191,0.8835095825562546,0.8733184997537069,0.2565817590352239,0.0101910828025476,0.039718656699787275,True,False,0.1501572190471255,0.1367345601156857,0.089390700071684,0.1612968860580305,0.1494692144373657,PRIMARY
lastfm,LastFM,NeuMF,weighted_neumf,1,inverse-power,legacy,0.8,legacy_a0.8,intervention,0.602904152661743,0.0990461573240812,0.8835095825562546,0.8682229583524329,0.5038579953376617,0.0152866242038216,0.030339151795293492,True,False,0.1501572190471255,0.1125214443127564,0.2506424597711645,0.1612968860580305,0.1208421797593763,PRIMARY
lastfm,LastFM,NeuMF,weighted_neumf,2,minimum-perturbation KL,kl,0.1,kl_lam0.1,intervention,0.6033079483411292,0.0964622988049581,0.8925860156772737,0.8701868649341737,0.5068456495361711,0.0223991507430999,0.044193238639017626,True,False,0.1486647688074476,0.113816488067226,0.2344084682589294,0.1576256192498213,0.1221956829440897,PRIMARY
lastfm,LastFM,NeuMF,weighted_neumf,2,minimum-perturbation KL,kl,0.5,kl_lam0.5,intervention,0.6033079483411292,0.215484086133095,0.8925860156772737,0.8788917481613501,0.3878238622080342,0.0136942675159236,0.035310533596248396,True,False,0.1486647688074476,0.1257585831791102,0.1540794487630475,0.1576256192498213,0.1360314932767151,PRIMARY
lastfm,LastFM,NeuMF,weighted_neumf,2,minimum-perturbation KL,kl,2.0,kl_lam2.0,intervention,0.6033079483411292,0.4354287620390172,0.8925860156772737,0.890515951983006,0.1678791863021119,0.0020700636942676,0.012330675051893308,True,False,0.1486647688074476,0.1392322937780738,0.0634479514214351,0.1576256192498213,0.1469302901627729,PRIMARY
lastfm,LastFM,NeuMF,weighted_neumf,2,minimum-perturbation KL,kl,8.0,kl_lam8.0,intervention,0.6033079483411292,0.5641472647714693,0.8925860156772737,0.8925860156772737,0.0391606835696599,0.0,0.0,True,True,0.1486647688074476,0.148546314010648,0.0007967913161257,0.1576256192498213,0.1572009907997153,PRIMARY
lastfm,LastFM,NeuMF,weighted_neumf,2,inverse-power,legacy,0.1,legacy_a0.1,intervention,0.6033079483411292,0.5402724050551676,0.8925860156772737,0.8860573532568916,0.0630355432859616,0.006528662420382,0.1035711295572505,True,False,0.1486647688074476,0.1455127017885708,0.0212025151901287,0.1576256192498213,0.151910828025476,PRIMARY
lastfm,LastFM,NeuMF,weighted_neumf,2,inverse-power,legacy,0.2,legacy_a0.2,intervention,0.6033079483411292,0.4709132814066078,0.8925860156772737,0.8900382449766367,0.1323946669345214,0.0025477707006369,0.0192437562601895,True,False,0.1486647688074476,0.143091397894565,0.0374895206012212,0.1576256192498213,0.1512119603680099,PRIMARY
lastfm,LastFM,NeuMF,weighted_neumf,2,inverse-power,legacy,0.4,legacy_a0.4,intervention,0.6033079483411292,0.3461926610614728,0.8925860156772737,0.8672144657834308,0.2571152872796564,0.0253715498938429,0.09867771831959196,True,False,0.1486647688074476,0.1356022908103922,0.0878653234511406,0.1576256192498213,0.1420116772823766,PRIMARY
lastfm,LastFM,NeuMF,weighted_neumf,2,inverse-power,legacy,0.8,legacy_a0.8,intervention,0.6033079483411292,0.0989226070934196,0.8925860156772737,0.8627558670573161,0.5043853412477096,0.0298301486199575,0.059141585174077374,True,False,0.1486647688074476,0.1159708602709494,0.2199169904124611,0.1576256192498213,0.1247434536447266,PRIMARY
lastfm,LastFM,NGCF,weighted_ngcf,0,minimum-perturbation KL,kl,0.1,kl_lam0.1,intervention,0.6032541089172111,0.0964756364316619,0.8561210475244074,0.831227204636934,0.5067784724855492,0.0248938428874734,0.04912174498135031,True,False,0.1562814935573171,0.134930556863825,0.1366184581903899,0.1661270346779882,0.1448425336164174,PRIMARY
lastfm,LastFM,NGCF,weighted_ngcf,0,minimum-perturbation KL,kl,0.5,kl_lam0.5,intervention,0.6032541089172111,0.2157522024757692,0.8561210475244074,0.8382866526199488,0.3875019064414419,0.0178343949044585,0.04602401848351572,True,False,0.1562814935573171,0.1388986047766917,0.1112280692035369,0.1661270346779882,0.1499911535739544,PRIMARY
lastfm,LastFM,NGCF,weighted_ngcf,0,minimum-perturbation KL,kl,2.0,kl_lam2.0,intervention,0.6032541089172111,0.4355284528727479,0.8561210475244074,0.8502293277791845,0.1677256560444632,0.0058917197452229,0.03512712297074596,True,False,0.1562814935573171,0.1502648467297286,0.038498779929959,0.1661270346779882,0.1610049539985827,PRIMARY
lastfm,LastFM,NGCF,weighted_ngcf,0,minimum-perturbation KL,kl,8.0,kl_lam8.0,intervention,0.6032541089172111,0.5640463446269299,0.8561210475244074,0.8559087332993544,0.0392077642902811,0.000212314225053,0.0054151066477827435,True,False,0.1562814935573171,0.1542082793960927,0.013265896774041,0.1661270346779882,0.1638711960367992,PRIMARY
lastfm,LastFM,NGCF,weighted_ngcf,0,inverse-power,legacy,0.1,legacy_a0.1,intervention,0.6032541089172111,0.5401316419454345,0.8561210475244074,0.8543694551677196,0.0631224669717765,0.0017515923566878,0.027749111223282465,True,False,0.1562814935573171,0.1532415011568365,0.0194520306357681,0.1661270346779882,0.1629157820240604,PRIMARY
lastfm,LastFM,NGCF,weighted_ngcf,0,inverse-power,legacy,0.2,legacy_a0.2,intervention,0.6032541089172111,0.4706970075875144,0.8561210475244074,0.8496454636602884,0.1325571013296966,0.006475583864119,0.048851278423876356,True,False,0.1562814935573171,0.1518695455305197,0.028230777210862,0.1661270346779882,0.1622523000707694,PRIMARY
lastfm,LastFM,NGCF,weighted_ngcf,0,inverse-power,legacy,0.4,legacy_a0.4,intervention,0.6032541089172111,0.344985954584635,0.8561210475244074,0.8389235952951081,0.2582681543325761,0.0171974522292993,0.06658758325718261,True,False,0.1562814935573171,0.1460001199534465,0.0657875310111485,0.1661270346779882,0.1568648266100477,PRIMARY
lastfm,LastFM,NGCF,weighted_ngcf,0,inverse-power,legacy,0.8,legacy_a0.8,intervention,0.6032541089172111,0.0984305471758753,0.8561210475244074,0.8242739137664457,0.5048235617413357,0.0318471337579617,0.06308567224578102,True,False,0.1562814935573171,0.1342441746473694,0.1410104191374733,0.1661270346779882,0.1449752300070756,PRIMARY
lastfm,LastFM,NGCF,weighted_ngcf,1,minimum-perturbation KL,kl,0.1,kl_lam0.1,intervention,0.602904152661743,0.0963935595894326,0.8524055485859785,0.8252824063354478,0.5065105930723104,0.0271231422505306,0.05354901283704929,True,False,0.1497302900830791,0.1324409771375936,0.1154697084730978,0.1599522292993613,0.1458598726114634,PRIMARY
lastfm,LastFM,NGCF,weighted_ngcf,1,minimum-perturbation KL,kl,0.5,kl_lam0.5,intervention,0.602904152661743,0.2152397605890091,0.8524055485859785,0.8329787969936219,0.3876643920727339,0.0194267515923566,0.050112292977147456,True,False,0.1497302900830791,0.1353677588825508,0.0959226833298668,0.1599522292993613,0.1480360934182574,PRIMARY
lastfm,LastFM,NGCF,weighted_ngcf,1,minimum-perturbation KL,kl,2.0,kl_lam2.0,intervention,0.602904152661743,0.4350394587500372,0.8524055485859785,0.8446560793715412,0.1678646939117058,0.0077494692144373,0.04616497390757701,True,False,0.1497302900830791,0.1438542659506162,0.0392440576265663,0.1599522292993613,0.1555378627034661,PRIMARY
lastfm,LastFM,NGCF,weighted_ngcf,1,minimum-perturbation KL,kl,8.0,kl_lam8.0,intervention,0.602904152661743,0.5637728324895577,0.8524055485859785,0.849963934997868,0.0391313201721853,0.0024416135881104,0.062395379899447115,True,False,0.1497302900830791,0.1475346355579347,0.0146640637904738,0.1599522292993613,0.1583421797593754,PRIMARY
lastfm,LastFM,NGCF,weighted_ngcf,1,inverse-power,legacy,0.1,legacy_a0.1,intervention,0.602904152661743,0.5399102795722442,0.8524055485859785,0.8490615995413926,0.0629938730894987,0.0033439490445859,0.05308371879015878,True,False,0.1497302900830791,0.1479086346717285,0.0121662451220782,0.1599522292993613,0.1592091295116754,PRIMARY
lastfm,LastFM,NGCF,weighted_ngcf,1,inverse-power,legacy,0.2,legacy_a0.2,intervention,0.602904152661743,0.4706110957767217,0.8524055485859785,0.844815315040331,0.1322930568850213,0.0075902335456474,0.05737439079848486,True,False,0.1497302900830791,0.1455049695942476,0.0282195438644177,0.1599522292993613,0.1564932767162049,PRIMARY
lastfm,LastFM,NGCF,weighted_ngcf,1,inverse-power,legacy,0.4,legacy_a0.4,intervention,0.602904152661743,0.3463223936265191,0.8524055485859785,0.8346242322377833,0.2565817590352239,0.0177813163481952,0.06930078122098367,True,False,0.1497302900830791,0.1399624087575696,0.0652365083917867,0.1599522292993613,0.1528839348903027,PRIMARY
lastfm,LastFM,NGCF,weighted_ngcf,1,inverse-power,legacy,0.8,legacy_a0.8,intervention,0.602904152661743,0.0990461573240812,0.8524055485859785,0.8201868649341739,0.5038579953376617,0.0322186836518045,0.0639439761796636,True,False,0.1497302900830791,0.1302770467456238,0.1299218970768141,0.1599522292993613,0.1424628450106143,PRIMARY
lastfm,LastFM,NGCF,weighted_ngcf,2,minimum-perturbation KL,kl,0.1,kl_lam0.1,intervention,0.6033079483411292,0.0964622988049581,0.855643340518038,0.8362696674819445,0.5068456495361711,0.0193736730360934,0.038224009723320705,True,False,0.1520944122255924,0.1380910684042075,0.0920700742155775,0.1608899504600122,0.1469125973106851,PRIMARY
lastfm,LastFM,NGCF,weighted_ngcf,2,minimum-perturbation KL,kl,0.5,kl_lam0.5,intervention,0.6033079483411292,0.215484086133095,0.855643340518038,0.8392420666326876,0.3878238622080342,0.0164012738853503,0.04229052279550665,True,False,0.1520944122255924,0.1413489698626852,0.0706498168188397,0.1608899504600122,0.1492745930644004,PRIMARY
lastfm,LastFM,NGCF,weighted_ngcf,2,minimum-perturbation KL,kl,2.0,kl_lam2.0,intervention,0.6033079483411292,0.4354287620390172,0.855643340518038,0.846991535847125,0.1678791863021119,0.0086518046709129,0.0515358982938081,True,False,0.1520944122255924,0.1485286166819923,0.0234446189798951,0.1608899504600122,0.1562544232130203,PRIMARY
lastfm,LastFM,NGCF,weighted_ngcf,2,minimum-perturbation KL,kl,8.0,kl_lam8.0,intervention,0.6033079483411292,0.5641472647714693,0.855643340518038,0.8532017269299277,0.0391606835696599,0.0024416135881103,0.062348594701292774,True,False,0.1520944122255924,0.1509563545038758,0.0074825741791788,0.1608899504600122,0.1582802547770683,PRIMARY
lastfm,LastFM,NGCF,weighted_ngcf,2,inverse-power,legacy,0.1,legacy_a0.1,intervention,0.6033079483411292,0.5402724050551676,0.855643340518038,0.8512908989044499,0.0630355432859616,0.0043524416135881,0.06904741970483524,True,False,0.1520944122255924,0.1512478989006983,0.0055657095649148,0.1608899504600122,0.1576786978060847,PRIMARY
lastfm,LastFM,NGCF,weighted_ngcf,2,inverse-power,legacy,0.2,legacy_a0.2,intervention,0.6033079483411292,0.4709132814066078,0.855643340518038,0.8459830432781229,0.1323946669345214,0.0096602972399151,0.07296590915321993,True,False,0.1520944122255924,0.1502740834837785,0.011968413008585,0.1608899504600122,0.1584571832979459,PRIMARY
lastfm,LastFM,NGCF,weighted_ngcf,2,inverse-power,legacy,0.4,legacy_a0.4,intervention,0.6033079483411292,0.3461926610614728,0.855643340518038,0.8364289031507344,0.2571152872796564,0.0192144373673036,0.07473082433408422,True,False,0.1520944122255924,0.1456456440761036,0.0423997703474057,0.1608899504600122,0.1532289455060141,PRIMARY
lastfm,LastFM,NGCF,weighted_ngcf,2,inverse-power,legacy,0.8,legacy_a0.8,intervention,0.6033079483411292,0.0989226070934196,0.855643340518038,0.8344649965689934,0.5043853412477096,0.0211783439490446,0.04198842079084861,True,False,0.1520944122255924,0.1374923950877365,0.0960062695544505,0.1608899504600122,0.147204529370133,PRIMARY
ml1m,MovieLens-1M,BPR,weighted_bpr,0,minimum-perturbation KL,kl,0.1,kl_lam0.1,intervention,0.4817793780856189,0.066251857047852,0.6678660918934466,0.3783462243437777,0.4155275210377668,0.2895198675496688,0.6967525684618966,True,False,0.2599430351803069,0.1647471513976006,0.3662182513052315,0.1681131708644845,0.116073802964551,PRIMARY
ml1m,MovieLens-1M,BPR,weighted_bpr,0,minimum-perturbation KL,kl,0.5,kl_lam0.5,intervention,0.4817793780856189,0.1720720050023317,0.6678660918934466,0.5298694031517248,0.3097073730832871,0.1379966887417217,0.44557120926085075,True,False,0.2599430351803069,0.1993515898323693,0.2330950906451829,0.1681131708644845,0.1342657841838385,PRIMARY
ml1m,MovieLens-1M,BPR,weighted_bpr,0,minimum-perturbation KL,kl,2.0,kl_lam2.0,intervention,0.4817793780856189,0.3716493838966107,0.6678660918934466,0.6355978799729167,0.1101299941890081,0.0322682119205298,0.29300112252026655,True,False,0.2599430351803069,0.2426005459695305,0.0667164988619407,0.1681131708644845,0.1562016978308735,PRIMARY
ml1m,MovieLens-1M,BPR,weighted_bpr,0,minimum-perturbation KL,kl,8.0,kl_lam8.0,intervention,0.4817793780856189,0.4601117765798128,0.6678660918934466,0.647601191231195,0.0216676015058061,0.0202649006622516,0.935262754247228,True,False,0.2599430351803069,0.2556764162681995,0.0164136688992184,0.1681131708644845,0.1655074058965638,PRIMARY
ml1m,MovieLens-1M,BPR,weighted_bpr,0,inverse-power,legacy,0.1,legacy_a0.1,intervention,0.4817793780856189,0.4470011189765671,0.6678660918934466,0.6533627806351685,0.0347782591090517,0.014503311258278,0.41702234757642714,True,False,0.2599430351803069,0.2539010307539238,0.0232435711239276,0.1681131708644845,0.1618899076596179,PRIMARY
ml1m,MovieLens-1M,BPR,weighted_bpr,0,inverse-power,legacy,0.2,legacy_a0.2,intervention,0.4817793780856189,0.4081331695788509,0.6678660918934466,0.6291991614218312,0.0736462085067679,0.0386669304716154,0.5250362680661559,True,False,0.2599430351803069,0.2466963642185151,0.0509598995510818,0.1681131708644845,0.1581207196141099,PRIMARY
ml1m,MovieLens-1M,BPR,weighted_bpr,0,inverse-power,legacy,0.4,legacy_a0.4,intervention,0.4817793780856189,0.3183726014641878,0.6678660918934466,0.5728912144019638,0.1634067766214311,0.0949748774914828,0.5812174957193708,True,False,0.2599430351803069,0.2271025739944334,0.1263371459946755,0.1681131708644845,0.1474129678780787,PRIMARY
ml1m,MovieLens-1M,BPR,weighted_bpr,0,inverse-power,legacy,0.8,legacy_a0.8,intervention,0.4817793780856189,0.1131798963540563,0.6678660918934466,0.3922786316205067,0.3685994817315625,0.2755874602729399,0.7476610085785204,True,False,0.2599430351803069,0.1671158611030071,0.3571058328718489,0.1681131708644845,0.1104183837014263,PRIMARY
ml1m,MovieLens-1M,BPR,weighted_bpr,1,minimum-perturbation KL,kl,0.1,kl_lam0.1,intervention,0.4814615405725981,0.0661861306200866,0.6776343038139765,0.4127998667278836,0.4152754099525115,0.2648344370860928,0.6377320465865718,True,False,0.2561662355457884,0.1604199753806336,0.3737661208986327,0.1641492094027662,0.1103219287414543,PRIMARY
ml1m,MovieLens-1M,BPR,weighted_bpr,1,minimum-perturbation KL,kl,0.5,kl_lam0.5,intervention,0.4814615405725981,0.1720981497773575,0.6776343038139765,0.5195051647411287,0.3093633907952406,0.1581291390728477,0.5111436704464788,True,False,0.2561662355457884,0.1961992440328168,0.2340940498469902,0.1641492094027662,0.1317491255467452,PRIMARY
ml1m,MovieLens-1M,BPR,weighted_bpr,1,minimum-perturbation KL,kl,2.0,kl_lam2.0,intervention,0.4814615405725981,0.3714711922887127,0.6776343038139765,0.6284455620921221,0.1099903482838854,0.0491887417218543,0.44720961874671056,True,False,0.2561662355457884,0.2421329865373086,0.0547818059572939,0.1641492094027662,0.1552034191007983,PRIMARY
ml1m,MovieLens-1M,BPR,weighted_bpr,1,minimum-perturbation KL,kl,8.0,kl_lam8.0,intervention,0.4814615405725981,0.4597752383212047,0.6776343038139765,0.6739753634166255,0.0216863022513934,0.003658940397351,0.16872126722829864,True,False,0.2561662355457884,0.2545113568972527,0.006460174757262,0.1641492094027662,0.1624526159375286,PRIMARY
ml1m,MovieLens-1M,BPR,weighted_bpr,1,inverse-power,legacy,0.1,legacy_a0.1,intervention,0.4814615405725981,0.4466473815339384,0.6776343038139765,0.6588263567941088,0.0348141590386597,0.0188079470198676,0.5402384414623413,True,False,0.2561662355457884,0.2527451725734411,0.0133548551590273,0.1641492094027662,0.1617110456933938,PRIMARY
ml1m,MovieLens-1M,BPR,weighted_bpr,1,inverse-power,legacy,0.2,legacy_a0.2,intervention,0.4814615405725981,0.4077495386384426,0.6776343038139765,0.6339508170509703,0.0737120019341555,0.0436834867630061,0.5926238009656436,True,False,0.2561662355457884,0.2469821320538695,0.035852123416465,0.1641492094027662,0.1588886232038701,PRIMARY
ml1m,MovieLens-1M,BPR,weighted_bpr,1,inverse-power,legacy,0.4,legacy_a0.4,intervention,0.4814615405725981,0.3179661940755791,0.6776343038139765,0.5973448567860696,0.163495346497019,0.0802894470279068,0.4910809313424142,True,False,0.2561662355457884,0.2286782897309651,0.1073051089510581,0.1641492094027662,0.1453632087532922,PRIMARY
ml1m,MovieLens-1M,BPR,weighted_bpr,1,inverse-power,legacy,0.8,legacy_a0.8,intervention,0.4814615405725981,0.1128492315670116,0.6776343038139765,0.5435448998404664,0.3686123090055865,0.1340894039735101,0.3637681127232187,True,False,0.2561662355457884,0.1650808913216849,0.3555712329926574,0.1641492094027662,0.0995471113755226,PRIMARY
ml1m,MovieLens-1M,BPR,weighted_bpr,2,minimum-perturbation KL,kl,0.1,kl_lam0.1,intervention,0.4816974356017932,0.0662317677626337,0.6781641051384797,0.4100018534828505,0.4154656678391594,0.2681622516556291,0.645449846795629,True,False,0.256230755100286,0.1625216338805849,0.3657215980299647,0.1625871733644189,0.1095988271875026,PRIMARY
ml1m,MovieLens-1M,BPR,weighted_bpr,2,minimum-perturbation KL,kl,0.5,kl_lam0.5,intervention,0.4816974356017932,0.1720926884983751,0.6781641051384797,0.531558144873579,0.3096047471034181,0.1466059602649007,0.4735262028005323,True,False,0.256230755100286,0.1976127156348971,0.2287705058764177,0.1625871733644189,0.1303569318649385,PRIMARY
ml1m,MovieLens-1M,BPR,weighted_bpr,2,minimum-perturbation KL,kl,2.0,kl_lam2.0,intervention,0.4816974356017932,0.3716097905816235,0.6781641051384797,0.6378329793106651,0.1100876450201697,0.0403311258278146,0.36635469693647577,True,False,0.256230755100286,0.2403228521623436,0.0620842838780856,0.1625871733644189,0.1503664107050137,PRIMARY
ml1m,MovieLens-1M,BPR,weighted_bpr,2,minimum-perturbation KL,kl,8.0,kl_lam8.0,intervention,0.4816974356017932,0.4600216625567528,0.6781641051384797,0.6822700654033804,0.0216757730450404,-0.0041059602649007,-0.1894262435931981,True,True,0.256230755100286,0.2531567640681896,0.0119969635608079,0.1625871733644189,0.1580264859918332,PRIMARY
ml1m,MovieLens-1M,BPR,weighted_bpr,2,inverse-power,legacy,0.1,legacy_a0.1,intervention,0.4816974356017932,0.4469041983399774,0.6781641051384797,0.6665912574563605,0.0347932372618157,0.0115728476821191,0.33261773243560394,True,False,0.256230755100286,0.2514208260849667,0.0187718644993913,0.1625871733644189,0.1572681586224441,PRIMARY
ml1m,MovieLens-1M,BPR,weighted_bpr,2,inverse-power,legacy,0.2,legacy_a0.2,intervention,0.4816974356017932,0.4080225448035451,0.6781641051384797,0.6329243269847451,0.073674890798248,0.0452397781537345,0.6140460835920276,True,False,0.256230755100286,0.2448016419627392,0.0446047670314733,0.1625871733644189,0.153270158380041,PRIMARY
ml1m,MovieLens-1M,BPR,weighted_bpr,2,inverse-power,legacy,0.4,legacy_a0.4,intervention,0.4816974356017932,0.3182457720082206,0.6781641051384797,0.5773614130774604,0.1634516635935726,0.1008026920610193,0.6167125488038359,True,False,0.256230755100286,0.2282855292822683,0.1090627306120229,0.1625871733644189,0.1454186474920642,PRIMARY
ml1m,MovieLens-1M,BPR,weighted_bpr,2,inverse-power,legacy,0.8,legacy_a0.8,intervention,0.4816974356017932,0.1130517558680554,0.6781641051384797,0.418967373342361,0.3686456797337377,0.2591967317961186,0.7031053015006958,True,False,0.256230755100286,0.1640613532130686,0.3597124859236481,0.1625871733644189,0.1045166496773887,PRIMARY
ml1m,MovieLens-1M,ItemKNN,weighted_itemknn,0,minimum-perturbation KL,kl,0.1,kl_lam0.1,intervention,0.4817793780856189,0.066251857047852,0.7438429130854995,0.3512601316285459,0.4155275210377668,0.3925827814569536,0.9447816608548347,True,False,0.2582006584252848,0.1709782228437257,0.3378087264126732,0.1668385080189374,0.1222514608297931,PRIMARY
ml1m,MovieLens-1M,ItemKNN,weighted_itemknn,0,minimum-perturbation KL,kl,0.5,kl_lam0.5,intervention,0.4817793780856189,0.1720720050023317,0.7438429130854995,0.5460117872576851,0.3097073730832871,0.1978311258278144,0.6387678919565576,True,False,0.2582006584252848,0.2231326347525791,0.135816941314475,0.1668385080189374,0.1482591195491101,PRIMARY
ml1m,MovieLens-1M,ItemKNN,weighted_itemknn,0,minimum-perturbation KL,kl,2.0,kl_lam2.0,intervention,0.4817793780856189,0.3716493838966107,0.7438429130854995,0.6926674163967579,0.1101299941890081,0.0511754966887416,0.46468264223198646,True,False,0.2582006584252848,0.2562371732995691,0.0076044931011821,0.1668385080189374,0.1650385254505572,PRIMARY
ml1m,MovieLens-1M,ItemKNN,weighted_itemknn,0,minimum-perturbation KL,kl,8.0,kl_lam8.0,intervention,0.4817793780856189,0.4601117765798128,0.7438429130854995,0.7301839726881485,0.0216676015058061,0.013658940397351,0.6303854348480112,True,False,0.2582006584252848,0.257911078664609,0.001121529907948,0.1668385080189374,0.166326697332675,PRIMARY
ml1m,MovieLens-1M,ItemKNN,weighted_itemknn,0,inverse-power,legacy,0.1,legacy_a0.1,intervention,0.4817793780856189,0.4470011189765671,0.7438429130854995,0.719604502489473,0.0347782591090517,0.0242384105960264,0.6969414575934854,True,False,0.2582006584252848,0.2579629395579769,0.0009206749074837,0.1668385080189374,0.1658679294917897,PRIMARY
ml1m,MovieLens-1M,ItemKNN,weighted_itemknn,0,inverse-power,legacy,0.2,legacy_a0.2,intervention,0.4817793780856189,0.4081331695788509,0.7438429130854995,0.6887435753371552,0.0736462085067679,0.0550993377483443,0.7481625852236617,True,False,0.2582006584252848,0.2568198957733826,0.005347634124263,0.1668385080189374,0.1652285694779434,PRIMARY
ml1m,MovieLens-1M,ItemKNN,weighted_itemknn,0,inverse-power,legacy,0.4,legacy_a0.4,intervention,0.4817793780856189,0.3183726014641878,0.7438429130854995,0.6225104196999769,0.1634067766214311,0.1213324933855226,0.7425181249772577,True,False,0.2582006584252848,0.2467849550520248,0.044212526191382,0.1668385080189374,0.1598234271436144,PRIMARY
ml1m,MovieLens-1M,ItemKNN,weighted_itemknn,0,inverse-power,legacy,0.8,legacy_a0.8,intervention,0.4817793780856189,0.1131798963540563,0.7438429130854995,0.3746461812893809,0.3685994817315625,0.3691967317961186,1.0016203225836087,False,False,0.2582006584252848,0.1722886130908288,0.3327336415732506,0.1668385080189374,0.1248512525766899,PRIMARY
ml1m,MovieLens-1M,ItemKNN,weighted_itemknn,1,minimum-perturbation KL,kl,0.1,kl_lam0.1,intervention,0.4814615405725981,0.0661861306200866,0.7416243700391421,0.3532634428868241,0.4152754099525115,0.3883609271523179,0.9351888357577652,True,False,0.2557631931364916,0.1683827347209151,0.3416459473468673,0.1628891303175126,0.1209521667835008,PRIMARY
ml1m,MovieLens-1M,ItemKNN,weighted_itemknn,1,minimum-perturbation KL,kl,0.5,kl_lam0.5,intervention,0.4814615405725981,0.1720981497773575,0.7416243700391421,0.5484786746749035,0.3093633907952406,0.1931456953642385,0.6243327462494633,True,False,0.2557631931364916,0.2204537778930337,0.138055107970968,0.1628891303175126,0.1444846847909656,PRIMARY
ml1m,MovieLens-1M,ItemKNN,weighted_itemknn,1,minimum-perturbation KL,kl,2.0,kl_lam2.0,intervention,0.4814615405725981,0.3714711922887127,0.7416243700391421,0.692468740900069,0.1099903482838854,0.049155629139073,0.44690856885189767,True,False,0.2557631931364916,0.2528875443606245,0.0112434034803923,0.1628891303175126,0.1607584830020635,PRIMARY
ml1m,MovieLens-1M,ItemKNN,weighted_itemknn,1,minimum-perturbation KL,kl,8.0,kl_lam8.0,intervention,0.4814615405725981,0.4597752383212047,0.7416243700391421,0.7279819859331818,0.0216863022513934,0.0136423841059603,0.6290783900276841,True,False,0.2557631931364916,0.2553984718125942,0.0014260117705945,0.1628891303175126,0.1618905387222128,PRIMARY
ml1m,MovieLens-1M,ItemKNN,weighted_itemknn,1,inverse-power,legacy,0.1,legacy_a0.1,intervention,0.4814615405725981,0.4466473815339384,0.7416243700391421,0.7174356283172877,0.0348141590386597,0.0241887417218543,0.6947960941694352,True,False,0.2557631931364916,0.2553156215321451,0.0017499453258219,0.1628891303175126,0.161701466737215,PRIMARY
ml1m,MovieLens-1M,ItemKNN,weighted_itemknn,1,inverse-power,legacy,0.2,legacy_a0.2,intervention,0.4814615405725981,0.4077495386384426,0.7416243700391421,0.6878164230192745,0.0737120019341555,0.0538079470198675,0.7299753853915454,True,False,0.2557631931364916,0.253173849006476,0.0101239904704889,0.1628891303175126,0.1609199732785707,PRIMARY
ml1m,MovieLens-1M,ItemKNN,weighted_itemknn,1,inverse-power,legacy,0.4,legacy_a0.4,intervention,0.4814615405725981,0.3179661940755791,0.7416243700391421,0.6242322740046127,0.163495346497019,0.1173920960345293,0.7180149071500925,True,False,0.2557631931364916,0.2442492462590627,0.0450179978449217,0.1628891303175126,0.1568077004055774,PRIMARY
ml1m,MovieLens-1M,ItemKNN,weighted_itemknn,1,inverse-power,legacy,0.8,legacy_a0.8,intervention,0.4814615405725981,0.1128492315670116,0.7416243700391421,0.3804077706933544,0.3686123090055865,0.3612165993457876,0.979936346456388,True,False,0.2557631931364916,0.1698358336129603,0.3359645243312042,0.1628891303175126,0.1226994769117328,PRIMARY
ml1m,MovieLens-1M,ItemKNN,weighted_itemknn,2,minimum-perturbation KL,kl,0.1,kl_lam0.1,intervention,0.4816974356017932,0.0662317677626337,0.7451674163967579,0.3530647673901353,0.4154656678391594,0.3921026490066225,0.9437666680040059,True,False,0.2562397915744696,0.1662441348280094,0.3512165545931814,0.1622602577318473,0.119192145089379,PRIMARY
ml1m,MovieLens-1M,ItemKNN,weighted_itemknn,2,minimum-perturbation KL,kl,0.5,kl_lam0.5,intervention,0.4816974356017932,0.1720926884983751,0.7451674163967579,0.5505978799729168,0.3096047471034181,0.1945695364238411,0.6284449390527223,True,False,0.2562397915744696,0.2196897377533677,0.142640038834404,0.1622602577318473,0.1456189412945847,PRIMARY
ml1m,MovieLens-1M,ItemKNN,weighted_itemknn,2,minimum-perturbation KL,kl,2.0,kl_lam2.0,intervention,0.4816974356017932,0.3716097905816235,0.7451674163967579,0.6960614561318572,0.1100876450201697,0.0491059602649006,0.44606241014514986,True,False,0.2562397915744696,0.2534498663215913,0.0108879469333611,0.1622602577318473,0.1609950080192898,PRIMARY
ml1m,MovieLens-1M,ItemKNN,weighted_itemknn,2,minimum-perturbation KL,kl,8.0,kl_lam8.0,intervention,0.4816974356017932,0.4600216625567528,0.7451674163967579,0.7323362905689433,0.0216757730450404,0.0128311258278145,0.5919570112287353,True,False,0.2562397915744696,0.256460266388975,0.0,0.1622602577318473,0.1625124717072114,PRIMARY
ml1m,MovieLens-1M,ItemKNN,weighted_itemknn,2,inverse-power,legacy,0.1,legacy_a0.1,intervention,0.4816974356017932,0.4469041983399774,0.7451674163967579,0.7215415885821883,0.0347932372618157,0.0236258278145695,0.6790350560595285,True,False,0.2562397915744696,0.2562143491317757,9.929153679681127e-05,0.1622602577318473,0.1624508992187923,PRIMARY
ml1m,MovieLens-1M,ItemKNN,weighted_itemknn,2,inverse-power,legacy,0.2,legacy_a0.2,intervention,0.4816974356017932,0.4080225448035451,0.7451674163967579,0.6923197342775526,0.073674890798248,0.0528476821192053,0.7173092697744727,True,False,0.2562397915744696,0.253912013943906,0.0090843721666354,0.1622602577318473,0.1611097397901083,PRIMARY
ml1m,MovieLens-1M,ItemKNN,weighted_itemknn,2,inverse-power,legacy,0.4,legacy_a0.4,intervention,0.4816974356017932,0.3182457720082206,0.7451674163967579,0.6238845918854075,0.1634516635935726,0.1212828245113504,0.7420103402124052,True,False,0.2562397915744696,0.2434160566576056,0.0500458372919691,0.1622602577318473,0.1575441559861499,PRIMARY
ml1m,MovieLens-1M,ItemKNN,weighted_itemknn,2,inverse-power,legacy,0.8,legacy_a0.8,intervention,0.4816974356017932,0.1130517558680554,0.7451674163967579,0.377692538905275,0.3686456797337377,0.3674748774914829,0.9968240445863886,True,False,0.2562397915744696,0.1689330712874057,0.3407227259693208,0.1622602577318473,0.1223966765800573,PRIMARY
ml1m,MovieLens-1M,LightGCN,weighted_lightgcn,0,minimum-perturbation KL,kl,0.1,kl_lam0.1,intervention,0.4817793780856189,0.066251857047852,0.7906806614298704,0.756260131628546,0.4155275210377668,0.0344205298013243,0.08283574025460484,True,False,0.23932702055671,0.2407359980028167,0.0,0.1479146318643059,0.1482931266921996,PRIMARY
ml1m,MovieLens-1M,LightGCN,weighted_lightgcn,0,minimum-perturbation KL,kl,0.5,kl_lam0.5,intervention,0.4817793780856189,0.1720720050023317,0.7906806614298704,0.7714919197080161,0.3097073730832871,0.0191887417218542,0.06195765225354815,True,False,0.23932702055671,0.2407847405787615,0.0,0.1479146318643059,0.1489900942897266,PRIMARY
ml1m,MovieLens-1M,LightGCN,weighted_lightgcn,0,minimum-perturbation KL,kl,2.0,kl_lam2.0,intervention,0.4817793780856189,0.3716493838966107,0.7906806614298704,0.7792733766616585,0.1101299941890081,0.0114072847682118,0.1035801813322019,True,False,0.23932702055671,0.2394204963822667,0.0,0.1479146318643059,0.1483479660204966,PRIMARY
ml1m,MovieLens-1M,LightGCN,weighted_lightgcn,0,minimum-perturbation KL,kl,8.0,kl_lam8.0,intervention,0.4817793780856189,0.4601117765798128,0.7906806614298704,0.7865415885821884,0.0216676015058061,0.004139072847682,0.19102588934787657,True,False,0.23932702055671,0.2391998391860064,0.0005314125016378,0.1479146318643059,0.1480260743549548,PRIMARY
ml1m,MovieLens-1M,LightGCN,weighted_lightgcn,0,inverse-power,legacy,0.1,legacy_a0.1,intervention,0.4817793780856189,0.4470011189765671,0.7906806614298704,0.7836276812974201,0.0347782591090517,0.0070529801324502,0.2027985388899046,True,False,0.23932702055671,0.239397319636671,0.0,0.1479146318643059,0.1481315393271577,PRIMARY
ml1m,MovieLens-1M,LightGCN,weighted_lightgcn,0,inverse-power,legacy,0.2,legacy_a0.2,intervention,0.4817793780856189,0.4081331695788509,0.7906806614298704,0.7770382773239102,0.0736462085067679,0.0136423841059601,0.18524217855297195,True,False,0.23932702055671,0.2392118273224076,0.000481321474,0.1479146318643059,0.1481910744718248,PRIMARY
ml1m,MovieLens-1M,LightGCN,weighted_lightgcn,0,inverse-power,legacy,0.4,legacy_a0.4,intervention,0.4817793780856189,0.3183726014641878,0.7906806614298704,0.7645382773239102,0.1634067766214311,0.0261423841059601,0.15998347587826708,True,False,0.23932702055671,0.2393496852060623,0.0,0.1479146318643059,0.1481086586717573,PRIMARY
ml1m,MovieLens-1M,LightGCN,weighted_lightgcn,0,inverse-power,legacy,0.8,legacy_a0.8,intervention,0.4817793780856189,0.1131798963540563,0.7906806614298704,0.7442402640788771,0.3685994817315625,0.0464403973509932,0.12599148846555905,True,False,0.23932702055671,0.2396507466922868,0.0,0.1479146318643059,0.1472594455985631,PRIMARY
ml1m,MovieLens-1M,LightGCN,weighted_lightgcn,1,minimum-perturbation KL,kl,0.1,kl_lam0.1,intervention,0.4814615405725981,0.0661861306200866,0.7873197342775525,0.7536442375888108,0.4152754099525115,0.0336754966887417,0.08109195941217091,True,False,0.2373970038041346,0.2419483672575073,0.0,0.1454812809274182,0.1488019639776825,PRIMARY
ml1m,MovieLens-1M,LightGCN,weighted_lightgcn,1,minimum-perturbation KL,kl,0.5,kl_lam0.5,intervention,0.4814615405725981,0.1720981497773575,0.7873197342775525,0.7664256945424532,0.3093633907952406,0.0208940397350992,0.06753882442712301,True,False,0.2373970038041346,0.2431957917440211,0.0,0.1454812809274182,0.1504199849921557,PRIMARY
ml1m,MovieLens-1M,LightGCN,weighted_lightgcn,1,minimum-perturbation KL,kl,2.0,kl_lam2.0,intervention,0.4814615405725981,0.3714711922887127,0.7873197342775525,0.777104502489473,0.1099903482838854,0.0102152317880794,0.09287389255022502,True,False,0.2373970038041346,0.2392763459765735,0.0,0.1454812809274182,0.1467993460112725,PRIMARY
ml1m,MovieLens-1M,LightGCN,weighted_lightgcn,1,minimum-perturbation KL,kl,8.0,kl_lam8.0,intervention,0.4814615405725981,0.4597752383212047,0.7873197342775525,0.7840250322907976,0.0216863022513934,0.0032947019867549,0.15192548497027458,True,False,0.2373970038041346,0.237881987225562,0.0,0.1454812809274182,0.145801492480167,PRIMARY
ml1m,MovieLens-1M,LightGCN,weighted_lightgcn,1,inverse-power,legacy,0.1,legacy_a0.1,intervention,0.4814615405725981,0.4466473815339384,0.7873197342775525,0.7809455620921222,0.0348141590386597,0.0063741721854303,0.18309137320686225,True,False,0.2373970038041346,0.2381931419895301,0.0,0.1454812809274182,0.1461929648645306,PRIMARY
ml1m,MovieLens-1M,LightGCN,weighted_lightgcn,1,inverse-power,legacy,0.2,legacy_a0.2,intervention,0.4814615405725981,0.4077495386384426,0.7873197342775525,0.7745548336153009,0.0737120019341555,0.0127649006622516,0.17317262219596294,True,False,0.2373970038041346,0.2384066232025458,0.0,0.1454812809274182,0.1464176735080253,PRIMARY
ml1m,MovieLens-1M,LightGCN,weighted_lightgcn,1,inverse-power,legacy,0.4,legacy_a0.4,intervention,0.4814615405725981,0.3179661940755791,0.7873197342775525,0.7615747011649698,0.163495346497019,0.0257450331125826,0.15746645800131082,True,False,0.2373970038041346,0.2393622355865267,0.0,0.1454812809274182,0.1477199188025816,PRIMARY
ml1m,MovieLens-1M,LightGCN,weighted_lightgcn,1,inverse-power,legacy,0.8,legacy_a0.8,intervention,0.4814615405725981,0.1128492315670116,0.7873197342775525,0.7418727144100028,0.3686123090055865,0.0454470198675497,0.123292192792349,True,False,0.2373970038041346,0.2407635288906804,0.0,0.1454812809274182,0.1481533930900213,PRIMARY
ml1m,MovieLens-1M,LightGCN,weighted_lightgcn,2,minimum-perturbation KL,kl,0.1,kl_lam0.1,intervention,0.4816974356017932,0.0662317677626337,0.7881806614298705,0.7541574826219235,0.4154656678391594,0.034023178807947,0.0818916734682359,True,False,0.2386519848594964,0.2396900209816873,0.0,0.1453620388521237,0.1455795285928008,PRIMARY
ml1m,MovieLens-1M,LightGCN,weighted_lightgcn,2,minimum-perturbation KL,kl,0.5,kl_lam0.5,intervention,0.4816974356017932,0.1720926884983751,0.7881806614298705,0.7696872839464267,0.3096047471034181,0.0184933774834438,0.05973221553113463,True,False,0.2386519848594964,0.2411196659878962,0.0,0.1453620388521237,0.1471539534426448,PRIMARY
ml1m,MovieLens-1M,LightGCN,weighted_lightgcn,2,minimum-perturbation KL,kl,2.0,kl_lam2.0,intervention,0.4816974356017932,0.3716097905816235,0.7881806614298705,0.7782303303040425,0.1100876450201697,0.0099503311258279,0.09038553894040381,True,False,0.2386519848594964,0.2385043991129133,0.0006184140755002,0.1453620388521237,0.1453652129086249,PRIMARY
ml1m,MovieLens-1M,LightGCN,weighted_lightgcn,2,minimum-perturbation KL,kl,8.0,kl_lam8.0,intervention,0.4816974356017932,0.4600216625567528,0.7881806614298705,0.7847203965292082,0.0216757730450404,0.0034602649006623,0.15963743915717174,True,False,0.2386519848594964,0.2383246506378273,0.0013715964770285,0.1453620388521237,0.1452838055205628,PRIMARY
ml1m,MovieLens-1M,LightGCN,weighted_lightgcn,2,inverse-power,legacy,0.1,legacy_a0.1,intervention,0.4816974356017932,0.4469041983399774,0.7881806614298705,0.781624370039142,0.0347932372618157,0.0065562913907285,0.18843579691631018,True,False,0.2386519848594964,0.2380927066719676,0.0023434885230815,0.1453620388521237,0.1451728960093538,PRIMARY
ml1m,MovieLens-1M,LightGCN,weighted_lightgcn,2,inverse-power,legacy,0.2,legacy_a0.2,intervention,0.4816974356017932,0.4080225448035451,0.7881806614298705,0.7759621183835128,0.073674890798248,0.0122185430463577,0.16584406049297137,True,False,0.2386519848594964,0.2380264269627176,0.002621213886602,0.1453620388521237,0.1452443202078738,PRIMARY
ml1m,MovieLens-1M,LightGCN,weighted_lightgcn,2,inverse-power,legacy,0.4,legacy_a0.4,intervention,0.4816974356017932,0.3182457720082206,0.7881806614298705,0.7628826481848373,0.1634516635935726,0.0252980132450332,0.1547736663478535,True,False,0.2386519848594964,0.2385595228690376,0.0003874344079447,0.1453620388521237,0.1456448484374261,PRIMARY
ml1m,MovieLens-1M,LightGCN,weighted_lightgcn,2,inverse-power,legacy,0.8,legacy_a0.8,intervention,0.4816974356017932,0.1130517558680554,0.7881806614298705,0.7417568203702678,0.3686456797337377,0.0464238410596027,0.12593078831992097,True,False,0.2386519848594964,0.2382756030336115,0.0015771158413224,0.1453620388521237,0.1445072351838029,PRIMARY
ml1m,MovieLens-1M,NeuMF,weighted_neumf,0,minimum-perturbation KL,kl,0.1,kl_lam0.1,intervention,0.4817793780856189,0.066251857047852,0.6554819859331817,0.5752005289795393,0.4155275210377668,0.0802814569536424,0.19320370586559948,True,False,0.2321541900162712,0.1519172499285017,0.3456191769881295,0.1483936843095158,0.0971913464474373,PRIMARY
ml1m,MovieLens-1M,NeuMF,weighted_neumf,0,minimum-perturbation KL,kl,0.5,kl_lam0.5,intervention,0.4817793780856189,0.1720720050023317,0.6554819859331817,0.7104323170590094,0.3097073730832871,-0.0549503311258277,-0.17742661590123124,True,True,0.2321541900162712,0.1831322771256975,0.2111610084967143,0.1483936843095158,0.1113439829549744,PRIMARY
ml1m,MovieLens-1M,NeuMF,weighted_neumf,0,minimum-perturbation KL,kl,2.0,kl_lam2.0,intervention,0.4817793780856189,0.3716493838966107,0.6554819859331817,0.6253912144019637,0.1101299941890081,0.030090771531218,0.27322957521976615,True,False,0.2321541900162712,0.2151091475191929,0.0734212141330881,0.1483936843095158,0.1355697187622937,PRIMARY
ml1m,MovieLens-1M,NeuMF,weighted_neumf,0,minimum-perturbation KL,kl,8.0,kl_lam8.0,intervention,0.4817793780856189,0.4601117765798128,0.6554819859331817,0.6420302872496458,0.0216676015058061,0.0134516986835359,0.6208208453497427,True,False,0.2321541900162712,0.2265008391143512,0.024351707378289,0.1483936843095158,0.1452175823037622,PRIMARY
ml1m,MovieLens-1M,NeuMF,weighted_neumf,0,inverse-power,legacy,0.1,legacy_a0.1,intervention,0.4817793780856189,0.4470011189765671,0.6554819859331817,0.6308879031436856,0.0347782591090517,0.0245940827894961,0.7071683120301737,True,False,0.2321541900162712,0.2236004924308647,0.036844898577135,0.1483936843095158,0.144115035263956,PRIMARY
ml1m,MovieLens-1M,NeuMF,weighted_neumf,0,inverse-power,legacy,0.2,legacy_a0.2,intervention,0.4817793780856189,0.4081331695788509,0.6554819859331817,0.6403249892364008,0.0736462085067679,0.0151569966967809,0.20580824191903932,True,False,0.2321541900162712,0.2174674938531334,0.0632626796962328,0.1483936843095158,0.1354192931804858,PRIMARY
ml1m,MovieLens-1M,NeuMF,weighted_neumf,0,inverse-power,legacy,0.4,legacy_a0.4,intervention,0.4817793780856189,0.3183726014641878,0.6554819859331817,0.6096130687065995,0.1634067766214311,0.0458689172265822,0.28070388618489156,True,False,0.2321541900162712,0.2036245291035017,0.1228910014967633,0.1483936843095158,0.1269594977551844,PRIMARY
ml1m,MovieLens-1M,NeuMF,weighted_neumf,0,inverse-power,legacy,0.8,legacy_a0.8,intervention,0.4817793780856189,0.1131798963540563,0.6554819859331817,0.5232799991782148,0.3685994817315625,0.1322019867549669,0.35866026217379426,True,False,0.2321541900162712,0.1603921294431211,0.3091137858339769,0.1483936843095158,0.1020052347676037,PRIMARY
ml1m,MovieLens-1M,NeuMF,weighted_neumf,1,minimum-perturbation KL,kl,0.1,kl_lam0.1,intervention,0.4814615405725981,0.0661861306200866,0.6815747011649698,0.5347700654033803,0.4152754099525115,0.1468046357615894,0.35351150644430673,True,False,0.2334612048717106,0.1544012773744741,0.3386426774447631,0.148451174129568,0.1012657224931095,PRIMARY
ml1m,MovieLens-1M,NeuMF,weighted_neumf,1,minimum-perturbation KL,kl,0.5,kl_lam0.5,intervention,0.4814615405725981,0.1720981497773575,0.6815747011649698,0.5430813236815261,0.3093633907952406,0.1384933774834437,0.44767216032716933,True,False,0.2334612048717106,0.1824004859458937,0.2187117939097218,0.148451174129568,0.1191734266579457,PRIMARY
ml1m,MovieLens-1M,NeuMF,weighted_neumf,1,minimum-perturbation KL,kl,2.0,kl_lam2.0,intervention,0.4814615405725981,0.3714711922887127,0.6815747011649698,0.6721045024894731,0.1099903482838854,0.0094701986754967,0.08610026991690298,True,False,0.2334612048717106,0.2180006679234015,0.0662231523940126,0.148451174129568,0.13593710255053,PRIMARY
ml1m,MovieLens-1M,NeuMF,weighted_neumf,1,minimum-perturbation KL,kl,8.0,kl_lam8.0,intervention,0.4814615405725981,0.4597752383212047,0.6815747011649698,0.6529488733504003,0.0216863022513934,0.0286258278145694,1.3199957965507982,False,False,0.2334612048717106,0.2284755810627087,0.0213552560552473,0.148451174129568,0.1452754017683886,PRIMARY
ml1m,MovieLens-1M,NeuMF,weighted_neumf,1,inverse-power,legacy,0.1,legacy_a0.1,intervention,0.4814615405725981,0.4466473815339384,0.6815747011649698,0.6327422077794471,0.0348141590386597,0.0488324933855226,1.402661869019904,False,False,0.2334612048717106,0.2238092927792237,0.0413426808869197,0.148451174129568,0.1410486395926625,PRIMARY
ml1m,MovieLens-1M,NeuMF,weighted_neumf,1,inverse-power,legacy,0.2,legacy_a0.2,intervention,0.4814615405725981,0.4077495386384426,0.6815747011649698,0.691078012423248,0.0737120019341555,-0.0095033112582781,-0.1289248834506909,True,True,0.2334612048717106,0.2240251473495436,0.0404180965627768,0.148451174129568,0.1379608003451762,PRIMARY
ml1m,MovieLens-1M,NeuMF,weighted_neumf,1,inverse-power,legacy,0.4,legacy_a0.4,intervention,0.4814615405725981,0.3179661940755791,0.6815747011649698,0.6002256514880564,0.163495346497019,0.0813490496769133,0.4975618659482552,True,False,0.2334612048717106,0.2088791032239856,0.1052941608060024,0.148451174129568,0.1311150301749178,PRIMARY
ml1m,MovieLens-1M,NeuMF,weighted_neumf,1,inverse-power,legacy,0.8,legacy_a0.8,intervention,0.4814615405725981,0.1128492315670116,0.6815747011649698,0.4847951879118974,0.3686123090055865,0.1967795132530723,0.5338386929723772,True,False,0.2334612048717106,0.1534191375641136,0.3428495426106488,0.148451174129568,0.1002716978089343,PRIMARY
ml1m,MovieLens-1M,NeuMF,weighted_neumf,2,minimum-perturbation KL,kl,0.1,kl_lam0.1,intervention,0.4816974356017932,0.0662317677626337,0.669736952820599,0.408263442886824,0.4154656678391594,0.2614735099337749,0.6293504618412898,True,False,0.236584648720571,0.1458350980476128,0.3835817377151214,0.1470055945808499,0.0997150385635355,PRIMARY
ml1m,MovieLens-1M,NeuMF,weighted_neumf,2,minimum-perturbation KL,kl,0.5,kl_lam0.5,intervention,0.4816974356017932,0.1720926884983751,0.669736952820599,0.5504819859331817,0.3096047471034181,0.1192549668874173,0.3851845554796427,True,False,0.236584648720571,0.1798240903168933,0.2399164895551498,0.1470055945808499,0.1171300870081067,PRIMARY
ml1m,MovieLens-1M,NeuMF,weighted_neumf,2,minimum-perturbation KL,kl,2.0,kl_lam2.0,intervention,0.4816974356017932,0.3716097905816235,0.669736952820599,0.6229739958589173,0.1100876450201697,0.0467629569616816,0.4247793378913131,True,False,0.236584648720571,0.2207260788426064,0.0670312717402686,0.1470055945808499,0.1391946270052237,PRIMARY
ml1m,MovieLens-1M,NeuMF,weighted_neumf,2,minimum-perturbation KL,kl,8.0,kl_lam8.0,intervention,0.4816974356017932,0.4600216625567528,0.669736952820599,0.6565170422165333,0.0216757730450404,0.0132199106040656,0.6098933854213991,True,False,0.236584648720571,0.2322753846184646,0.0182144704883031,0.1470055945808499,0.144540199137981,PRIMARY
ml1m,MovieLens-1M,NeuMF,weighted_neumf,2,inverse-power,legacy,0.1,legacy_a0.1,intervention,0.4816974356017932,0.4469041983399774,0.669736952820599,0.6503581018191822,0.0347932372618157,0.0193788510014167,0.556971771715082,True,False,0.236584648720571,0.2325383495658323,0.0171029657952058,0.1470055945808499,0.1468383197130997,PRIMARY
ml1m,MovieLens-1M,NeuMF,weighted_neumf,2,inverse-power,legacy,0.2,legacy_a0.2,intervention,0.4816974356017932,0.4080225448035451,0.669736952820599,0.6320137309582552,0.073674890798248,0.0377232218623437,0.5120227726654569,True,False,0.236584648720571,0.2247996096923036,0.0498132025556172,0.1470055945808499,0.1413448651963709,PRIMARY
ml1m,MovieLens-1M,NeuMF,weighted_neumf,2,inverse-power,legacy,0.4,legacy_a0.4,intervention,0.4816974356017932,0.3182457720082206,0.669736952820599,0.6024110819516326,0.1634516635935726,0.0673258708689663,0.41190079922572137,True,False,0.236584648720571,0.2095977000095245,0.1140688918617059,0.1470055945808499,0.1319829638940086,PRIMARY
ml1m,MovieLens-1M,NeuMF,weighted_neumf,2,inverse-power,legacy,0.8,legacy_a0.8,intervention,0.4816974356017932,0.1130517558680554,0.669736952820599,0.4126759826138842,0.3686456797337377,0.2570609702067147,0.6973117666600149,True,False,0.236584648720571,0.150527476243124,0.3637479140884101,0.1470055945808499,0.0993245986778113,PRIMARY
ml1m,MovieLens-1M,NGCF,weighted_ngcf,0,minimum-perturbation KL,kl,0.1,kl_lam0.1,intervention,0.4817793780856189,0.066251857047852,0.6685534660575929,0.679422383284175,0.4155275210377668,-0.0108689172265821,-0.02615691302332352,True,True,0.256062302903253,0.2564066014339417,0.0,0.1649687504747836,0.1634494431546221,PRIMARY
ml1m,MovieLens-1M,NGCF,weighted_ngcf,0,minimum-perturbation KL,kl,0.5,kl_lam0.5,intervention,0.4817793780856189,0.1720720050023317,0.6685534660575929,0.6703581018191822,0.3097073730832871,-0.0018046357615892,-0.005826906035924092,True,True,0.256062302903253,0.2573714938702484,0.0,0.1649687504747836,0.1639910586273039,PRIMARY
ml1m,MovieLens-1M,NGCF,weighted_ngcf,0,minimum-perturbation KL,kl,2.0,kl_lam2.0,intervention,0.4817793780856189,0.3716493838966107,0.6685534660575929,0.6813098005027182,0.1101299941890081,-0.0127563344451252,-0.1158297931373031,True,True,0.256062302903253,0.2545525524137194,0.0058960279292031,0.1649687504747836,0.1626025208933838,PRIMARY
ml1m,MovieLens-1M,NGCF,weighted_ngcf,0,minimum-perturbation KL,kl,8.0,kl_lam8.0,intervention,0.4817793780856189,0.4601117765798128,0.6685534660575929,0.6656230024814339,0.0216676015058061,0.002930463576159,0.13524632965830327,True,False,0.256062302903253,0.2571294713812276,0.0,0.1649687504747836,0.1665055837675476,PRIMARY
ml1m,MovieLens-1M,NGCF,weighted_ngcf,0,inverse-power,legacy,0.1,legacy_a0.1,intervention,0.4817793780856189,0.4470011189765671,0.6685534660575929,0.6816409263305327,0.0347782591090517,-0.0130874602729398,-0.3763115408365435,True,True,0.256062302903253,0.2571231351474434,0.0,0.1649687504747836,0.1635164315524989,PRIMARY
ml1m,MovieLens-1M,NGCF,weighted_ngcf,0,inverse-power,legacy,0.2,legacy_a0.2,intervention,0.4817793780856189,0.4081331695788509,0.6685534660575929,0.6803329793106652,0.0736462085067679,-0.0117795132530722,-0.15994731421902994,True,True,0.256062302903253,0.2577272785156259,0.0,0.1649687504747836,0.1638918714337244,PRIMARY
ml1m,MovieLens-1M,NGCF,weighted_ngcf,0,inverse-power,legacy,0.4,legacy_a0.4,intervention,0.4817793780856189,0.3183726014641878,0.6685534660575929,0.6755647673901353,0.1634067766214311,-0.0070113013325423,-0.04290704141839583,True,True,0.256062302903253,0.2557114066232007,0.0013703550896551,0.1649687504747836,0.1637739115739017,PRIMARY
ml1m,MovieLens-1M,NGCF,weighted_ngcf,0,inverse-power,legacy,0.8,legacy_a0.8,intervention,0.4817793780856189,0.1131798963540563,0.6685534660575929,0.6706892276469968,0.3685994817315625,-0.0021357615894038,-0.005794260966864834,True,True,0.256062302903253,0.256316669086303,0.0,0.1649687504747836,0.164016346356533,PRIMARY
ml1m,MovieLens-1M,NGCF,weighted_ngcf,1,minimum-perturbation KL,kl,0.1,kl_lam0.1,intervention,0.4814615405725981,0.0661861306200866,0.665556777315871,0.6650104196999769,0.4152754099525115,0.0005463576158941,0.001315651258899674,True,False,0.2542642550016891,0.2528155562076502,0.0056976109128248,0.1656254046947327,0.1630626749211755,PRIMARY
ml1m,MovieLens-1M,NGCF,weighted_ngcf,1,minimum-perturbation KL,kl,0.5,kl_lam0.5,intervention,0.4814615405725981,0.1720981497773575,0.665556777315871,0.665854790560904,0.3093633907952406,-0.0002980132450329,-0.0009633112834289661,True,True,0.2542642550016891,0.2550550141902005,0.0,0.1656254046947327,0.1652881534560578,PRIMARY
ml1m,MovieLens-1M,NGCF,weighted_ngcf,1,minimum-perturbation KL,kl,2.0,kl_lam2.0,intervention,0.4814615405725981,0.3714711922887127,0.665556777315871,0.6668150554615663,0.1099903482838854,-0.0012582781456952,-0.011439896002943645,True,True,0.2542642550016891,0.2548503715479878,0.0,0.1656254046947327,0.1656627889828933,PRIMARY
ml1m,MovieLens-1M,NGCF,weighted_ngcf,1,minimum-perturbation KL,kl,8.0,kl_lam8.0,intervention,0.4814615405725981,0.4597752383212047,0.665556777315871,0.6659044594350763,0.0216863022513934,-0.0003476821192052,-0.01603233760992428,True,True,0.2542642550016891,0.2523604800430362,0.0074873873193078,0.1656254046947327,0.163442113384675,PRIMARY
ml1m,MovieLens-1M,NGCF,weighted_ngcf,1,inverse-power,legacy,0.1,legacy_a0.1,intervention,0.4814615405725981,0.4466473815339384,0.665556777315871,0.6667819428787849,0.0348141590386597,-0.0012251655629138,-0.03519158861638174,True,True,0.2542642550016891,0.2539345994246053,0.0012965077497097,0.1656254046947327,0.1636899041503254,PRIMARY
ml1m,MovieLens-1M,NGCF,weighted_ngcf,1,inverse-power,legacy,0.2,legacy_a0.2,intervention,0.4814615405725981,0.4077495386384426,0.665556777315871,0.6680898898986525,0.0737120019341555,-0.0025331125827814,-0.03436499506612432,True,True,0.2542642550016891,0.25213050186146,0.0083918722284221,0.1656254046947327,0.1626911855515755,PRIMARY
ml1m,MovieLens-1M,NGCF,weighted_ngcf,1,inverse-power,legacy,0.4,legacy_a0.4,intervention,0.4814615405725981,0.3179661940755791,0.665556777315871,0.6657057839383875,0.163495346497019,-0.0001490066225164,-0.000911381428945544,True,True,0.2542642550016891,0.2548229035826195,0.0,0.1656254046947327,0.1646623135369988,PRIMARY
ml1m,MovieLens-1M,NGCF,weighted_ngcf,1,inverse-power,legacy,0.8,legacy_a0.8,intervention,0.4814615405725981,0.1128492315670116,0.665556777315871,0.673785254137063,0.3686123090055865,-0.0082284768211919,-0.022322848749652558,True,True,0.2542642550016891,0.2536474052931933,0.0024260181931264,0.1656254046947327,0.1622601395672594,PRIMARY
ml1m,MovieLens-1M,NGCF,weighted_ngcf,2,minimum-perturbation KL,kl,0.1,kl_lam0.1,intervention,0.4816974356017932,0.0662317677626337,0.6639673733423611,0.6736196912231558,0.4154656678391594,-0.0096523178807946,-0.023232528288068637,True,True,0.2519392428304521,0.2556404342202359,0.0,0.1626040037379966,0.1626065733225925,PRIMARY
ml1m,MovieLens-1M,NGCF,weighted_ngcf,2,minimum-perturbation KL,kl,0.5,kl_lam0.5,intervention,0.4816974356017932,0.1720926884983751,0.6639673733423611,0.6676594263224935,0.3096047471034181,-0.0036920529801324,-0.011925052876851186,True,True,0.2519392428304521,0.2562041132811291,0.0,0.1626040037379966,0.1642219925999903,PRIMARY
ml1m,MovieLens-1M,NGCF,weighted_ngcf,2,minimum-perturbation KL,kl,2.0,kl_lam2.0,intervention,0.4816974356017932,0.3716097905816235,0.6639673733423611,0.6670965124152087,0.1100876450201697,-0.0031291390728476,-0.028424071314036146,True,True,0.2519392428304521,0.2530803369940511,0.0,0.1626040037379966,0.1605952991734004,PRIMARY
ml1m,MovieLens-1M,NGCF,weighted_ngcf,2,minimum-perturbation KL,kl,8.0,kl_lam8.0,intervention,0.4816974356017932,0.4600216625567528,0.6639673733423611,0.6699276382430233,0.0216757730450404,-0.0059602649006621,-0.2749735794094716,True,True,0.2519392428304521,0.2540348097993447,0.0,0.1626040037379966,0.1630288057026553,PRIMARY
ml1m,MovieLens-1M,NGCF,weighted_ngcf,2,inverse-power,legacy,0.1,legacy_a0.1,intervention,0.4816974356017932,0.4469041983399774,0.6639673733423611,0.6630898898986524,0.0347932372618157,0.0008774834437087,0.02521994251657939,True,False,0.2519392428304521,0.2524101996215769,0.0,0.1626040037379966,0.1618611085924761,PRIMARY
ml1m,MovieLens-1M,NGCF,weighted_ngcf,2,inverse-power,legacy,0.2,legacy_a0.2,intervention,0.4816974356017932,0.4080225448035451,0.6639673733423611,0.6663349230112352,0.073674890798248,-0.002367549668874,-0.03213509573237536,True,True,0.2519392428304521,0.2526684124133714,0.0,0.1626040037379966,0.161463858996173,PRIMARY
ml1m,MovieLens-1M,NGCF,weighted_ngcf,2,inverse-power,legacy,0.4,legacy_a0.4,intervention,0.4816974356017932,0.3182457720082206,0.6639673733423611,0.6656561150642154,0.1634516635935726,-0.0016887417218542,-0.010331749978717294,True,True,0.2519392428304521,0.2540300397871414,0.0,0.1626040037379966,0.1634198567748362,PRIMARY
ml1m,MovieLens-1M,NGCF,weighted_ngcf,2,inverse-power,legacy,0.8,legacy_a0.8,intervention,0.4816974356017932,0.1130517558680554,0.6639673733423611,0.6618481680443478,0.3686456797337377,0.0021192052980133,0.005748623717885266,True,False,0.2519392428304521,0.2522913618826588,0.0,0.1626040037379966,0.1620727005727102,PRIMARY
