dataset,model,model_raw,seed,stage,method,lambda_steck,F_in,InputGain,NDCG@10,Recall@10,F_out,Tail,Tail/Head,l_exp_mean,l_exp_median,l_exp_p90,l_exp_p95,n_users,E_out,T,checkpoint,delta_F_out_vs_lam0,RelativeUtilityLoss
lastfm,lightgcn,weighted_lightgcn,0,POST_LEARNING,steck_catalog,0.0,0.6032541089172111,0.0,0.1369545934669168,0.1432855626326964,0.8710361218343863,0.0069532908704883,0.007160817754455,0.8848358119781925,0.9000170135541314,0.9000170135541314,0.9000170135541314,1884,"[0.9710191082802547, 0.017887473460721868, 0.004140127388535032, 0.006953290870488323]","[0.09998298644586855, 0.20002268473884194, 0.3000056711847105, 0.399988657630579]",checkpoints/LightGCN-Aug-13-2026_12-50-41.pth,0.0,0.0
lastfm,lightgcn,weighted_lightgcn,0,POST_LEARNING,steck_catalog,0.1,0.6032541089172111,0.0,0.1366717483012461,0.1429670912951167,0.8538917481613502,0.0101380042462845,0.0106282343776083,0.8635513349980851,0.9000170135541314,0.9000170135541314,0.9000170135541314,1884,"[0.9538747346072187, 0.02537154989384289, 0.010615711252653927, 0.0101380042462845]","[0.09998298644586855, 0.20002268473884194, 0.3000056711847105, 0.399988657630579]",checkpoints/LightGCN-Aug-13-2026_12-50-41.pth,0.0171443736730361,0.0020652477475244
lastfm,lightgcn,weighted_lightgcn,0,POST_LEARNING,steck_catalog,0.25,0.6032541089172111,0.0,0.1364450650701186,0.1430732484076433,0.8427452513460635,0.0135350318471337,0.0143572997015933,0.8503346149488337,0.9000170135541314,0.9000170135541314,0.9000170135541314,1884,"[0.942728237791932, 0.028715498938428875, 0.015021231422505308, 0.013535031847133758]","[0.09998298644586855, 0.20002268473884194, 0.3000056711847105, 0.399988657630579]",checkpoints/LightGCN-Aug-13-2026_12-50-41.pth,0.0282908704883227,0.0037204184532973
lastfm,lightgcn,weighted_lightgcn,0,POST_LEARNING,steck_catalog,0.5,0.6032541089172111,0.0,0.134941457046851,0.1424363057324841,0.8250700921103947,0.0159766454352441,0.0172710580674776,0.8387624120379387,0.9000170135541314,0.9000170135541314,0.9000170135541314,1884,"[0.9250530785562633, 0.03816348195329087, 0.020806794055201697, 0.01597664543524416]","[0.09998298644586855, 0.20002268473884194, 0.3000056711847105, 0.399988657630579]",checkpoints/LightGCN-Aug-13-2026_12-50-41.pth,0.0459660297239915,0.0146992982791196
lastfm,lightgcn,weighted_lightgcn,0,POST_LEARNING,steck_catalog,0.75,0.6032541089172111,0.0,0.134059045969239,0.1411624203821656,0.8122781600509468,0.0186305732484076,0.0204224122883574,0.8353657607099602,0.9000170135541314,0.9000170135541314,0.9000170135541314,1884,"[0.9122611464968153, 0.045806794055201695, 0.02330148619957537, 0.018630573248407643]","[0.09998298644586855, 0.20002268473884194, 0.3000056711847105, 0.399988657630579]",checkpoints/LightGCN-Aug-13-2026_12-50-41.pth,0.0587579617834395,0.0211423905133731
lastfm,lightgcn,weighted_lightgcn,0,POST_LEARNING,steck_catalog,0.9,0.6032541089172111,0.0,0.1340048687414836,0.1411624203821656,0.8083503468874648,0.0187367303609341,0.0206275930579091,0.8353657516794112,0.9000170135541314,0.9000170135541314,0.9000170135541314,1884,"[0.9083333333333333, 0.04883227176220807, 0.024097664543524418, 0.018736730360934182]","[0.09998298644586855, 0.20002268473884194, 0.3000056711847105, 0.399988657630579]",checkpoints/LightGCN-Aug-13-2026_12-50-41.pth,0.0626857749469215,0.0215379758412096
lastfm,lightgcn,weighted_lightgcn,0,POST_LEARNING,steck_catalog,1.0,0.6032541089172111,0.0,0.1339903198822276,0.1411624203821656,0.8052717906241951,0.0188428874734607,0.0208150102609205,0.8353657516794112,0.9000170135541314,0.9000170135541314,0.9000170135541314,1884,"[0.9052547770700637, 0.05180467091295117, 0.024097664543524418, 0.01884288747346072]","[0.09998298644586855, 0.20002268473884194, 0.3000056711847105, 0.399988657630579]",checkpoints/LightGCN-Aug-13-2026_12-50-41.pth,0.0657643312101912,0.0216442071028839
lastfm,lightgcn,weighted_lightgcn,1,POST_LEARNING,steck_catalog,0.0,0.602904152661743,0.0,0.1303208937002494,0.1376503892427459,0.8720976929596516,0.0077494692144373,0.0079720432456044,0.884676633502879,0.9000170135541314,0.9000170135541314,0.9000170135541314,1884,"[0.9720806794055201, 0.015498938428874735, 0.004670912951167728, 0.007749469214437367]","[0.09998298644586855, 0.20002268473884194, 0.3000056711847105, 0.399988657630579]",checkpoints/LightGCN-Aug-13-2026_12-51-28.pth,0.0,0.0
lastfm,lightgcn,weighted_lightgcn,1,POST_LEARNING,steck_catalog,0.1,0.602904152661743,0.0,0.1303747894106075,0.1375442321302193,0.8564395188619871,0.0106687898089171,0.0111548920583828,0.865356114277623,0.9000170135541314,0.9000170135541314,0.9000170135541314,1884,"[0.9564225053078557, 0.022292993630573247, 0.010615711252653927, 0.010668789808917197]","[0.09998298644586855, 0.20002268473884194, 0.3000056711847105, 0.399988657630579]",checkpoints/LightGCN-Aug-13-2026_12-51-28.pth,0.0156581740976644,-0.0004135615466393
lastfm,lightgcn,weighted_lightgcn,1,POST_LEARNING,steck_catalog,0.25,0.602904152661743,0.0,0.1298559701608928,0.1368011323425336,0.8461422789469126,0.0133227176220806,0.0140813464235624,0.8539440711616886,0.9000170135541314,0.9000170135541314,0.9000170135541314,1884,"[0.9461252653927813, 0.026167728237791933, 0.014384288747346072, 0.01332271762208068]","[0.09998298644586855, 0.20002268473884194, 0.3000056711847105, 0.399988657630579]",checkpoints/LightGCN-Aug-13-2026_12-51-28.pth,0.0259554140127389,0.0035675287834197
lastfm,lightgcn,weighted_lightgcn,1,POST_LEARNING,steck_catalog,0.5,0.602904152661743,0.0,0.1291666408738943,0.1361641896673743,0.8302187120679319,0.0153397027600849,0.016490727532097,0.8433272341006051,0.9000170135541314,0.9000170135541314,0.9000170135541314,1884,"[0.9302016985138004, 0.035721868365180466, 0.018736730360934182, 0.015339702760084926]","[0.09998298644586855, 0.20002268473884194, 0.3000056711847105, 0.399988657630579]",checkpoints/LightGCN-Aug-13-2026_12-51-28.pth,0.0418789808917197,0.0088570051476927
lastfm,lightgcn,weighted_lightgcn,1,POST_LEARNING,steck_catalog,0.75,0.602904152661743,0.0,0.1284369018357111,0.1358457183297947,0.8180637226836431,0.0170382165605095,0.018559204440333,0.8398243895379044,0.9000170135541314,0.9000170135541314,0.9000170135541314,1884,"[0.9180467091295117, 0.04347133757961783, 0.021443736730360933, 0.017038216560509554]","[0.09998298644586855, 0.20002268473884194, 0.3000056711847105, 0.399988657630579]",checkpoints/LightGCN-Aug-13-2026_12-51-28.pth,0.0540339702760084,0.014456560349192
lastfm,lightgcn,weighted_lightgcn,1,POST_LEARNING,steck_catalog,0.9,0.602904152661743,0.0,0.1283338761342277,0.1357395612172682,0.8134458882887386,0.0170912951167728,0.0187111395200185,0.8398243774971726,0.9000170135541314,0.9000170135541314,0.9000170135541314,1884,"[0.9134288747346072, 0.04676220806794055, 0.022717622080679404, 0.017091295116772823]","[0.09998298644586855, 0.20002268473884194, 0.3000056711847105, 0.399988657630579]",checkpoints/LightGCN-Aug-13-2026_12-51-28.pth,0.0586518046709129,0.0152471143314283
lastfm,lightgcn,weighted_lightgcn,1,POST_LEARNING,steck_catalog,1.0,0.602904152661743,0.0,0.1283372663537522,0.1357395612172682,0.8101019392441526,0.017144373673036,0.0188382129942843,0.8398243955582705,0.9000170135541314,0.9000170135541314,0.9000170135541314,1884,"[0.9100849256900212, 0.04994692144373673, 0.022823779193205943, 0.017144373673036093]","[0.09998298644586855, 0.20002268473884194, 0.3000056711847105, 0.399988657630579]",checkpoints/LightGCN-Aug-13-2026_12-51-28.pth,0.0619957537154989,0.0152210999339807
lastfm,lightgcn,weighted_lightgcn,2,POST_LEARNING,steck_catalog,0.0,0.6033079483411292,0.0,0.1304844876122772,0.1335456475583864,0.8692845294776983,0.0089171974522292,0.0091999342861836,0.8838272772666287,0.9000170135541314,0.9000170135541314,0.9000170135541314,1884,"[0.9692675159235669, 0.018630573248407643, 0.0031847133757961785, 0.008917197452229299]","[0.09998298644586855, 0.20002268473884194, 0.3000056711847105, 0.399988657630579]",checkpoints/LightGCN-Aug-13-2026_12-52-15.pth,0.0,0.0
lastfm,lightgcn,weighted_lightgcn,2,POST_LEARNING,steck_catalog,0.1,0.6033079483411292,0.0,0.1296117662047953,0.132484076433121,0.851927841579609,0.011624203821656,0.0122114419538307,0.8626489604092309,0.9000170135541314,0.9000170135541314,0.9000170135541314,1884,"[0.9519108280254777, 0.026220806794055203, 0.01024416135881104, 0.01162420382165605]","[0.09998298644586855, 0.20002268473884194, 0.3000056711847105, 0.399988657630579]",checkpoints/LightGCN-Aug-13-2026_12-52-15.pth,0.0173566878980893,0.0066883153963489
lastfm,lightgcn,weighted_lightgcn,2,POST_LEARNING,steck_catalog,0.25,0.6033079483411292,0.0,0.1291203893324547,0.1323779193205944,0.8397728521953203,0.0148619957537154,0.0158147415984185,0.8495912924076083,0.9000170135541314,0.9000170135541314,0.9000170135541314,1884,"[0.939755838641189, 0.029883227176220807, 0.015498938428874735, 0.014861995753715499]","[0.09998298644586855, 0.20002268473884194, 0.3000056711847105, 0.399988657630579]",checkpoints/LightGCN-Aug-13-2026_12-52-15.pth,0.029511677282378,0.0104541030492132
lastfm,lightgcn,weighted_lightgcn,2,POST_LEARNING,steck_catalog,0.5,0.6033079483411292,0.0,0.1265772463643301,0.131104033970276,0.8220446144033884,0.0169851380042462,0.0184215071095504,0.8367983218350364,0.9000170135541314,0.9000170135541314,0.9000170135541314,1884,"[0.922027600849257, 0.038694267515923565, 0.022292993630573247, 0.016985138004246284]","[0.09998298644586855, 0.20002268473884194, 0.3000056711847105, 0.399988657630579]",checkpoints/LightGCN-Aug-13-2026_12-52-15.pth,0.0472399150743099,0.0299441053832937
lastfm,lightgcn,weighted_lightgcn,2,POST_LEARNING,steck_catalog,0.75,0.6033079483411292,0.0,0.1259345746698998,0.1302547770700637,0.8088280538938342,0.0195329087048832,0.0214928162597827,0.832817923785298,0.9000170135541314,0.9000170135541314,0.9000170135541314,1884,"[0.9088110403397027, 0.045806794055201695, 0.025849256900212315, 0.019532908704883226]","[0.09998298644586855, 0.20002268473884194, 0.3000056711847105, 0.399988657630579]",checkpoints/LightGCN-Aug-13-2026_12-52-15.pth,0.0604564755838641,0.0348693781585519
lastfm,lightgcn,weighted_lightgcn,2,POST_LEARNING,steck_catalog,0.9,0.6033079483411292,0.0,0.1255618059410991,0.129723991507431,0.8041040623864032,0.0195859872611464,0.0216638290377502,0.8328179147547491,0.9000170135541314,0.9000170135541314,0.9000170135541314,1884,"[0.9040870488322718, 0.04920382165605096, 0.027123142250530786, 0.019585987261146496]","[0.09998298644586855, 0.20002268473884194, 0.3000056711847105, 0.399988657630579]",checkpoints/LightGCN-Aug-13-2026_12-52-15.pth,0.0651804670912951,0.0377261830985256
lastfm,lightgcn,weighted_lightgcn,2,POST_LEARNING,steck_catalog,1.0,0.6033079483411292,0.0,0.1254431326204212,0.1296178343949044,0.8004416420042376,0.0195859872611464,0.0217519452959207,0.832817923785298,0.9000170135541314,0.9000170135541314,0.9000170135541314,1884,"[0.9004246284501062, 0.05281316348195329, 0.027176220806794056, 0.019585987261146496]","[0.09998298644586855, 0.20002268473884194, 0.3000056711847105, 0.399988657630579]",checkpoints/LightGCN-Aug-13-2026_12-52-15.pth,0.0688428874734606,0.0386356653124615
lastfm,ngcf,weighted_ngcf,0,POST_LEARNING,steck_catalog,0.0,0.6032541089172111,0.0,0.1562814935573166,0.1661270346779901,0.8561210475244074,0.0071656050955414,0.007494587242547,0.8754934803651185,0.9000170135541314,0.9000170135541314,0.9000170135541314,1884,"[0.956104033970276, 0.02951167728237792, 0.007218683651804671, 0.007165605095541401]","[0.09998298644586855, 0.20002268473884194, 0.3000056711847105, 0.399988657630579]",checkpoints/NGCF-Aug-13-2026_12-53-03.pth,0.0,0.0
lastfm,ngcf,weighted_ngcf,0,POST_LEARNING,steck_catalog,0.1,0.6032541089172111,0.0,0.1543831910529251,0.1633669497523,0.8169490730021145,0.0139065817409766,0.0151664254703328,0.8310667528542254,0.9000170135541314,0.9000170135541314,0.9000170135541314,1884,"[0.9169320594479831, 0.053874734607218686, 0.015286624203821656, 0.013906581740976646]","[0.09998298644586855, 0.20002268473884194, 0.3000056711847105, 0.399988657630579]",checkpoints/NGCF-Aug-13-2026_12-53-03.pth,0.0391719745222929,0.0121466877567004
lastfm,ngcf,weighted_ngcf,0,POST_LEARNING,steck_catalog,0.25,0.6032541089172111,0.0,0.1525235304843196,0.1626238499646143,0.8001762492229212,0.0178343949044585,0.0198124889439235,0.8134972691018083,0.9000170135541314,0.9000170135541314,0.9000170135541314,1884,"[0.9001592356687899, 0.06268577494692144, 0.019320594479830148, 0.017834394904458598]","[0.09998298644586855, 0.20002268473884194, 0.3000056711847105, 0.399988657630579]",checkpoints/NGCF-Aug-13-2026_12-53-03.pth,0.0559447983014862,0.024046116961499
lastfm,ngcf,weighted_ngcf,0,POST_LEARNING,steck_catalog,0.5,0.6032541089172111,0.0,0.148971642016525,0.159226822363765,0.7624904742759998,0.0216029723991507,0.0250476952427841,0.7917851564988105,0.9000170135541314,0.9000170135541314,0.9000170135541314,1884,"[0.8624734607218684, 0.09007430997876857, 0.025849256900212315, 0.021602972399150742]","[0.09998298644586855, 0.20002268473884194, 0.3000056711847105, 0.399988657630579]",checkpoints/NGCF-Aug-13-2026_12-53-03.pth,0.0936305732484076,0.0467736222274499
lastfm,ngcf,weighted_ngcf,0,POST_LEARNING,steck_catalog,0.75,0.6032541089172111,0.0,0.1441700487982088,0.1561217268223637,0.7317049116433034,0.0250530785562632,0.0301231731444253,0.7862652274620678,0.9000170135541314,0.9000170135541314,0.9000170135541314,1884,"[0.831687898089172, 0.1143312101910828, 0.028927813163481954, 0.02505307855626327]","[0.09998298644586855, 0.20002268473884194, 0.3000056711847105, 0.399988657630579]",checkpoints/NGCF-Aug-13-2026_12-53-03.pth,0.124416135881104,0.0774976261323347
lastfm,ngcf,weighted_ngcf,0,POST_LEARNING,steck_catalog,0.9,0.6032541089172111,0.0,0.1436745462958356,0.1558032554847841,0.719019136696382,0.0251592356687898,0.0307193778353856,0.7862652094009699,0.9000170135541314,0.9000170135541314,0.9000170135541314,1884,"[0.8190021231422505, 0.12600849256900212, 0.029830148619957537, 0.02515923566878981]","[0.09998298644586855, 0.20002268473884194, 0.3000056711847105, 0.399988657630579]",checkpoints/NGCF-Aug-13-2026_12-53-03.pth,0.1371019108280254,0.0806682030899413
lastfm,ngcf,weighted_ngcf,0,POST_LEARNING,steck_catalog,1.0,0.6032541089172111,0.0,0.1428641085315006,0.1545293701344656,0.7094649965689934,0.025212314225053,0.0311475409836065,0.7862652395027997,0.9000170135541314,0.9000170135541314,0.9000170135541314,1884,"[0.809447983014862, 0.13540339702760085, 0.029936305732484077, 0.02521231422505308]","[0.09998298644586855, 0.20002268473884194, 0.3000056711847105, 0.399988657630579]",checkpoints/NGCF-Aug-13-2026_12-53-03.pth,0.146656050955414,0.0858539595470088
lastfm,ngcf,weighted_ngcf,1,POST_LEARNING,steck_catalog,0.0,0.602904152661743,0.0,0.1497302900830787,0.159952229299363,0.8524055485859785,0.0081740976645435,0.0085827342138995,0.8739541089178117,0.9000170135541314,0.9000170135541314,0.9000170135541314,1884,"[0.9523885350318472, 0.03423566878980892, 0.005201698513800424, 0.008174097664543524]","[0.09998298644586855, 0.20002268473884194, 0.3000056711847105, 0.399988657630579]",checkpoints/NGCF-Aug-13-2026_12-54-22.pth,0.0,0.0
lastfm,ngcf,weighted_ngcf,1,POST_LEARNING,steck_catalog,0.1,0.602904152661743,0.0,0.1485162779811554,0.1582537154989384,0.8136051239575285,0.0139065817409766,0.0152219381826632,0.829421227304575,0.9000170135541314,0.9000170135541314,0.9000170135541314,1884,"[0.913588110403397, 0.058439490445859874, 0.014065817409766455, 0.013906581740976646]","[0.09998298644586855, 0.20002268473884194, 0.3000056711847105, 0.399988657630579]",checkpoints/NGCF-Aug-13-2026_12-54-22.pth,0.03880042462845,0.0081079927197744
lastfm,ngcf,weighted_ngcf,1,POST_LEARNING,steck_catalog,0.25,0.602904152661743,0.0,0.1467649647090582,0.1577583156404812,0.7957176504968065,0.0180997876857749,0.0202074074074074,0.811161406251524,0.9000170135541314,0.9000170135541314,0.9000170135541314,1884,"[0.8957006369426752, 0.06809978768577495, 0.018099787685774946, 0.018099787685774946]","[0.09998298644586855, 0.20002268473884194, 0.3000056711847105, 0.399988657630579]",checkpoints/NGCF-Aug-13-2026_12-54-22.pth,0.0566878980891719,0.0198044455291925
lastfm,ngcf,weighted_ngcf,1,POST_LEARNING,steck_catalog,0.5,0.602904152661743,0.0,0.1441372777175112,0.1564136588818117,0.7567579901995667,0.0219745222929936,0.0256489684653986,0.7889185743099186,0.9000170135541314,0.9000170135541314,0.9000170135541314,1884,"[0.8567409766454352, 0.09628450106157113, 0.025, 0.02197452229299363]","[0.09998298644586855, 0.20002268473884194, 0.3000056711847105, 0.399988657630579]",checkpoints/NGCF-Aug-13-2026_12-54-22.pth,0.0956475583864118,0.0373539139105668
lastfm,ngcf,weighted_ngcf,1,POST_LEARNING,steck_catalog,0.75,0.602904152661743,0.0,0.1408785064953988,0.1542905166312809,0.7240615995413926,0.025,0.0303381642512077,0.7831864002823311,0.9000170135541314,0.9000170135541314,0.9000170135541314,1884,"[0.8240445859872612, 0.12229299363057325, 0.028662420382165606, 0.025]","[0.09998298644586855, 0.20002268473884194, 0.3000056711847105, 0.399988657630579]",checkpoints/NGCF-Aug-13-2026_12-54-22.pth,0.1283439490445859,0.0591181889968183
lastfm,ngcf,weighted_ngcf,1,POST_LEARNING,steck_catalog,0.9,0.602904152661743,0.0,0.1400921402091224,0.1533351026185421,0.711535060263261,0.0251061571125265,0.0309372751651514,0.7831863762008674,0.9000170135541314,0.9000170135541314,0.9000170135541314,1884,"[0.8115180467091295, 0.13397027600849257, 0.02940552016985138, 0.02510615711252654]","[0.09998298644586855, 0.20002268473884194, 0.3000056711847105, 0.399988657630579]",checkpoints/NGCF-Aug-13-2026_12-54-22.pth,0.1408704883227175,0.064370074142036
lastfm,ngcf,weighted_ngcf,1,POST_LEARNING,steck_catalog,1.0,0.602904152661743,0.0,0.139423478555615,0.1523796886058032,0.7021401558046623,0.0252653927813163,0.0314981471678136,0.783186418343429,0.9000170135541314,0.9000170135541314,0.9000170135541314,1884,"[0.8021231422505308, 0.14309978768577494, 0.02951167728237792, 0.02526539278131635]","[0.09998298644586855, 0.20002268473884194, 0.3000056711847105, 0.399988657630579]",checkpoints/NGCF-Aug-13-2026_12-54-22.pth,0.1502653927813162,0.0688358482558535
lastfm,ngcf,weighted_ngcf,2,POST_LEARNING,steck_catalog,0.0,0.6033079483411292,0.0,0.1520944122255919,0.1608899504600141,0.855643340518038,0.0088110403397027,0.0092201732948233,0.8749097607350048,0.9000170135541314,0.9000170135541314,0.9000170135541314,1884,"[0.9556263269639066, 0.029087048832271763, 0.006475583864118896, 0.00881104033970276]","[0.09998298644586855, 0.20002268473884194, 0.3000056711847105, 0.399988657630579]",checkpoints/NGCF-Aug-13-2026_12-55-42.pth,0.0,0.0
lastfm,ngcf,weighted_ngcf,2,POST_LEARNING,steck_catalog,0.1,0.6033079483411292,0.0,0.1506066712116954,0.1587756546355272,0.8151444020891633,0.0153397027600849,0.0167623687721129,0.8288375949697676,0.9000170135541314,0.9000170135541314,0.9000170135541314,1884,"[0.9151273885350318, 0.05451167728237792, 0.015021231422505308, 0.015339702760084926]","[0.09998298644586855, 0.20002268473884194, 0.3000056711847105, 0.399988657630579]",checkpoints/NGCF-Aug-13-2026_12-55-42.pth,0.0404989384288747,0.0097816940946509
lastfm,ngcf,weighted_ngcf,2,POST_LEARNING,steck_catalog,0.25,0.6033079483411292,0.0,0.1490505765641886,0.1582448690728945,0.7977346356348108,0.0198513800424628,0.0221131673860344,0.8110557036766254,0.9000170135541314,0.9000170135541314,0.9000170135541314,1884,"[0.8977176220806794, 0.06374734607218684, 0.018683651804670912, 0.019851380042462844]","[0.09998298644586855, 0.20002268473884194, 0.3000056711847105, 0.399988657630579]",checkpoints/NGCF-Aug-13-2026_12-55-42.pth,0.0579087048832271,0.0200128040002451
lastfm,ngcf,weighted_ngcf,2,POST_LEARNING,steck_catalog,0.5,0.6033079483411292,0.0,0.1458434933878072,0.1565463552724699,0.7586157396687812,0.0242038216560509,0.0281899109792284,0.7890251016749502,0.9000170135541314,0.9000170135541314,0.9000170135541314,1884,"[0.8585987261146497, 0.09304670912951167, 0.024150743099787687, 0.024203821656050957]","[0.09998298644586855, 0.20002268473884194, 0.3000056711847105, 0.399988657630579]",checkpoints/NGCF-Aug-13-2026_12-55-42.pth,0.0970276008492568,0.0410989381287271
lastfm,ngcf,weighted_ngcf,2,POST_LEARNING,steck_catalog,0.75,0.6033079483411292,0.0,0.1421902415620382,0.1547416843595187,0.7285732768237705,0.0276539278131634,0.0333760409993593,0.7835053321779047,0.9000170135541314,0.9000170135541314,0.9000170135541314,1884,"[0.828556263269639, 0.11624203821656051, 0.027547770700636943, 0.027653927813163483]","[0.09998298644586855, 0.20002268473884194, 0.3000056711847105, 0.399988657630579]",checkpoints/NGCF-Aug-13-2026_12-55-42.pth,0.1270700636942675,0.0651185702263895
lastfm,ngcf,weighted_ngcf,2,POST_LEARNING,steck_catalog,0.9,0.6033079483411292,0.0,0.1413917802874946,0.1536801132342533,0.7164182874394818,0.0276539278131634,0.0338729601456342,0.783505308096441,0.9000170135541314,0.9000170135541314,0.9000170135541314,1884,"[0.8164012738853503, 0.12754777070063694, 0.028397027600849258, 0.027653927813163483]","[0.09998298644586855, 0.20002268473884194, 0.3000056711847105, 0.399988657630579]",checkpoints/NGCF-Aug-13-2026_12-55-42.pth,0.1392250530785562,0.0703683441191957
lastfm,ngcf,weighted_ngcf,2,POST_LEARNING,steck_catalog,1.0,0.6033079483411292,0.0,0.1409935465908272,0.1531493276716206,0.7071295400934096,0.0279723991507431,0.0346573720899644,0.7835053321779047,0.9000170135541314,0.9000170135541314,0.9000170135541314,1884,"[0.8071125265392781, 0.1367303609341826, 0.02818471337579618, 0.0279723991507431]","[0.09998298644586855, 0.20002268473884194, 0.3000056711847105, 0.399988657630579]",checkpoints/NGCF-Aug-13-2026_12-55-42.pth,0.1485138004246284,0.072986676317204
ml1m,lightgcn,weighted_lightgcn,0,POST_LEARNING,steck_catalog,0.0,0.4817793780856189,0.0,0.2393270205567131,0.147914631864305,0.7906806614298704,0.000364238410596,0.0004089067320917,0.8284240750897264,0.8999190720258968,0.8999190720258968,0.8999190720258968,6040,"[0.8907615894039735, 0.09508278145695365, 0.013791390728476821, 0.0003642384105960265]","[0.10008092797410305, 0.19989209603452926, 0.2999730240086323, 0.40005395198273536]",checkpoints/LightGCN-Aug-12-2026_19-03-54.pth,0.0,0.0
ml1m,lightgcn,weighted_lightgcn,0,POST_LEARNING,steck_catalog,0.1,0.4817793780856189,0.0,0.229211167909945,0.1422027975849866,0.6703495356020559,0.0050496688741721,0.0065543473589203,0.706965652059733,0.7999190720258968,0.7999190720258968,0.7999190720258968,6040,"[0.770430463576159, 0.16766556291390727, 0.05685430463576159, 0.005049668874172185]","[0.10008092797410305, 0.19989209603452926, 0.2999730240086323, 0.40005395198273536]",checkpoints/LightGCN-Aug-12-2026_19-03-54.pth,0.1203311258278144,0.0422679086683862
ml1m,lightgcn,weighted_lightgcn,0,POST_LEARNING,steck_catalog,0.25,0.4817793780856189,0.0,0.2161749854854092,0.1383464661004327,0.607195850163553,0.007433774834437,0.010829715388326,0.638910554043987,0.7000269759913677,0.7999190720258968,0.7999190720258968,6040,"[0.6864238410596026, 0.22074503311258278, 0.08539735099337749, 0.007433774834437086]","[0.10008092797410305, 0.19989209603452926, 0.2999730240086323, 0.40005395198273536]",checkpoints/LightGCN-Aug-12-2026_19-03-54.pth,0.1834848112663173,0.0967380741942493
ml1m,lightgcn,weighted_lightgcn,0,POST_LEARNING,steck_catalog,0.5,0.4817793780856189,0.0,0.1886077868540632,0.1284143251505164,0.5668150554615663,0.0097019867549668,0.0178110087839275,0.5875131887586935,0.7000269759913677,0.7000269759913677,0.7999190720258968,6040,"[0.5447185430463576, 0.32206953642384106, 0.12350993377483444, 0.009701986754966887]","[0.10008092797410305, 0.19989209603452926, 0.2999730240086323, 0.40005395198273536]",checkpoints/LightGCN-Aug-12-2026_19-03-54.pth,0.223865605968304,0.2119243935961298
ml1m,lightgcn,weighted_lightgcn,0,POST_LEARNING,steck_catalog,0.75,0.4817793780856189,0.0,0.163806120118601,0.1184414328183936,0.5423779693688511,0.0113907284768211,0.0267777215584011,0.5858083641651646,0.7000269759913677,0.7000269759913677,0.7999190720258968,6040,"[0.42538079470198675, 0.4169701986754967, 0.14625827814569536, 0.011390728476821193]","[0.10008092797410305, 0.19989209603452926, 0.2999730240086323, 0.40005395198273536]",checkpoints/LightGCN-Aug-12-2026_19-03-54.pth,0.2483026920610193,0.315555261008299
ml1m,lightgcn,weighted_lightgcn,0,POST_LEARNING,steck_catalog,0.9,0.4817793780856189,0.0,0.156743103194875,0.1138235768892436,0.5240004859251425,0.0114403973509933,0.0300787881426021,0.5857588694737181,0.7000269759913677,0.7000269759913677,0.7999190720258968,6040,"[0.3803476821192053, 0.44362582781456955, 0.16458609271523178, 0.011440397350993378]","[0.10008092797410305, 0.19989209603452926, 0.2999730240086323, 0.40005395198273536]",checkpoints/LightGCN-Aug-12-2026_19-03-54.pth,0.2666801755047279,0.3450672522046807
ml1m,lightgcn,weighted_lightgcn,0,POST_LEARNING,steck_catalog,1.0,0.4817793780856189,0.0,0.1512181728275425,0.1088518614479623,0.5239508170509704,0.0114569536423841,0.0337857631090713,0.5857588605412706,0.7000269759913675,0.7000269759913677,0.7999190720258968,6040,"[0.33910596026490064, 0.484817880794702, 0.16461920529801324, 0.011456953642384107]","[0.10008092797410305, 0.19989209603452926, 0.2999730240086323, 0.40005395198273536]",checkpoints/LightGCN-Aug-12-2026_19-03-54.pth,0.2667298443789,0.3681525283865366
ml1m,lightgcn,weighted_lightgcn,1,POST_LEARNING,steck_catalog,0.0,0.4814615405725981,0.0,0.237397003804138,0.1454812809274178,0.7873197342775525,0.0004139072847682,0.0004664266124367,0.8269675814683871,0.8999190720258968,0.8999190720258968,0.8999190720258968,6040,"[0.8874006622516556, 0.0987748344370861, 0.013410596026490066, 0.0004139072847682119]","[0.10008092797410305, 0.19989209603452926, 0.2999730240086323, 0.40005395198273536]",checkpoints/LightGCN-Aug-12-2026_19-51-04.pth,0.0,0.0
ml1m,lightgcn,weighted_lightgcn,1,POST_LEARNING,steck_catalog,0.1,0.4814615405725981,0.0,0.2272914157324923,0.1409286875717229,0.6704488733504003,0.005,0.0064890416845724,0.707793337108781,0.7999190720258968,0.7999190720258968,0.8999190720258968,6040,"[0.7705298013245033, 0.16817880794701986, 0.056291390728476824, 0.005]","[0.10008092797410305, 0.19989209603452926, 0.2999730240086323, 0.40005395198273536]",checkpoints/LightGCN-Aug-12-2026_19-51-04.pth,0.1168708609271522,0.0425683050321188
ml1m,lightgcn,weighted_lightgcn,1,POST_LEARNING,steck_catalog,0.25,0.4814615405725981,0.0,0.2136939088689632,0.1364752326700132,0.6081230024814339,0.0074503311258278,0.0108399778382675,0.6395566513683616,0.7000269759913677,0.7999190720258968,0.8999190720258968,6040,"[0.6873013245033113, 0.22079470198675497, 0.08445364238410596, 0.0074503311258278145]","[0.10008092797410305, 0.19989209603452926, 0.2999730240086323, 0.40005395198273536]",checkpoints/LightGCN-Aug-12-2026_19-51-04.pth,0.1791967317961186,0.0998458049400268
ml1m,lightgcn,weighted_lightgcn,1,POST_LEARNING,steck_catalog,0.5,0.4814615405725981,0.0,0.1858837451690968,0.1253814713178767,0.5676594263224934,0.0095198675496688,0.0174110522331567,0.5883408202130568,0.7000269759913677,0.7000269759913677,0.8999190720258968,6040,"[0.546771523178808, 0.3208609271523179, 0.1228476821192053, 0.009519867549668874]","[0.10008092797410305, 0.19989209603452926, 0.2999730240086323, 0.40005395198273536]",checkpoints/LightGCN-Aug-12-2026_19-51-04.pth,0.2196603079550591,0.2169920336380557
ml1m,lightgcn,weighted_lightgcn,1,POST_LEARNING,steck_catalog,0.75,0.4814615405725981,0.0,0.1603196295367495,0.1143207303178838,0.5424607508258048,0.0111258278145695,0.0261062118798803,0.5867354360910181,0.7000269759913677,0.7000269759913677,0.8999190720258968,6040,"[0.4261754966887417, 0.4162582781456954, 0.14644039735099337, 0.011125827814569536]","[0.10008092797410305, 0.19989209603452926, 0.2999730240086323, 0.40005395198273536]",checkpoints/LightGCN-Aug-12-2026_19-51-04.pth,0.2448589834517477,0.324677114842529
ml1m,lightgcn,weighted_lightgcn,1,POST_LEARNING,steck_catalog,0.9,0.4814615405725981,0.0,0.1536719952595438,0.1099587980828936,0.524579956123818,0.0111258278145695,0.0290871315413582,0.5867355700777301,0.7000269759913677,0.7000269759913677,0.8999190720258968,6040,"[0.3825, 0.4420529801324503, 0.16432119205298013, 0.011125827814569536]","[0.10008092797410305, 0.19989209603452926, 0.2999730240086323, 0.40005395198273536]",checkpoints/LightGCN-Aug-12-2026_19-51-04.pth,0.2627397781537345,0.3526792975604301
ml1m,lightgcn,weighted_lightgcn,1,POST_LEARNING,steck_catalog,1.0,0.4814615405725981,0.0,0.1483564633050661,0.1052394881773799,0.5245468435410365,0.0111423841059602,0.0326730750558306,0.5867355611452826,0.7000269759913675,0.7000269759913677,0.8999190720258968,6040,"[0.34102649006622515, 0.48349337748344373, 0.16433774834437087, 0.011142384105960265]","[0.10008092797410305, 0.19989209603452926, 0.2999730240086323, 0.40005395198273536]",checkpoints/LightGCN-Aug-12-2026_19-51-04.pth,0.262772890736516,0.3750701949571944
ml1m,lightgcn,weighted_lightgcn,2,POST_LEARNING,steck_catalog,0.0,0.4816974356017932,0.0,0.2386519848594998,0.1453620388521236,0.7881806614298703,0.0002814569536423,0.0003168626866228,0.8271329389360025,0.8999190720258968,0.8999190720258968,0.8999190720258968,6040,"[0.8882615894039735, 0.09788079470198675, 0.013576158940397352, 0.0002814569536423841]","[0.10008092797410305, 0.19989209603452926, 0.2999730240086323, 0.40005395198273536]",checkpoints/LightGCN-Aug-12-2026_20-37-28.pth,0.0,0.0
ml1m,lightgcn,weighted_lightgcn,2,POST_LEARNING,steck_catalog,0.1,0.4816974356017932,0.0,0.2283944517096158,0.1410586795361792,0.6698197342775526,0.0046854304635761,0.0060857597522687,0.7059899608222853,0.7000269759913677,0.7999190720258968,0.8999190720258968,6040,"[0.7699006622516557, 0.16854304635761588, 0.056870860927152316, 0.004685430463576159]","[0.10008092797410305, 0.19989209603452926, 0.2999730240086323, 0.40005395198273536]",checkpoints/LightGCN-Aug-12-2026_20-37-28.pth,0.1183609271523177,0.0429811348768911
ml1m,lightgcn,weighted_lightgcn,2,POST_LEARNING,steck_catalog,0.25,0.4816974356017932,0.0,0.2148711076317801,0.1363670021904833,0.6070137309582551,0.0072350993377483,0.0105491852745926,0.6382155426372514,0.7000269759913677,0.7999190720258968,0.8999190720258968,6040,"[0.6858443708609272, 0.22114238410596027, 0.08577814569536424, 0.007235099337748344]","[0.10008092797410305, 0.19989209603452926, 0.2999730240086323, 0.40005395198273536]",checkpoints/LightGCN-Aug-12-2026_20-37-28.pth,0.1811669304716152,0.0996466769036932
ml1m,lightgcn,weighted_lightgcn,2,POST_LEARNING,steck_catalog,0.5,0.4816974356017932,0.0,0.1878650826933249,0.1264075761212012,0.5654408832761358,0.0092880794701986,0.0170641197225939,0.5859732526792876,0.7000269759913677,0.7000269759913677,0.8999190720258968,6040,"[0.5443046357615894, 0.3211092715231788, 0.12529801324503312, 0.009288079470198676]","[0.10008092797410305, 0.19989209603452926, 0.2999730240086323, 0.40005395198273536]",checkpoints/LightGCN-Aug-12-2026_20-37-28.pth,0.2227397781537344,0.2128073738673254
ml1m,lightgcn,weighted_lightgcn,2,POST_LEARNING,steck_catalog,0.75,0.4816974356017932,0.0,0.1620572663062682,0.1150301523118502,0.5403249892364008,0.01091059602649,0.0256990211753694,0.5843182622102091,0.7000269759913677,0.7000269759913677,0.8999190720258968,6040,"[0.42455298013245035, 0.41574503311258276, 0.14879139072847683, 0.010910596026490067]","[0.10008092797410305, 0.19989209603452926, 0.2999730240086323, 0.40005395198273536]",checkpoints/LightGCN-Aug-12-2026_20-37-28.pth,0.2478556721934695,0.3209473350842849
ml1m,lightgcn,weighted_lightgcn,2,POST_LEARNING,steck_catalog,0.9,0.4816974356017932,0.0,0.1550403606247094,0.1099749259118028,0.5211528038059372,0.01091059602649,0.0286870973358871,0.5843185435823045,0.7000269759913677,0.7000269759913677,0.8999190720258968,6040,"[0.3803311258278146, 0.44079470198675497, 0.1679635761589404, 0.010910596026490067]","[0.10008092797410305, 0.19989209603452926, 0.2999730240086323, 0.40005395198273536]",checkpoints/LightGCN-Aug-12-2026_20-37-28.pth,0.2670278576239331,0.3503495865915992
ml1m,lightgcn,weighted_lightgcn,2,POST_LEARNING,steck_catalog,1.0,0.4816974356017932,0.0,0.1500286301893829,0.1058632624018493,0.5211528038059372,0.01091059602649,0.0321714508884983,0.5843185435823044,0.7000269759913675,0.7000269759913677,0.8999190720258968,6040,"[0.33913907284768213, 0.4819867549668874, 0.1679635761589404, 0.010910596026490067]","[0.10008092797410305, 0.19989209603452926, 0.2999730240086323, 0.40005395198273536]",checkpoints/LightGCN-Aug-12-2026_20-37-28.pth,0.2670278576239331,0.3713497489756543
ml1m,ngcf,weighted_ngcf,0,POST_LEARNING,steck_catalog,0.0,0.4817793780856189,0.0,0.2560623029032564,0.1649687504747825,0.6685534660575929,0.0003807947019867,0.0004988721152177,0.7546123719756966,0.7000269759913677,0.8999190720258968,0.8999190720258968,6040,"[0.7633112582781457, 0.20521523178807946, 0.031092715231788078, 0.00038079470198675497]","[0.10008092797410305, 0.19989209603452926, 0.2999730240086323, 0.40005395198273536]",checkpoints/NGCF-Aug-13-2026_10-22-38.pth,0.0,0.0
ml1m,ngcf,weighted_ngcf,0,POST_LEARNING,steck_catalog,0.1,0.4817793780856189,0.0,0.2382380248450108,0.1564830574800166,0.5799607508258048,0.0139403973509933,0.0219935220980043,0.6164182850772746,0.6000269759913677,0.7999190720258968,0.7999190720258968,6040,"[0.633841059602649, 0.24609271523178808, 0.10612582781456954, 0.013940397350993377]","[0.10008092797410305, 0.19989209603452926, 0.2999730240086323, 0.40005395198273536]",checkpoints/NGCF-Aug-13-2026_10-22-38.pth,0.0885927152317881,0.0696091453374917
ml1m,ngcf,weighted_ngcf,0,POST_LEARNING,steck_catalog,0.25,0.4817793780856189,0.0,0.2178428882222781,0.14743759513972,0.5194475057926922,0.0203973509933774,0.038332296204107,0.5297777205108646,0.5000269759913677,0.7000269759913677,0.7999190720258968,6040,"[0.5321192052980133, 0.28730132450331125, 0.160182119205298, 0.020397350993377483]","[0.10008092797410305, 0.19989209603452926, 0.2999730240086323, 0.40005395198273536]",checkpoints/NGCF-Aug-13-2026_10-22-38.pth,0.1491059602649007,0.1492582635071359
ml1m,ngcf,weighted_ngcf,0,POST_LEARNING,steck_catalog,0.5,0.4817793780856189,0.0,0.1779717417822962,0.131393338027659,0.4438349230112352,0.0258940397350993,0.0657778525465786,0.4630270858604716,0.4000539519827354,0.7000269759913677,0.7000269759913677,6040,"[0.393658940397351, 0.3501490066225166, 0.2302980132450331, 0.025894039735099336]","[0.10008092797410305, 0.19989209603452926, 0.2999730240086323, 0.40005395198273536]",checkpoints/NGCF-Aug-13-2026_10-22-38.pth,0.2247185430463577,0.3049670343332959
ml1m,ngcf,weighted_ngcf,0,POST_LEARNING,steck_catalog,0.75,0.4817793780856189,0.0,0.1552851281671078,0.1181052453348908,0.3981561150642153,0.0294370860927152,0.1013625220911008,0.4593037514492896,0.4000539519827354,0.7000269759913677,0.7000269759913677,6040,"[0.29041390728476824, 0.40771523178807945, 0.2724337748344371, 0.029437086092715233]","[0.10008092797410305, 0.19989209603452926, 0.2999730240086323, 0.40005395198273536]",checkpoints/NGCF-Aug-13-2026_10-22-38.pth,0.2703973509933776,0.3935650566035232
ml1m,ngcf,weighted_ngcf,0,POST_LEARNING,steck_catalog,0.9,0.4817793780856189,0.0,0.1483611118846711,0.1113973721958016,0.3706168658900201,0.0294370860927152,0.1133133643489898,0.4593046491602606,0.4000539519827354,0.7000269759913677,0.7000269759913677,6040,"[0.25978476821192054, 0.40486754966887417, 0.30591059602649007, 0.029437086092715233]","[0.10008092797410305, 0.19989209603452926, 0.2999730240086323, 0.40005395198273536]",checkpoints/NGCF-Aug-13-2026_10-22-38.pth,0.2979366001675728,0.4206054143755637
ml1m,ngcf,weighted_ngcf,0,POST_LEARNING,steck_catalog,1.0,0.4817793780856189,0.0,0.1448038961234304,0.1073610208220951,0.3706168658900201,0.0294370860927152,0.1239024390243902,0.4593046089642469,0.4000539519827354,0.7000269759913675,0.7000269759913675,6040,"[0.23758278145695363, 0.42695364238410594, 0.3060264900662252, 0.029437086092715233]","[0.10008092797410305, 0.19989209603452926, 0.2999730240086323, 0.40005395198273536]",checkpoints/NGCF-Aug-13-2026_10-22-38.pth,0.2979366001675728,0.4344974075385896
ml1m,ngcf,weighted_ngcf,1,POST_LEARNING,steck_catalog,0.0,0.4814615405725981,0.0,0.2542642550016923,0.1656254046947322,0.665556777315871,0.0006456953642384,0.0008599589865714,0.7489850640545808,0.7000269759913677,0.8999190720258968,0.8999190720258968,6040,"[0.7508443708609271, 0.21468543046357616, 0.033824503311258275, 0.0006456953642384106]","[0.10008092797410305, 0.19989209603452926, 0.2999730240086323, 0.40005395198273536]",checkpoints/NGCF-Aug-13-2026_11-08-00.pth,0.0,0.0
ml1m,ngcf,weighted_ngcf,1,POST_LEARNING,steck_catalog,0.1,0.4814615405725981,0.0,0.235933592806119,0.1549071792526762,0.574579956123818,0.0158609271523178,0.0254868575077152,0.6092189557254307,0.6000269759913677,0.7999190720258968,0.7999190720258968,6040,"[0.622317880794702, 0.25223509933774835, 0.10958609271523179, 0.01586092715231788]","[0.10008092797410305, 0.19989209603452926, 0.2999730240086323, 0.40005395198273536]",checkpoints/NGCF-Aug-13-2026_11-08-00.pth,0.090976821192053,0.0720929577594431
ml1m,ngcf,weighted_ngcf,1,POST_LEARNING,steck_catalog,0.25,0.4814615405725981,0.0,0.215308810693211,0.1455515917410351,0.5120302872496458,0.0237417218543046,0.0455151399733384,0.5220302917158696,0.5000269759913677,0.7000269759913677,0.7000269759913677,6040,"[0.5216225165562914, 0.29038079470198674, 0.16425496688741723, 0.023741721854304634]","[0.10008092797410305, 0.19989209603452926, 0.2999730240086323, 0.40005395198273536]",checkpoints/NGCF-Aug-13-2026_11-08-00.pth,0.1535264900662252,0.1532084968381496
ml1m,ngcf,weighted_ngcf,1,POST_LEARNING,steck_catalog,0.5,0.4814615405725981,0.0,0.1751960777058955,0.1296970408518729,0.4350766448655399,0.0300993377483443,0.0780391483516483,0.4545679017859536,0.4000539519827354,0.7000269759913677,0.7000269759913677,6040,"[0.3856953642384106, 0.3493543046357616, 0.23485099337748344, 0.03009933774834437]","[0.10008092797410305, 0.19989209603452926, 0.2999730240086323, 0.40005395198273536]",checkpoints/NGCF-Aug-13-2026_11-08-00.pth,0.2304801324503311,0.310968513034876
ml1m,ngcf,weighted_ngcf,1,POST_LEARNING,steck_catalog,0.75,0.4814615405725981,0.0,0.1528324846544236,0.114868177649426,0.3887024726801094,0.0345860927152317,0.12091919425793,0.4499673742356058,0.4000539519827354,0.7000269759913677,0.7000269759913677,6040,"[0.28602649006622516, 0.40264900662251657, 0.2767384105960265, 0.03458609271523179]","[0.10008092797410305, 0.19989209603452926, 0.2999730240086323, 0.40005395198273536]",checkpoints/NGCF-Aug-13-2026_11-08-00.pth,0.2768543046357616,0.398922649770781
ml1m,ngcf,weighted_ngcf,1,POST_LEARNING,steck_catalog,0.9,0.4814615405725981,0.0,0.1457771625401499,0.1077463678360819,0.3654678592675036,0.0345860927152317,0.1347915860110982,0.4499682317505631,0.4000539519827354,0.7000269759913677,0.7000269759913677,6040,"[0.25658940397350993, 0.3998509933774834, 0.3089735099337748, 0.03458609271523179]","[0.10008092797410305, 0.19989209603452926, 0.2999730240086323, 0.40005395198273536]",checkpoints/NGCF-Aug-13-2026_11-08-00.pth,0.3000889180483674,0.4266706401999773
ml1m,ngcf,weighted_ngcf,1,POST_LEARNING,steck_catalog,1.0,0.4814615405725981,0.0,0.1430169138839935,0.1048395797981195,0.3654678592675036,0.0345860927152317,0.1472890079672847,0.4499682317505631,0.4000539519827354,0.7000269759913675,0.7000269759913675,6040,"[0.23481788079470198, 0.4214569536423841, 0.3091390728476821, 0.03458609271523179]","[0.10008092797410305, 0.19989209603452926, 0.2999730240086323, 0.40005395198273536]",checkpoints/NGCF-Aug-13-2026_11-08-00.pth,0.3000889180483674,0.4375264667735475
ml1m,ngcf,weighted_ngcf,2,POST_LEARNING,steck_catalog,0.0,0.4816974356017932,0.0,0.2519392428304561,0.1626040037379958,0.6639673733423611,0.0009602649006622,0.0012920184446771,0.7430603502948601,0.7000269759913677,0.8999190720258968,0.8999190720258968,6040,"[0.7432284768211921, 0.22071192052980132, 0.035099337748344374, 0.0009602649006622517]","[0.10008092797410305, 0.19989209603452926, 0.2999730240086323, 0.40005395198273536]",checkpoints/NGCF-Aug-13-2026_11-53-51.pth,0.0,0.0
ml1m,ngcf,weighted_ngcf,2,POST_LEARNING,steck_catalog,0.1,0.4816974356017932,0.0,0.2331647527063651,0.1519560105007751,0.5688349230112352,0.0182947019867549,0.0298503430763412,0.6016711090705431,0.6000269759913677,0.7999190720258968,0.7999190720258968,6040,"[0.6128807947019868, 0.25592715231788077, 0.11289735099337748, 0.018294701986754966]","[0.10008092797410305, 0.19989209603452926, 0.2999730240086323, 0.40005395198273536]",checkpoints/NGCF-Aug-13-2026_11-53-51.pth,0.0951324503311259,0.0745199116785683
ml1m,ngcf,weighted_ngcf,2,POST_LEARNING,steck_catalog,0.25,0.4816974356017932,0.0,0.2117185637648086,0.1414773003677547,0.5030236647330895,0.0272682119205298,0.0534966057102023,0.5123294125843892,0.5000269759913677,0.7000269759913677,0.7000269759913677,6040,"[0.5097185430463577, 0.29327814569536426, 0.16973509933774836, 0.027268211920529802]","[0.10008092797410305, 0.19989209603452926, 0.2999730240086323, 0.40005395198273536]",checkpoints/NGCF-Aug-13-2026_11-53-51.pth,0.1609437086092716,0.1596443595439167
ml1m,ngcf,weighted_ngcf,2,POST_LEARNING,steck_catalog,0.5,0.4816974356017932,0.0,0.1725391771726974,0.1247299386562858,0.4223448567860697,0.0344701986754966,0.0920505791847201,0.4417543237511992,0.4000539519827354,0.7000269759913677,0.7000269759913677,6040,"[0.3744701986754967, 0.3478476821192053, 0.2432119205298013, 0.03447019867549669]","[0.10008092797410305, 0.19989209603452926, 0.2999730240086323, 0.40005395198273536]",checkpoints/NGCF-Aug-13-2026_11-53-51.pth,0.2416225165562914,0.3151556096054131
ml1m,ngcf,weighted_ngcf,2,POST_LEARNING,steck_catalog,0.75,0.4816974356017932,0.0,0.1507812194451052,0.1121815991424908,0.3734706846006391,0.0395033112582781,0.1429427270548766,0.4365255146429612,0.4000539519827354,0.7000269759913677,0.7000269759913677,6040,"[0.27635761589403973, 0.39708609271523176, 0.28705298013245034, 0.03950331125827815]","[0.10008092797410305, 0.19989209603452926, 0.2999730240086323, 0.40005395198273536]",checkpoints/NGCF-Aug-13-2026_11-53-51.pth,0.2904966887417219,0.4015175335484585
ml1m,ngcf,weighted_ngcf,2,POST_LEARNING,steck_catalog,0.9,0.4816974356017932,0.0,0.144698305452558,0.1068028279242318,0.3605340844330665,0.0395198675496688,0.1586362730112314,0.4365099766505823,0.4000539519827354,0.7000269759913677,0.7000269759913677,6040,"[0.2491225165562914, 0.3916059602649007, 0.3197516556291391, 0.03951986754966887]","[0.10008092797410305, 0.19989209603452926, 0.2999730240086323, 0.40005395198273536]",checkpoints/NGCF-Aug-13-2026_11-53-51.pth,0.3034332889092945,0.4256619023423294
ml1m,ngcf,weighted_ngcf,2,POST_LEARNING,steck_catalog,1.0,0.4816974356017932,0.0,0.1417873421509071,0.1035445829999891,0.3605340844330665,0.0395198675496688,0.1722843738722482,0.4365099766505823,0.4000539519827354,0.7000269759913675,0.7000269759913675,6040,"[0.22938741721854305, 0.41119205298013245, 0.31990066225165564, 0.03951986754966887]","[0.10008092797410305, 0.19989209603452926, 0.2999730240086323, 0.40005395198273536]",checkpoints/NGCF-Aug-13-2026_11-53-51.pth,0.3034332889092945,0.4372161297383762
