InputGain,OutputGain,dataset,dataset_name,model,intervention_family,seed,intervention_parameter,realization_ratio,reversed_frozen
0.5067784724855492,0.085031847133758,lastfm,LastFM,BPR,minimum-perturbation KL,0,0.1,0.16778898818789642,False
0.3875019064414419,0.035031847133758,lastfm,LastFM,BPR,minimum-perturbation KL,0,0.5,0.0904043220211922,False
0.1677256560444632,0.0116772823779192,lastfm,LastFM,BPR,minimum-perturbation KL,0,2.0,0.06962132480688353,False
0.0392077642902811,0.0031316348195329,lastfm,LastFM,BPR,minimum-perturbation KL,0,8.0,0.07987282305482479,False
0.0631224669717765,0.0056794055201698,lastfm,LastFM,BPR,inverse-power,0,0.1,0.08997439093610192,False
0.1325571013296966,0.0112526539278132,lastfm,LastFM,BPR,inverse-power,0,0.2,0.08488910676935782,False
0.2582681543325761,0.0255838641188961,lastfm,LastFM,BPR,inverse-power,0,0.4,0.09905930595667378,False
0.5048235617413357,0.1115711252653929,lastfm,LastFM,BPR,inverse-power,0,0.8,0.22101013843438697,False
0.5065105930723104,0.0901804670912952,lastfm,LastFM,BPR,minimum-perturbation KL,1,0.1,0.17804260823903612,False
0.3876643920727339,0.0398089171974522,lastfm,LastFM,BPR,minimum-perturbation KL,1,0.5,0.1026891249531714,False
0.1678646939117058,0.0140658174097664,lastfm,LastFM,BPR,minimum-perturbation KL,1,2.0,0.08379258962676689,False
0.0391313201721853,0.003343949044586,lastfm,LastFM,BPR,minimum-perturbation KL,1,8.0,0.08545454203619976,False
0.0629938730894987,0.0059978768577494,lastfm,LastFM,BPR,inverse-power,1,0.1,0.09521365433790524,False
0.1322930568850213,0.0128980891719745,lastfm,LastFM,BPR,inverse-power,1,0.2,0.0974963424058188,False
0.2565817590352239,0.0289808917197452,lastfm,LastFM,BPR,inverse-power,1,0.4,0.11294992999002186,False
0.5038579953376617,0.1178874734607219,lastfm,LastFM,BPR,inverse-power,1,0.8,0.23396963936578857,False
0.5068456495361711,0.0951167728237791,lastfm,LastFM,BPR,minimum-perturbation KL,2,0.1,0.18766417924435808,False
0.3878238622080342,0.039384288747346,lastfm,LastFM,BPR,minimum-perturbation KL,2,0.5,0.1015519997225434,False
0.1678791863021119,0.0122080679405519,lastfm,LastFM,BPR,minimum-perturbation KL,2,2.0,0.07271936569064918,False
0.0391606835696599,0.0041401273885349,lastfm,LastFM,BPR,minimum-perturbation KL,2,8.0,0.10572153014567146,False
0.0630355432859616,0.0064225053078554,lastfm,LastFM,BPR,inverse-power,2,0.1,0.10188704614981452,False
0.1323946669345214,0.0123673036093417,lastfm,LastFM,BPR,inverse-power,2,0.2,0.09341240017967048,False
0.2571152872796564,0.0290870488322717,lastfm,LastFM,BPR,inverse-power,2,0.4,0.11312843020739803,False
0.5043853412477096,0.123619957537155,lastfm,LastFM,BPR,inverse-power,2,0.8,0.24509030581926405,False
0.5067784724855492,0.3652335456475584,lastfm,LastFM,ItemKNN,minimum-perturbation KL,0,0.1,0.7206966465174249,False
0.3875019064414419,0.2309978768577494,lastfm,LastFM,ItemKNN,minimum-perturbation KL,0,0.5,0.596120620357921,False
0.1677256560444632,0.0834394904458598,lastfm,LastFM,ItemKNN,minimum-perturbation KL,0,2.0,0.49747601180191786,False
0.0392077642902811,0.0216029723991506,lastfm,LastFM,ItemKNN,minimum-perturbation KL,0,8.0,0.5509871014120943,False
0.0631224669717765,0.0360403397027599,lastfm,LastFM,ItemKNN,inverse-power,0,0.1,0.5709589854730229,False
0.1325571013296966,0.0790339702760084,lastfm,LastFM,ItemKNN,inverse-power,0,0.2,0.5962258489602512,False
0.2582681543325761,0.2062101910828025,lastfm,LastFM,ItemKNN,inverse-power,0,0.4,0.7984344473893683,False
0.5048235617413357,0.4445859872611464,lastfm,LastFM,ItemKNN,inverse-power,0,0.8,0.8806759845511051,False
0.5065105930723104,0.3597133757961783,lastfm,LastFM,ItemKNN,minimum-perturbation KL,1,0.1,0.7101793737704217,False
0.3876643920727339,0.2249469214437367,lastfm,LastFM,ItemKNN,minimum-perturbation KL,1,0.5,0.5802620154020542,False
0.1678646939117058,0.0821125265392781,lastfm,LastFM,ItemKNN,minimum-perturbation KL,1,2.0,0.4891590043494673,False
0.0391313201721853,0.0209129511677281,lastfm,LastFM,ItemKNN,minimum-perturbation KL,1,8.0,0.5344299930517834,False
0.0629938730894987,0.0359872611464968,lastfm,LastFM,ItemKNN,inverse-power,1,0.1,0.5712819260274378,False
0.1322930568850213,0.078556263269639,lastfm,LastFM,ItemKNN,inverse-power,1,0.2,0.5938048837885266,False
0.2565817590352239,0.2004777070063694,lastfm,LastFM,ItemKNN,inverse-power,1,0.4,0.7813404497661408,False
0.5038579953376617,0.4373142250530785,lastfm,LastFM,ItemKNN,inverse-power,1,0.8,0.8679314987549444,False
0.5068456495361711,0.3772292993630573,lastfm,LastFM,ItemKNN,minimum-perturbation KL,2,0.1,0.7442685948044945,False
0.3878238622080342,0.2369957537154989,lastfm,LastFM,ItemKNN,minimum-perturbation KL,2,0.5,0.6110912112684057,False
0.1678791863021119,0.0852972399150743,lastfm,LastFM,ItemKNN,minimum-perturbation KL,2,2.0,0.5080870463690189,False
0.0391606835696599,0.0200636942675159,lastfm,LastFM,ItemKNN,minimum-perturbation KL,2,8.0,0.5123427999367313,False
0.0630355432859616,0.0347133757961783,lastfm,LastFM,ItemKNN,inverse-power,2,0.1,0.5506952742312475,False
0.1323946669345214,0.0820063694267516,lastfm,LastFM,ItemKNN,inverse-power,2,0.2,0.61940840462486,False
0.2571152872796564,0.2138004246284501,lastfm,LastFM,ItemKNN,inverse-power,2,0.4,0.831535249772628,False
0.5043853412477096,0.4479830148619957,lastfm,LastFM,ItemKNN,inverse-power,2,0.8,0.8881761189843659,False
0.5067784724855492,0.0540339702760086,lastfm,LastFM,LightGCN,minimum-perturbation KL,0,0.1,0.10662246565248365,False
0.3875019064414419,0.0291401273885351,lastfm,LastFM,LightGCN,minimum-perturbation KL,0,0.5,0.0751999587721736,False
0.1677256560444632,0.0110934182590234,lastfm,LastFM,LightGCN,minimum-perturbation KL,0,2.0,0.06614025856654031,False
0.0392077642902811,0.0038747346072187,lastfm,LastFM,LightGCN,minimum-perturbation KL,0,8.0,0.09882569632207204,False
0.0631224669717765,0.0061040339702762,lastfm,LastFM,LightGCN,inverse-power,0,0.1,0.09670144820235643,False
0.1325571013296966,0.0132165605095542,lastfm,LastFM,LightGCN,inverse-power,0,0.2,0.09970465842250059,False
0.2582681543325761,0.026751592356688,lastfm,LastFM,LightGCN,inverse-power,0,0.4,0.10358068506672928,False
0.5048235617413357,0.0678343949044586,lastfm,LastFM,LightGCN,inverse-power,0,0.8,0.13437248188351392,False
0.5065105930723104,0.055732484076433,lastfm,LastFM,LightGCN,minimum-perturbation KL,1,0.1,0.11003221815832097,False
0.3876643920727339,0.0274416135881103,lastfm,LastFM,LightGCN,minimum-perturbation KL,1,0.5,0.07078703680105261,False
0.1678646939117058,0.0084925690021231,lastfm,LastFM,LightGCN,minimum-perturbation KL,1,2.0,0.05059175222748185,False
0.0391313201721853,0.0022292993630572,lastfm,LastFM,LightGCN,minimum-perturbation KL,1,8.0,0.05696969469079643,False
0.0629938730894987,0.0041932059447982,lastfm,LastFM,LightGCN,inverse-power,1,0.1,0.06656529816543733,False
0.1322930568850213,0.0106157112526539,lastfm,LastFM,LightGCN,inverse-power,1,0.2,0.0802439032146656,False
0.2565817590352239,0.0225053078556263,lastfm,LastFM,LightGCN,inverse-power,1,0.4,0.08771203354536493,False
0.5038579953376617,0.0686836518046709,lastfm,LastFM,LightGCN,inverse-power,1,0.8,0.1363154945246872,False
0.5068456495361711,0.057484076433121,lastfm,LastFM,LightGCN,minimum-perturbation KL,2,0.1,0.11341534939823657,False
0.3878238622080342,0.0283439490445859,lastfm,LastFM,LightGCN,minimum-perturbation KL,2,0.5,0.07308459279223464,False
0.1678791863021119,0.010031847133758,lastfm,LastFM,LightGCN,minimum-perturbation KL,2,2.0,0.059756348328403826,False
0.0391606835696599,0.0031847133757961,lastfm,LastFM,LightGCN,minimum-perturbation KL,2,8.0,0.08132425395820941,False
0.0630355432859616,0.0054140127388535,lastfm,LastFM,LightGCN,inverse-power,2,0.1,0.08588825377918546,False
0.1323946669345214,0.0118895966029723,lastfm,LastFM,LightGCN,inverse-power,2,0.2,0.08980419588088509,False
0.2571152872796564,0.0250530785562632,lastfm,LastFM,LightGCN,inverse-power,2,0.4,0.0974390858720654,False
0.5043853412477096,0.0723460721868365,lastfm,LastFM,LightGCN,inverse-power,2,0.8,0.14343412916773585,False
0.5067784724855492,0.0122611464968153,lastfm,LastFM,NeuMF,minimum-perturbation KL,0,0.1,0.02419429230424725,False
0.3875019064414419,0.0036624203821656,lastfm,LastFM,NeuMF,minimum-perturbation KL,0,0.5,0.00945136093857916,False
0.1677256560444632,-0.0044055201698514,lastfm,LastFM,NeuMF,minimum-perturbation KL,0,2.0,-0.026266227086233718,True
0.0392077642902811,-0.0040870488322717,lastfm,LastFM,NeuMF,minimum-perturbation KL,0,8.0,-0.10424080296985477,True
0.0631224669717765,-0.0027070063694266,lastfm,LastFM,NeuMF,inverse-power,0,0.1,-0.042884990072345634,True
0.1325571013296966,-0.0020700636942674,lastfm,LastFM,NeuMF,inverse-power,0,0.2,-0.015616392283041318,True
0.2582681543325761,0.0045647558386412,lastfm,LastFM,NeuMF,inverse-power,0,0.4,0.017674481975672035,False
0.5048235617413357,0.01104033970276,lastfm,LastFM,NeuMF,inverse-power,0,0.8,0.021869699711870638,False
0.5065105930723104,0.0123673036093417,lastfm,LastFM,NeuMF,minimum-perturbation KL,1,0.1,0.02441667317227484,False
0.3876643920727339,0.0016454352441613,lastfm,LastFM,NeuMF,minimum-perturbation KL,1,0.5,0.004244483831397602,False
0.1678646939117058,-0.0014861995753715,lastfm,LastFM,NeuMF,minimum-perturbation KL,1,2.0,-0.008853556639809069,True
0.0391313201721853,0.000796178343949,lastfm,LastFM,NeuMF,minimum-perturbation KL,1,8.0,0.020346319532427295,False
0.0629938730894987,0.0004246284501061,lastfm,LastFM,NeuMF,inverse-power,1,0.1,0.00674078968763848,False
0.1322930568850213,0.0037154989384288,lastfm,LastFM,NeuMF,inverse-power,1,0.2,0.02808536612513247,False
0.2565817590352239,0.0101910828025476,lastfm,LastFM,NeuMF,inverse-power,1,0.4,0.039718656699787275,False
0.5038579953376617,0.0152866242038216,lastfm,LastFM,NeuMF,inverse-power,1,0.8,0.030339151795293492,False
0.5068456495361711,0.0223991507430999,lastfm,LastFM,NeuMF,minimum-perturbation KL,2,0.1,0.044193238639017626,False
0.3878238622080342,0.0136942675159236,lastfm,LastFM,NeuMF,minimum-perturbation KL,2,0.5,0.035310533596248396,False
0.1678791863021119,0.0020700636942676,lastfm,LastFM,NeuMF,minimum-perturbation KL,2,2.0,0.012330675051893308,False
0.0391606835696599,0.0,lastfm,LastFM,NeuMF,minimum-perturbation KL,2,8.0,0.0,True
0.0630355432859616,0.006528662420382,lastfm,LastFM,NeuMF,inverse-power,2,0.1,0.1035711295572505,False
0.1323946669345214,0.0025477707006369,lastfm,LastFM,NeuMF,inverse-power,2,0.2,0.0192437562601895,False
0.2571152872796564,0.0253715498938429,lastfm,LastFM,NeuMF,inverse-power,2,0.4,0.09867771831959196,False
0.5043853412477096,0.0298301486199575,lastfm,LastFM,NeuMF,inverse-power,2,0.8,0.059141585174077374,False
0.5067784724855492,0.0248938428874734,lastfm,LastFM,NGCF,minimum-perturbation KL,0,0.1,0.04912174498135031,False
0.3875019064414419,0.0178343949044585,lastfm,LastFM,NGCF,minimum-perturbation KL,0,0.5,0.04602401848351572,False
0.1677256560444632,0.0058917197452229,lastfm,LastFM,NGCF,minimum-perturbation KL,0,2.0,0.03512712297074596,False
0.0392077642902811,0.000212314225053,lastfm,LastFM,NGCF,minimum-perturbation KL,0,8.0,0.0054151066477827435,False
0.0631224669717765,0.0017515923566878,lastfm,LastFM,NGCF,inverse-power,0,0.1,0.027749111223282465,False
0.1325571013296966,0.006475583864119,lastfm,LastFM,NGCF,inverse-power,0,0.2,0.048851278423876356,False
0.2582681543325761,0.0171974522292993,lastfm,LastFM,NGCF,inverse-power,0,0.4,0.06658758325718261,False
0.5048235617413357,0.0318471337579617,lastfm,LastFM,NGCF,inverse-power,0,0.8,0.06308567224578102,False
0.5065105930723104,0.0271231422505306,lastfm,LastFM,NGCF,minimum-perturbation KL,1,0.1,0.05354901283704929,False
0.3876643920727339,0.0194267515923566,lastfm,LastFM,NGCF,minimum-perturbation KL,1,0.5,0.050112292977147456,False
0.1678646939117058,0.0077494692144373,lastfm,LastFM,NGCF,minimum-perturbation KL,1,2.0,0.04616497390757701,False
0.0391313201721853,0.0024416135881104,lastfm,LastFM,NGCF,minimum-perturbation KL,1,8.0,0.062395379899447115,False
0.0629938730894987,0.0033439490445859,lastfm,LastFM,NGCF,inverse-power,1,0.1,0.05308371879015878,False
0.1322930568850213,0.0075902335456474,lastfm,LastFM,NGCF,inverse-power,1,0.2,0.05737439079848486,False
0.2565817590352239,0.0177813163481952,lastfm,LastFM,NGCF,inverse-power,1,0.4,0.06930078122098367,False
0.5038579953376617,0.0322186836518045,lastfm,LastFM,NGCF,inverse-power,1,0.8,0.0639439761796636,False
0.5068456495361711,0.0193736730360934,lastfm,LastFM,NGCF,minimum-perturbation KL,2,0.1,0.038224009723320705,False
0.3878238622080342,0.0164012738853503,lastfm,LastFM,NGCF,minimum-perturbation KL,2,0.5,0.04229052279550665,False
0.1678791863021119,0.0086518046709129,lastfm,LastFM,NGCF,minimum-perturbation KL,2,2.0,0.0515358982938081,False
0.0391606835696599,0.0024416135881103,lastfm,LastFM,NGCF,minimum-perturbation KL,2,8.0,0.062348594701292774,False
0.0630355432859616,0.0043524416135881,lastfm,LastFM,NGCF,inverse-power,2,0.1,0.06904741970483524,False
0.1323946669345214,0.0096602972399151,lastfm,LastFM,NGCF,inverse-power,2,0.2,0.07296590915321993,False
0.2571152872796564,0.0192144373673036,lastfm,LastFM,NGCF,inverse-power,2,0.4,0.07473082433408422,False
0.5043853412477096,0.0211783439490446,lastfm,LastFM,NGCF,inverse-power,2,0.8,0.04198842079084861,False
0.4155275210377668,0.2895198675496688,ml1m,MovieLens-1M,BPR,minimum-perturbation KL,0,0.1,0.6967525684618966,False
0.3097073730832871,0.1379966887417217,ml1m,MovieLens-1M,BPR,minimum-perturbation KL,0,0.5,0.44557120926085075,False
0.1101299941890081,0.0322682119205298,ml1m,MovieLens-1M,BPR,minimum-perturbation KL,0,2.0,0.29300112252026655,False
0.0216676015058061,0.0202649006622516,ml1m,MovieLens-1M,BPR,minimum-perturbation KL,0,8.0,0.935262754247228,False
0.0347782591090517,0.014503311258278,ml1m,MovieLens-1M,BPR,inverse-power,0,0.1,0.41702234757642714,False
0.0736462085067679,0.0386669304716154,ml1m,MovieLens-1M,BPR,inverse-power,0,0.2,0.5250362680661559,False
0.1634067766214311,0.0949748774914828,ml1m,MovieLens-1M,BPR,inverse-power,0,0.4,0.5812174957193708,False
0.3685994817315625,0.2755874602729399,ml1m,MovieLens-1M,BPR,inverse-power,0,0.8,0.7476610085785204,False
0.4152754099525115,0.2648344370860928,ml1m,MovieLens-1M,BPR,minimum-perturbation KL,1,0.1,0.6377320465865718,False
0.3093633907952406,0.1581291390728477,ml1m,MovieLens-1M,BPR,minimum-perturbation KL,1,0.5,0.5111436704464788,False
0.1099903482838854,0.0491887417218543,ml1m,MovieLens-1M,BPR,minimum-perturbation KL,1,2.0,0.44720961874671056,False
0.0216863022513934,0.003658940397351,ml1m,MovieLens-1M,BPR,minimum-perturbation KL,1,8.0,0.16872126722829864,False
0.0348141590386597,0.0188079470198676,ml1m,MovieLens-1M,BPR,inverse-power,1,0.1,0.5402384414623413,False
0.0737120019341555,0.0436834867630061,ml1m,MovieLens-1M,BPR,inverse-power,1,0.2,0.5926238009656436,False
0.163495346497019,0.0802894470279068,ml1m,MovieLens-1M,BPR,inverse-power,1,0.4,0.4910809313424142,False
0.3686123090055865,0.1340894039735101,ml1m,MovieLens-1M,BPR,inverse-power,1,0.8,0.3637681127232187,False
0.4154656678391594,0.2681622516556291,ml1m,MovieLens-1M,BPR,minimum-perturbation KL,2,0.1,0.645449846795629,False
0.3096047471034181,0.1466059602649007,ml1m,MovieLens-1M,BPR,minimum-perturbation KL,2,0.5,0.4735262028005323,False
0.1100876450201697,0.0403311258278146,ml1m,MovieLens-1M,BPR,minimum-perturbation KL,2,2.0,0.36635469693647577,False
0.0216757730450404,-0.0041059602649007,ml1m,MovieLens-1M,BPR,minimum-perturbation KL,2,8.0,-0.1894262435931981,True
0.0347932372618157,0.0115728476821191,ml1m,MovieLens-1M,BPR,inverse-power,2,0.1,0.33261773243560394,False
0.073674890798248,0.0452397781537345,ml1m,MovieLens-1M,BPR,inverse-power,2,0.2,0.6140460835920276,False
0.1634516635935726,0.1008026920610193,ml1m,MovieLens-1M,BPR,inverse-power,2,0.4,0.6167125488038359,False
0.3686456797337377,0.2591967317961186,ml1m,MovieLens-1M,BPR,inverse-power,2,0.8,0.7031053015006958,False
0.4155275210377668,0.3925827814569536,ml1m,MovieLens-1M,ItemKNN,minimum-perturbation KL,0,0.1,0.9447816608548347,False
0.3097073730832871,0.1978311258278144,ml1m,MovieLens-1M,ItemKNN,minimum-perturbation KL,0,0.5,0.6387678919565576,False
0.1101299941890081,0.0511754966887416,ml1m,MovieLens-1M,ItemKNN,minimum-perturbation KL,0,2.0,0.46468264223198646,False
0.0216676015058061,0.013658940397351,ml1m,MovieLens-1M,ItemKNN,minimum-perturbation KL,0,8.0,0.6303854348480112,False
0.0347782591090517,0.0242384105960264,ml1m,MovieLens-1M,ItemKNN,inverse-power,0,0.1,0.6969414575934854,False
0.0736462085067679,0.0550993377483443,ml1m,MovieLens-1M,ItemKNN,inverse-power,0,0.2,0.7481625852236617,False
0.1634067766214311,0.1213324933855226,ml1m,MovieLens-1M,ItemKNN,inverse-power,0,0.4,0.7425181249772577,False
0.3685994817315625,0.3691967317961186,ml1m,MovieLens-1M,ItemKNN,inverse-power,0,0.8,1.0016203225836087,False
0.4152754099525115,0.3883609271523179,ml1m,MovieLens-1M,ItemKNN,minimum-perturbation KL,1,0.1,0.9351888357577652,False
0.3093633907952406,0.1931456953642385,ml1m,MovieLens-1M,ItemKNN,minimum-perturbation KL,1,0.5,0.6243327462494633,False
0.1099903482838854,0.049155629139073,ml1m,MovieLens-1M,ItemKNN,minimum-perturbation KL,1,2.0,0.44690856885189767,False
0.0216863022513934,0.0136423841059603,ml1m,MovieLens-1M,ItemKNN,minimum-perturbation KL,1,8.0,0.6290783900276841,False
0.0348141590386597,0.0241887417218543,ml1m,MovieLens-1M,ItemKNN,inverse-power,1,0.1,0.6947960941694352,False
0.0737120019341555,0.0538079470198675,ml1m,MovieLens-1M,ItemKNN,inverse-power,1,0.2,0.7299753853915454,False
0.163495346497019,0.1173920960345293,ml1m,MovieLens-1M,ItemKNN,inverse-power,1,0.4,0.7180149071500925,False
0.3686123090055865,0.3612165993457876,ml1m,MovieLens-1M,ItemKNN,inverse-power,1,0.8,0.979936346456388,False
0.4154656678391594,0.3921026490066225,ml1m,MovieLens-1M,ItemKNN,minimum-perturbation KL,2,0.1,0.9437666680040059,False
0.3096047471034181,0.1945695364238411,ml1m,MovieLens-1M,ItemKNN,minimum-perturbation KL,2,0.5,0.6284449390527223,False
0.1100876450201697,0.0491059602649006,ml1m,MovieLens-1M,ItemKNN,minimum-perturbation KL,2,2.0,0.44606241014514986,False
0.0216757730450404,0.0128311258278145,ml1m,MovieLens-1M,ItemKNN,minimum-perturbation KL,2,8.0,0.5919570112287353,False
0.0347932372618157,0.0236258278145695,ml1m,MovieLens-1M,ItemKNN,inverse-power,2,0.1,0.6790350560595285,False
0.073674890798248,0.0528476821192053,ml1m,MovieLens-1M,ItemKNN,inverse-power,2,0.2,0.7173092697744727,False
0.1634516635935726,0.1212828245113504,ml1m,MovieLens-1M,ItemKNN,inverse-power,2,0.4,0.7420103402124052,False
0.3686456797337377,0.3674748774914829,ml1m,MovieLens-1M,ItemKNN,inverse-power,2,0.8,0.9968240445863886,False
0.4155275210377668,0.0344205298013243,ml1m,MovieLens-1M,LightGCN,minimum-perturbation KL,0,0.1,0.08283574025460484,False
0.3097073730832871,0.0191887417218542,ml1m,MovieLens-1M,LightGCN,minimum-perturbation KL,0,0.5,0.06195765225354815,False
0.1101299941890081,0.0114072847682118,ml1m,MovieLens-1M,LightGCN,minimum-perturbation KL,0,2.0,0.1035801813322019,False
0.0216676015058061,0.004139072847682,ml1m,MovieLens-1M,LightGCN,minimum-perturbation KL,0,8.0,0.19102588934787657,False
0.0347782591090517,0.0070529801324502,ml1m,MovieLens-1M,LightGCN,inverse-power,0,0.1,0.2027985388899046,False
0.0736462085067679,0.0136423841059601,ml1m,MovieLens-1M,LightGCN,inverse-power,0,0.2,0.18524217855297195,False
0.1634067766214311,0.0261423841059601,ml1m,MovieLens-1M,LightGCN,inverse-power,0,0.4,0.15998347587826708,False
0.3685994817315625,0.0464403973509932,ml1m,MovieLens-1M,LightGCN,inverse-power,0,0.8,0.12599148846555905,False
0.4152754099525115,0.0336754966887417,ml1m,MovieLens-1M,LightGCN,minimum-perturbation KL,1,0.1,0.08109195941217091,False
0.3093633907952406,0.0208940397350992,ml1m,MovieLens-1M,LightGCN,minimum-perturbation KL,1,0.5,0.06753882442712301,False
0.1099903482838854,0.0102152317880794,ml1m,MovieLens-1M,LightGCN,minimum-perturbation KL,1,2.0,0.09287389255022502,False
0.0216863022513934,0.0032947019867549,ml1m,MovieLens-1M,LightGCN,minimum-perturbation KL,1,8.0,0.15192548497027458,False
0.0348141590386597,0.0063741721854303,ml1m,MovieLens-1M,LightGCN,inverse-power,1,0.1,0.18309137320686225,False
0.0737120019341555,0.0127649006622516,ml1m,MovieLens-1M,LightGCN,inverse-power,1,0.2,0.17317262219596294,False
0.163495346497019,0.0257450331125826,ml1m,MovieLens-1M,LightGCN,inverse-power,1,0.4,0.15746645800131082,False
0.3686123090055865,0.0454470198675497,ml1m,MovieLens-1M,LightGCN,inverse-power,1,0.8,0.123292192792349,False
0.4154656678391594,0.034023178807947,ml1m,MovieLens-1M,LightGCN,minimum-perturbation KL,2,0.1,0.0818916734682359,False
0.3096047471034181,0.0184933774834438,ml1m,MovieLens-1M,LightGCN,minimum-perturbation KL,2,0.5,0.05973221553113463,False
0.1100876450201697,0.0099503311258279,ml1m,MovieLens-1M,LightGCN,minimum-perturbation KL,2,2.0,0.09038553894040381,False
0.0216757730450404,0.0034602649006623,ml1m,MovieLens-1M,LightGCN,minimum-perturbation KL,2,8.0,0.15963743915717174,False
0.0347932372618157,0.0065562913907285,ml1m,MovieLens-1M,LightGCN,inverse-power,2,0.1,0.18843579691631018,False
0.073674890798248,0.0122185430463577,ml1m,MovieLens-1M,LightGCN,inverse-power,2,0.2,0.16584406049297137,False
0.1634516635935726,0.0252980132450332,ml1m,MovieLens-1M,LightGCN,inverse-power,2,0.4,0.1547736663478535,False
0.3686456797337377,0.0464238410596027,ml1m,MovieLens-1M,LightGCN,inverse-power,2,0.8,0.12593078831992097,False
0.4155275210377668,0.0802814569536424,ml1m,MovieLens-1M,NeuMF,minimum-perturbation KL,0,0.1,0.19320370586559948,False
0.3097073730832871,-0.0549503311258277,ml1m,MovieLens-1M,NeuMF,minimum-perturbation KL,0,0.5,-0.17742661590123124,True
0.1101299941890081,0.030090771531218,ml1m,MovieLens-1M,NeuMF,minimum-perturbation KL,0,2.0,0.27322957521976615,False
0.0216676015058061,0.0134516986835359,ml1m,MovieLens-1M,NeuMF,minimum-perturbation KL,0,8.0,0.6208208453497427,False
0.0347782591090517,0.0245940827894961,ml1m,MovieLens-1M,NeuMF,inverse-power,0,0.1,0.7071683120301737,False
0.0736462085067679,0.0151569966967809,ml1m,MovieLens-1M,NeuMF,inverse-power,0,0.2,0.20580824191903932,False
0.1634067766214311,0.0458689172265822,ml1m,MovieLens-1M,NeuMF,inverse-power,0,0.4,0.28070388618489156,False
0.3685994817315625,0.1322019867549669,ml1m,MovieLens-1M,NeuMF,inverse-power,0,0.8,0.35866026217379426,False
0.4152754099525115,0.1468046357615894,ml1m,MovieLens-1M,NeuMF,minimum-perturbation KL,1,0.1,0.35351150644430673,False
0.3093633907952406,0.1384933774834437,ml1m,MovieLens-1M,NeuMF,minimum-perturbation KL,1,0.5,0.44767216032716933,False
0.1099903482838854,0.0094701986754967,ml1m,MovieLens-1M,NeuMF,minimum-perturbation KL,1,2.0,0.08610026991690298,False
0.0216863022513934,0.0286258278145694,ml1m,MovieLens-1M,NeuMF,minimum-perturbation KL,1,8.0,1.3199957965507982,False
0.0348141590386597,0.0488324933855226,ml1m,MovieLens-1M,NeuMF,inverse-power,1,0.1,1.402661869019904,False
0.0737120019341555,-0.0095033112582781,ml1m,MovieLens-1M,NeuMF,inverse-power,1,0.2,-0.1289248834506909,True
0.163495346497019,0.0813490496769133,ml1m,MovieLens-1M,NeuMF,inverse-power,1,0.4,0.4975618659482552,False
0.3686123090055865,0.1967795132530723,ml1m,MovieLens-1M,NeuMF,inverse-power,1,0.8,0.5338386929723772,False
0.4154656678391594,0.2614735099337749,ml1m,MovieLens-1M,NeuMF,minimum-perturbation KL,2,0.1,0.6293504618412898,False
0.3096047471034181,0.1192549668874173,ml1m,MovieLens-1M,NeuMF,minimum-perturbation KL,2,0.5,0.3851845554796427,False
0.1100876450201697,0.0467629569616816,ml1m,MovieLens-1M,NeuMF,minimum-perturbation KL,2,2.0,0.4247793378913131,False
0.0216757730450404,0.0132199106040656,ml1m,MovieLens-1M,NeuMF,minimum-perturbation KL,2,8.0,0.6098933854213991,False
0.0347932372618157,0.0193788510014167,ml1m,MovieLens-1M,NeuMF,inverse-power,2,0.1,0.556971771715082,False
0.073674890798248,0.0377232218623437,ml1m,MovieLens-1M,NeuMF,inverse-power,2,0.2,0.5120227726654569,False
0.1634516635935726,0.0673258708689663,ml1m,MovieLens-1M,NeuMF,inverse-power,2,0.4,0.41190079922572137,False
0.3686456797337377,0.2570609702067147,ml1m,MovieLens-1M,NeuMF,inverse-power,2,0.8,0.6973117666600149,False
0.4155275210377668,-0.0108689172265821,ml1m,MovieLens-1M,NGCF,minimum-perturbation KL,0,0.1,-0.02615691302332352,True
0.3097073730832871,-0.0018046357615892,ml1m,MovieLens-1M,NGCF,minimum-perturbation KL,0,0.5,-0.005826906035924092,True
0.1101299941890081,-0.0127563344451252,ml1m,MovieLens-1M,NGCF,minimum-perturbation KL,0,2.0,-0.1158297931373031,True
0.0216676015058061,0.002930463576159,ml1m,MovieLens-1M,NGCF,minimum-perturbation KL,0,8.0,0.13524632965830327,False
0.0347782591090517,-0.0130874602729398,ml1m,MovieLens-1M,NGCF,inverse-power,0,0.1,-0.3763115408365435,True
0.0736462085067679,-0.0117795132530722,ml1m,MovieLens-1M,NGCF,inverse-power,0,0.2,-0.15994731421902994,True
0.1634067766214311,-0.0070113013325423,ml1m,MovieLens-1M,NGCF,inverse-power,0,0.4,-0.04290704141839583,True
0.3685994817315625,-0.0021357615894038,ml1m,MovieLens-1M,NGCF,inverse-power,0,0.8,-0.005794260966864834,True
0.4152754099525115,0.0005463576158941,ml1m,MovieLens-1M,NGCF,minimum-perturbation KL,1,0.1,0.001315651258899674,False
0.3093633907952406,-0.0002980132450329,ml1m,MovieLens-1M,NGCF,minimum-perturbation KL,1,0.5,-0.0009633112834289661,True
0.1099903482838854,-0.0012582781456952,ml1m,MovieLens-1M,NGCF,minimum-perturbation KL,1,2.0,-0.011439896002943645,True
0.0216863022513934,-0.0003476821192052,ml1m,MovieLens-1M,NGCF,minimum-perturbation KL,1,8.0,-0.01603233760992428,True
0.0348141590386597,-0.0012251655629138,ml1m,MovieLens-1M,NGCF,inverse-power,1,0.1,-0.03519158861638174,True
0.0737120019341555,-0.0025331125827814,ml1m,MovieLens-1M,NGCF,inverse-power,1,0.2,-0.03436499506612432,True
0.163495346497019,-0.0001490066225164,ml1m,MovieLens-1M,NGCF,inverse-power,1,0.4,-0.000911381428945544,True
0.3686123090055865,-0.0082284768211919,ml1m,MovieLens-1M,NGCF,inverse-power,1,0.8,-0.022322848749652558,True
0.4154656678391594,-0.0096523178807946,ml1m,MovieLens-1M,NGCF,minimum-perturbation KL,2,0.1,-0.023232528288068637,True
0.3096047471034181,-0.0036920529801324,ml1m,MovieLens-1M,NGCF,minimum-perturbation KL,2,0.5,-0.011925052876851186,True
0.1100876450201697,-0.0031291390728476,ml1m,MovieLens-1M,NGCF,minimum-perturbation KL,2,2.0,-0.028424071314036146,True
0.0216757730450404,-0.0059602649006621,ml1m,MovieLens-1M,NGCF,minimum-perturbation KL,2,8.0,-0.2749735794094716,True
0.0347932372618157,0.0008774834437087,ml1m,MovieLens-1M,NGCF,inverse-power,2,0.1,0.02521994251657939,False
0.073674890798248,-0.002367549668874,ml1m,MovieLens-1M,NGCF,inverse-power,2,0.2,-0.03213509573237536,True
0.1634516635935726,-0.0016887417218542,ml1m,MovieLens-1M,NGCF,inverse-power,2,0.4,-0.010331749978717294,True
0.3686456797337377,0.0021192052980133,ml1m,MovieLens-1M,NGCF,inverse-power,2,0.8,0.005748623717885266,False
