intervention_family,intervention_parameter,InputGain,OutputGain,realization_ratio,relative_NDCG_loss,dataset,model
minimum-perturbation KL,0.1,0.5067784724855492,0.085031847133758,0.16778898818789642,0.1734377024921175,lastfm,BPR
minimum-perturbation KL,0.5,0.3875019064414419,0.035031847133758,0.0904043220211922,0.1137707297142825,lastfm,BPR
minimum-perturbation KL,2.0,0.1677256560444632,0.0116772823779192,0.06962132480688353,0.0347635244559061,lastfm,BPR
minimum-perturbation KL,8.0,0.0392077642902811,0.0031316348195329,0.07987282305482479,0.0022372325387409,lastfm,BPR
inverse-power,0.1,0.0631224669717765,0.0056794055201698,0.08997439093610192,0.0,lastfm,BPR
inverse-power,0.2,0.1325571013296966,0.0112526539278132,0.08488910676935782,0.0122504733326777,lastfm,BPR
inverse-power,0.4,0.2582681543325761,0.0255838641188961,0.09905930595667378,0.0628539963737848,lastfm,BPR
inverse-power,0.8,0.5048235617413357,0.1115711252653929,0.22101013843438697,0.187975326118951,lastfm,BPR
minimum-perturbation KL,0.1,0.5065105930723104,0.0901804670912952,0.17804260823903612,0.2026367284607095,lastfm,BPR
minimum-perturbation KL,0.5,0.3876643920727339,0.0398089171974522,0.1026891249531714,0.1228102676728771,lastfm,BPR
minimum-perturbation KL,2.0,0.1678646939117058,0.0140658174097664,0.08379258962676689,0.0264144859080897,lastfm,BPR
minimum-perturbation KL,8.0,0.0391313201721853,0.003343949044586,0.08545454203619976,0.0,lastfm,BPR
inverse-power,0.1,0.0629938730894987,0.0059978768577494,0.09521365433790524,0.0,lastfm,BPR
inverse-power,0.2,0.1322930568850213,0.0128980891719745,0.0974963424058188,0.0120340505291228,lastfm,BPR
inverse-power,0.4,0.2565817590352239,0.0289808917197452,0.11294992999002186,0.0524746542015055,lastfm,BPR
inverse-power,0.8,0.5038579953376617,0.1178874734607219,0.23396963936578857,0.2083433934727309,lastfm,BPR
minimum-perturbation KL,0.1,0.5068456495361711,0.0951167728237791,0.18766417924435808,0.217270450600392,lastfm,BPR
minimum-perturbation KL,0.5,0.3878238622080342,0.039384288747346,0.1015519997225434,0.1411928994307738,lastfm,BPR
minimum-perturbation KL,2.0,0.1678791863021119,0.0122080679405519,0.07271936569064918,0.0401293304407314,lastfm,BPR
minimum-perturbation KL,8.0,0.0391606835696599,0.0041401273885349,0.10572153014567146,0.0085685877448398,lastfm,BPR
inverse-power,0.1,0.0630355432859616,0.0064225053078554,0.10188704614981452,0.0105180475520325,lastfm,BPR
inverse-power,0.2,0.1323946669345214,0.0123673036093417,0.09341240017967048,0.0246111530600755,lastfm,BPR
inverse-power,0.4,0.2571152872796564,0.0290870488322717,0.11312843020739803,0.0738037269352114,lastfm,BPR
inverse-power,0.8,0.5043853412477096,0.123619957537155,0.24509030581926405,0.2255004785279087,lastfm,BPR
minimum-perturbation KL,0.1,0.5067784724855492,0.3652335456475584,0.7206966465174249,0.364560798616765,lastfm,ItemKNN
minimum-perturbation KL,0.5,0.3875019064414419,0.2309978768577494,0.596120620357921,0.2062723621101735,lastfm,ItemKNN
minimum-perturbation KL,2.0,0.1677256560444632,0.0834394904458598,0.49747601180191786,0.0604757139186829,lastfm,ItemKNN
minimum-perturbation KL,8.0,0.0392077642902811,0.0216029723991506,0.5509871014120943,0.0170987293038588,lastfm,ItemKNN
inverse-power,0.1,0.0631224669717765,0.0360403397027599,0.5709589854730229,0.0247070215533898,lastfm,ItemKNN
inverse-power,0.2,0.1325571013296966,0.0790339702760084,0.5962258489602512,0.0556124391857421,lastfm,ItemKNN
inverse-power,0.4,0.2582681543325761,0.2062101910828025,0.7984344473893683,0.1625726002732621,lastfm,ItemKNN
inverse-power,0.8,0.5048235617413357,0.4445859872611464,0.8806759845511051,0.4610536828583217,lastfm,ItemKNN
minimum-perturbation KL,0.1,0.5065105930723104,0.3597133757961783,0.7101793737704217,0.3614125600471819,lastfm,ItemKNN
minimum-perturbation KL,0.5,0.3876643920727339,0.2249469214437367,0.5802620154020542,0.2043889706269879,lastfm,ItemKNN
minimum-perturbation KL,2.0,0.1678646939117058,0.0821125265392781,0.4891590043494673,0.0588050656830327,lastfm,ItemKNN
minimum-perturbation KL,8.0,0.0391313201721853,0.0209129511677281,0.5344299930517834,0.0158319003617902,lastfm,ItemKNN
inverse-power,0.1,0.0629938730894987,0.0359872611464968,0.5712819260274378,0.022547937961051,lastfm,ItemKNN
inverse-power,0.2,0.1322930568850213,0.078556263269639,0.5938048837885266,0.0576241319541362,lastfm,ItemKNN
inverse-power,0.4,0.2565817590352239,0.2004777070063694,0.7813404497661408,0.1557092303228115,lastfm,ItemKNN
inverse-power,0.8,0.5038579953376617,0.4373142250530785,0.8679314987549444,0.4592544463711055,lastfm,ItemKNN
minimum-perturbation KL,0.1,0.5068456495361711,0.3772292993630573,0.7442685948044945,0.3655807730353724,lastfm,ItemKNN
minimum-perturbation KL,0.5,0.3878238622080342,0.2369957537154989,0.6110912112684057,0.1971801725321721,lastfm,ItemKNN
minimum-perturbation KL,2.0,0.1678791863021119,0.0852972399150743,0.5080870463690189,0.0478571709152116,lastfm,ItemKNN
minimum-perturbation KL,8.0,0.0391606835696599,0.0200636942675159,0.5123427999367313,0.0096938454904356,lastfm,ItemKNN
inverse-power,0.1,0.0630355432859616,0.0347133757961783,0.5506952742312475,0.0159492664533209,lastfm,ItemKNN
inverse-power,0.2,0.1323946669345214,0.0820063694267516,0.61940840462486,0.0415292745471616,lastfm,ItemKNN
inverse-power,0.4,0.2571152872796564,0.2138004246284501,0.831535249772628,0.1543385436951028,lastfm,ItemKNN
inverse-power,0.8,0.5043853412477096,0.4479830148619957,0.8881761189843659,0.4643186419555249,lastfm,ItemKNN
minimum-perturbation KL,0.1,0.5067784724855492,0.0540339702760086,0.10662246565248365,0.0,lastfm,LightGCN
minimum-perturbation KL,0.5,0.3875019064414419,0.0291401273885351,0.0751999587721736,0.0,lastfm,LightGCN
minimum-perturbation KL,2.0,0.1677256560444632,0.0110934182590234,0.06614025856654031,0.0,lastfm,LightGCN
minimum-perturbation KL,8.0,0.0392077642902811,0.0038747346072187,0.09882569632207204,0.0,lastfm,LightGCN
inverse-power,0.1,0.0631224669717765,0.0061040339702762,0.09670144820235643,0.0,lastfm,LightGCN
inverse-power,0.2,0.1325571013296966,0.0132165605095542,0.09970465842250059,0.0,lastfm,LightGCN
inverse-power,0.4,0.2582681543325761,0.026751592356688,0.10358068506672928,0.0,lastfm,LightGCN
inverse-power,0.8,0.5048235617413357,0.0678343949044586,0.13437248188351392,0.0,lastfm,LightGCN
minimum-perturbation KL,0.1,0.5065105930723104,0.055732484076433,0.11003221815832097,0.0,lastfm,LightGCN
minimum-perturbation KL,0.5,0.3876643920727339,0.0274416135881103,0.07078703680105261,0.0,lastfm,LightGCN
minimum-perturbation KL,2.0,0.1678646939117058,0.0084925690021231,0.05059175222748185,0.0,lastfm,LightGCN
minimum-perturbation KL,8.0,0.0391313201721853,0.0022292993630572,0.05696969469079643,0.0,lastfm,LightGCN
inverse-power,0.1,0.0629938730894987,0.0041932059447982,0.06656529816543733,0.0,lastfm,LightGCN
inverse-power,0.2,0.1322930568850213,0.0106157112526539,0.0802439032146656,0.0,lastfm,LightGCN
inverse-power,0.4,0.2565817590352239,0.0225053078556263,0.08771203354536493,0.0,lastfm,LightGCN
inverse-power,0.8,0.5038579953376617,0.0686836518046709,0.1363154945246872,0.0,lastfm,LightGCN
minimum-perturbation KL,0.1,0.5068456495361711,0.057484076433121,0.11341534939823657,0.0,lastfm,LightGCN
minimum-perturbation KL,0.5,0.3878238622080342,0.0283439490445859,0.07308459279223464,0.0,lastfm,LightGCN
minimum-perturbation KL,2.0,0.1678791863021119,0.010031847133758,0.059756348328403826,0.0,lastfm,LightGCN
minimum-perturbation KL,8.0,0.0391606835696599,0.0031847133757961,0.08132425395820941,0.0,lastfm,LightGCN
inverse-power,0.1,0.0630355432859616,0.0054140127388535,0.08588825377918546,0.0,lastfm,LightGCN
inverse-power,0.2,0.1323946669345214,0.0118895966029723,0.08980419588088509,0.0,lastfm,LightGCN
inverse-power,0.4,0.2571152872796564,0.0250530785562632,0.0974390858720654,0.0,lastfm,LightGCN
inverse-power,0.8,0.5043853412477096,0.0723460721868365,0.14343412916773585,0.0,lastfm,LightGCN
minimum-perturbation KL,0.1,0.5067784724855492,0.0122611464968153,0.02419429230424725,0.1999866795653791,lastfm,NeuMF
minimum-perturbation KL,0.5,0.3875019064414419,0.0036624203821656,0.00945136093857916,0.123569019776612,lastfm,NeuMF
minimum-perturbation KL,2.0,0.1677256560444632,-0.0044055201698514,-0.026266227086233718,0.0332174686332625,lastfm,NeuMF
minimum-perturbation KL,8.0,0.0392077642902811,-0.0040870488322717,-0.10424080296985477,0.0,lastfm,NeuMF
inverse-power,0.1,0.0631224669717765,-0.0027070063694266,-0.042884990072345634,0.0,lastfm,NeuMF
inverse-power,0.2,0.1325571013296966,-0.0020700636942674,-0.015616392283041318,0.0083028092899662,lastfm,NeuMF
inverse-power,0.4,0.2582681543325761,0.0045647558386412,0.017674481975672035,0.0635155190246715,lastfm,NeuMF
inverse-power,0.8,0.5048235617413357,0.01104033970276,0.021869699711870638,0.2137442244319711,lastfm,NeuMF
minimum-perturbation KL,0.1,0.5065105930723104,0.0123673036093417,0.02441667317227484,0.2358466054608311,lastfm,NeuMF
minimum-perturbation KL,0.5,0.3876643920727339,0.0016454352441613,0.004244483831397602,0.1717659098464787,lastfm,NeuMF
minimum-perturbation KL,2.0,0.1678646939117058,-0.0014861995753715,-0.008853556639809069,0.0615501795314845,lastfm,NeuMF
minimum-perturbation KL,8.0,0.0391313201721853,0.000796178343949,0.020346319532427295,0.0216132339827623,lastfm,NeuMF
inverse-power,0.1,0.0629938730894987,0.0004246284501061,0.00674078968763848,0.0448670278143191,lastfm,NeuMF
inverse-power,0.2,0.1322930568850213,0.0037154989384288,0.02808536612513247,0.0402279882454277,lastfm,NeuMF
inverse-power,0.4,0.2565817590352239,0.0101910828025476,0.039718656699787275,0.089390700071684,lastfm,NeuMF
inverse-power,0.8,0.5038579953376617,0.0152866242038216,0.030339151795293492,0.2506424597711645,lastfm,NeuMF
minimum-perturbation KL,0.1,0.5068456495361711,0.0223991507430999,0.044193238639017626,0.2344084682589294,lastfm,NeuMF
minimum-perturbation KL,0.5,0.3878238622080342,0.0136942675159236,0.035310533596248396,0.1540794487630475,lastfm,NeuMF
minimum-perturbation KL,2.0,0.1678791863021119,0.0020700636942676,0.012330675051893308,0.0634479514214351,lastfm,NeuMF
minimum-perturbation KL,8.0,0.0391606835696599,0.0,0.0,0.0007967913161257,lastfm,NeuMF
inverse-power,0.1,0.0630355432859616,0.006528662420382,0.1035711295572505,0.0212025151901287,lastfm,NeuMF
inverse-power,0.2,0.1323946669345214,0.0025477707006369,0.0192437562601895,0.0374895206012212,lastfm,NeuMF
inverse-power,0.4,0.2571152872796564,0.0253715498938429,0.09867771831959196,0.0878653234511406,lastfm,NeuMF
inverse-power,0.8,0.5043853412477096,0.0298301486199575,0.059141585174077374,0.2199169904124611,lastfm,NeuMF
minimum-perturbation KL,0.1,0.5067784724855492,0.0248938428874734,0.04912174498135031,0.1366184581903899,lastfm,NGCF
minimum-perturbation KL,0.5,0.3875019064414419,0.0178343949044585,0.04602401848351572,0.1112280692035369,lastfm,NGCF
minimum-perturbation KL,2.0,0.1677256560444632,0.0058917197452229,0.03512712297074596,0.038498779929959,lastfm,NGCF
minimum-perturbation KL,8.0,0.0392077642902811,0.000212314225053,0.0054151066477827435,0.013265896774041,lastfm,NGCF
inverse-power,0.1,0.0631224669717765,0.0017515923566878,0.027749111223282465,0.0194520306357681,lastfm,NGCF
inverse-power,0.2,0.1325571013296966,0.006475583864119,0.048851278423876356,0.028230777210862,lastfm,NGCF
inverse-power,0.4,0.2582681543325761,0.0171974522292993,0.06658758325718261,0.0657875310111485,lastfm,NGCF
inverse-power,0.8,0.5048235617413357,0.0318471337579617,0.06308567224578102,0.1410104191374733,lastfm,NGCF
minimum-perturbation KL,0.1,0.5065105930723104,0.0271231422505306,0.05354901283704929,0.1154697084730978,lastfm,NGCF
minimum-perturbation KL,0.5,0.3876643920727339,0.0194267515923566,0.050112292977147456,0.0959226833298668,lastfm,NGCF
minimum-perturbation KL,2.0,0.1678646939117058,0.0077494692144373,0.04616497390757701,0.0392440576265663,lastfm,NGCF
minimum-perturbation KL,8.0,0.0391313201721853,0.0024416135881104,0.062395379899447115,0.0146640637904738,lastfm,NGCF
inverse-power,0.1,0.0629938730894987,0.0033439490445859,0.05308371879015878,0.0121662451220782,lastfm,NGCF
inverse-power,0.2,0.1322930568850213,0.0075902335456474,0.05737439079848486,0.0282195438644177,lastfm,NGCF
inverse-power,0.4,0.2565817590352239,0.0177813163481952,0.06930078122098367,0.0652365083917867,lastfm,NGCF
inverse-power,0.8,0.5038579953376617,0.0322186836518045,0.0639439761796636,0.1299218970768141,lastfm,NGCF
minimum-perturbation KL,0.1,0.5068456495361711,0.0193736730360934,0.038224009723320705,0.0920700742155775,lastfm,NGCF
minimum-perturbation KL,0.5,0.3878238622080342,0.0164012738853503,0.04229052279550665,0.0706498168188397,lastfm,NGCF
minimum-perturbation KL,2.0,0.1678791863021119,0.0086518046709129,0.0515358982938081,0.0234446189798951,lastfm,NGCF
minimum-perturbation KL,8.0,0.0391606835696599,0.0024416135881103,0.062348594701292774,0.0074825741791788,lastfm,NGCF
inverse-power,0.1,0.0630355432859616,0.0043524416135881,0.06904741970483524,0.0055657095649148,lastfm,NGCF
inverse-power,0.2,0.1323946669345214,0.0096602972399151,0.07296590915321993,0.011968413008585,lastfm,NGCF
inverse-power,0.4,0.2571152872796564,0.0192144373673036,0.07473082433408422,0.0423997703474057,lastfm,NGCF
inverse-power,0.8,0.5043853412477096,0.0211783439490446,0.04198842079084861,0.0960062695544505,lastfm,NGCF
minimum-perturbation KL,0.1,0.4155275210377668,0.2895198675496688,0.6967525684618966,0.3662182513052315,ml1m,BPR
minimum-perturbation KL,0.5,0.3097073730832871,0.1379966887417217,0.44557120926085075,0.2330950906451829,ml1m,BPR
minimum-perturbation KL,2.0,0.1101299941890081,0.0322682119205298,0.29300112252026655,0.0667164988619407,ml1m,BPR
minimum-perturbation KL,8.0,0.0216676015058061,0.0202649006622516,0.935262754247228,0.0164136688992184,ml1m,BPR
inverse-power,0.1,0.0347782591090517,0.014503311258278,0.41702234757642714,0.0232435711239276,ml1m,BPR
inverse-power,0.2,0.0736462085067679,0.0386669304716154,0.5250362680661559,0.0509598995510818,ml1m,BPR
inverse-power,0.4,0.1634067766214311,0.0949748774914828,0.5812174957193708,0.1263371459946755,ml1m,BPR
inverse-power,0.8,0.3685994817315625,0.2755874602729399,0.7476610085785204,0.3571058328718489,ml1m,BPR
minimum-perturbation KL,0.1,0.4152754099525115,0.2648344370860928,0.6377320465865718,0.3737661208986327,ml1m,BPR
minimum-perturbation KL,0.5,0.3093633907952406,0.1581291390728477,0.5111436704464788,0.2340940498469902,ml1m,BPR
minimum-perturbation KL,2.0,0.1099903482838854,0.0491887417218543,0.44720961874671056,0.0547818059572939,ml1m,BPR
minimum-perturbation KL,8.0,0.0216863022513934,0.003658940397351,0.16872126722829864,0.006460174757262,ml1m,BPR
inverse-power,0.1,0.0348141590386597,0.0188079470198676,0.5402384414623413,0.0133548551590273,ml1m,BPR
inverse-power,0.2,0.0737120019341555,0.0436834867630061,0.5926238009656436,0.035852123416465,ml1m,BPR
inverse-power,0.4,0.163495346497019,0.0802894470279068,0.4910809313424142,0.1073051089510581,ml1m,BPR
inverse-power,0.8,0.3686123090055865,0.1340894039735101,0.3637681127232187,0.3555712329926574,ml1m,BPR
minimum-perturbation KL,0.1,0.4154656678391594,0.2681622516556291,0.645449846795629,0.3657215980299647,ml1m,BPR
minimum-perturbation KL,0.5,0.3096047471034181,0.1466059602649007,0.4735262028005323,0.2287705058764177,ml1m,BPR
minimum-perturbation KL,2.0,0.1100876450201697,0.0403311258278146,0.36635469693647577,0.0620842838780856,ml1m,BPR
minimum-perturbation KL,8.0,0.0216757730450404,-0.0041059602649007,-0.1894262435931981,0.0119969635608079,ml1m,BPR
inverse-power,0.1,0.0347932372618157,0.0115728476821191,0.33261773243560394,0.0187718644993913,ml1m,BPR
inverse-power,0.2,0.073674890798248,0.0452397781537345,0.6140460835920276,0.0446047670314733,ml1m,BPR
inverse-power,0.4,0.1634516635935726,0.1008026920610193,0.6167125488038359,0.1090627306120229,ml1m,BPR
inverse-power,0.8,0.3686456797337377,0.2591967317961186,0.7031053015006958,0.3597124859236481,ml1m,BPR
minimum-perturbation KL,0.1,0.4155275210377668,0.3925827814569536,0.9447816608548347,0.3378087264126732,ml1m,ItemKNN
minimum-perturbation KL,0.5,0.3097073730832871,0.1978311258278144,0.6387678919565576,0.135816941314475,ml1m,ItemKNN
minimum-perturbation KL,2.0,0.1101299941890081,0.0511754966887416,0.46468264223198646,0.0076044931011821,ml1m,ItemKNN
minimum-perturbation KL,8.0,0.0216676015058061,0.013658940397351,0.6303854348480112,0.001121529907948,ml1m,ItemKNN
inverse-power,0.1,0.0347782591090517,0.0242384105960264,0.6969414575934854,0.0009206749074837,ml1m,ItemKNN
inverse-power,0.2,0.0736462085067679,0.0550993377483443,0.7481625852236617,0.005347634124263,ml1m,ItemKNN
inverse-power,0.4,0.1634067766214311,0.1213324933855226,0.7425181249772577,0.044212526191382,ml1m,ItemKNN
inverse-power,0.8,0.3685994817315625,0.3691967317961186,1.0016203225836087,0.3327336415732506,ml1m,ItemKNN
minimum-perturbation KL,0.1,0.4152754099525115,0.3883609271523179,0.9351888357577652,0.3416459473468673,ml1m,ItemKNN
minimum-perturbation KL,0.5,0.3093633907952406,0.1931456953642385,0.6243327462494633,0.138055107970968,ml1m,ItemKNN
minimum-perturbation KL,2.0,0.1099903482838854,0.049155629139073,0.44690856885189767,0.0112434034803923,ml1m,ItemKNN
minimum-perturbation KL,8.0,0.0216863022513934,0.0136423841059603,0.6290783900276841,0.0014260117705945,ml1m,ItemKNN
inverse-power,0.1,0.0348141590386597,0.0241887417218543,0.6947960941694352,0.0017499453258219,ml1m,ItemKNN
inverse-power,0.2,0.0737120019341555,0.0538079470198675,0.7299753853915454,0.0101239904704889,ml1m,ItemKNN
inverse-power,0.4,0.163495346497019,0.1173920960345293,0.7180149071500925,0.0450179978449217,ml1m,ItemKNN
inverse-power,0.8,0.3686123090055865,0.3612165993457876,0.979936346456388,0.3359645243312042,ml1m,ItemKNN
minimum-perturbation KL,0.1,0.4154656678391594,0.3921026490066225,0.9437666680040059,0.3512165545931814,ml1m,ItemKNN
minimum-perturbation KL,0.5,0.3096047471034181,0.1945695364238411,0.6284449390527223,0.142640038834404,ml1m,ItemKNN
minimum-perturbation KL,2.0,0.1100876450201697,0.0491059602649006,0.44606241014514986,0.0108879469333611,ml1m,ItemKNN
minimum-perturbation KL,8.0,0.0216757730450404,0.0128311258278145,0.5919570112287353,0.0,ml1m,ItemKNN
inverse-power,0.1,0.0347932372618157,0.0236258278145695,0.6790350560595285,9.929153679681127e-05,ml1m,ItemKNN
inverse-power,0.2,0.073674890798248,0.0528476821192053,0.7173092697744727,0.0090843721666354,ml1m,ItemKNN
inverse-power,0.4,0.1634516635935726,0.1212828245113504,0.7420103402124052,0.0500458372919691,ml1m,ItemKNN
inverse-power,0.8,0.3686456797337377,0.3674748774914829,0.9968240445863886,0.3407227259693208,ml1m,ItemKNN
minimum-perturbation KL,0.1,0.4155275210377668,0.0344205298013243,0.08283574025460484,0.0,ml1m,LightGCN
minimum-perturbation KL,0.5,0.3097073730832871,0.0191887417218542,0.06195765225354815,0.0,ml1m,LightGCN
minimum-perturbation KL,2.0,0.1101299941890081,0.0114072847682118,0.1035801813322019,0.0,ml1m,LightGCN
minimum-perturbation KL,8.0,0.0216676015058061,0.004139072847682,0.19102588934787657,0.0005314125016378,ml1m,LightGCN
inverse-power,0.1,0.0347782591090517,0.0070529801324502,0.2027985388899046,0.0,ml1m,LightGCN
inverse-power,0.2,0.0736462085067679,0.0136423841059601,0.18524217855297195,0.000481321474,ml1m,LightGCN
inverse-power,0.4,0.1634067766214311,0.0261423841059601,0.15998347587826708,0.0,ml1m,LightGCN
inverse-power,0.8,0.3685994817315625,0.0464403973509932,0.12599148846555905,0.0,ml1m,LightGCN
minimum-perturbation KL,0.1,0.4152754099525115,0.0336754966887417,0.08109195941217091,0.0,ml1m,LightGCN
minimum-perturbation KL,0.5,0.3093633907952406,0.0208940397350992,0.06753882442712301,0.0,ml1m,LightGCN
minimum-perturbation KL,2.0,0.1099903482838854,0.0102152317880794,0.09287389255022502,0.0,ml1m,LightGCN
minimum-perturbation KL,8.0,0.0216863022513934,0.0032947019867549,0.15192548497027458,0.0,ml1m,LightGCN
inverse-power,0.1,0.0348141590386597,0.0063741721854303,0.18309137320686225,0.0,ml1m,LightGCN
inverse-power,0.2,0.0737120019341555,0.0127649006622516,0.17317262219596294,0.0,ml1m,LightGCN
inverse-power,0.4,0.163495346497019,0.0257450331125826,0.15746645800131082,0.0,ml1m,LightGCN
inverse-power,0.8,0.3686123090055865,0.0454470198675497,0.123292192792349,0.0,ml1m,LightGCN
minimum-perturbation KL,0.1,0.4154656678391594,0.034023178807947,0.0818916734682359,0.0,ml1m,LightGCN
minimum-perturbation KL,0.5,0.3096047471034181,0.0184933774834438,0.05973221553113463,0.0,ml1m,LightGCN
minimum-perturbation KL,2.0,0.1100876450201697,0.0099503311258279,0.09038553894040381,0.0006184140755002,ml1m,LightGCN
minimum-perturbation KL,8.0,0.0216757730450404,0.0034602649006623,0.15963743915717174,0.0013715964770285,ml1m,LightGCN
inverse-power,0.1,0.0347932372618157,0.0065562913907285,0.18843579691631018,0.0023434885230815,ml1m,LightGCN
inverse-power,0.2,0.073674890798248,0.0122185430463577,0.16584406049297137,0.002621213886602,ml1m,LightGCN
inverse-power,0.4,0.1634516635935726,0.0252980132450332,0.1547736663478535,0.0003874344079447,ml1m,LightGCN
inverse-power,0.8,0.3686456797337377,0.0464238410596027,0.12593078831992097,0.0015771158413224,ml1m,LightGCN
minimum-perturbation KL,0.1,0.4155275210377668,0.0802814569536424,0.19320370586559948,0.3456191769881295,ml1m,NeuMF
minimum-perturbation KL,0.5,0.3097073730832871,-0.0549503311258277,-0.17742661590123124,0.2111610084967143,ml1m,NeuMF
minimum-perturbation KL,2.0,0.1101299941890081,0.030090771531218,0.27322957521976615,0.0734212141330881,ml1m,NeuMF
minimum-perturbation KL,8.0,0.0216676015058061,0.0134516986835359,0.6208208453497427,0.024351707378289,ml1m,NeuMF
inverse-power,0.1,0.0347782591090517,0.0245940827894961,0.7071683120301737,0.036844898577135,ml1m,NeuMF
inverse-power,0.2,0.0736462085067679,0.0151569966967809,0.20580824191903932,0.0632626796962328,ml1m,NeuMF
inverse-power,0.4,0.1634067766214311,0.0458689172265822,0.28070388618489156,0.1228910014967633,ml1m,NeuMF
inverse-power,0.8,0.3685994817315625,0.1322019867549669,0.35866026217379426,0.3091137858339769,ml1m,NeuMF
minimum-perturbation KL,0.1,0.4152754099525115,0.1468046357615894,0.35351150644430673,0.3386426774447631,ml1m,NeuMF
minimum-perturbation KL,0.5,0.3093633907952406,0.1384933774834437,0.44767216032716933,0.2187117939097218,ml1m,NeuMF
minimum-perturbation KL,2.0,0.1099903482838854,0.0094701986754967,0.08610026991690298,0.0662231523940126,ml1m,NeuMF
minimum-perturbation KL,8.0,0.0216863022513934,0.0286258278145694,1.3199957965507982,0.0213552560552473,ml1m,NeuMF
inverse-power,0.1,0.0348141590386597,0.0488324933855226,1.402661869019904,0.0413426808869197,ml1m,NeuMF
inverse-power,0.2,0.0737120019341555,-0.0095033112582781,-0.1289248834506909,0.0404180965627768,ml1m,NeuMF
inverse-power,0.4,0.163495346497019,0.0813490496769133,0.4975618659482552,0.1052941608060024,ml1m,NeuMF
inverse-power,0.8,0.3686123090055865,0.1967795132530723,0.5338386929723772,0.3428495426106488,ml1m,NeuMF
minimum-perturbation KL,0.1,0.4154656678391594,0.2614735099337749,0.6293504618412898,0.3835817377151214,ml1m,NeuMF
minimum-perturbation KL,0.5,0.3096047471034181,0.1192549668874173,0.3851845554796427,0.2399164895551498,ml1m,NeuMF
minimum-perturbation KL,2.0,0.1100876450201697,0.0467629569616816,0.4247793378913131,0.0670312717402686,ml1m,NeuMF
minimum-perturbation KL,8.0,0.0216757730450404,0.0132199106040656,0.6098933854213991,0.0182144704883031,ml1m,NeuMF
inverse-power,0.1,0.0347932372618157,0.0193788510014167,0.556971771715082,0.0171029657952058,ml1m,NeuMF
inverse-power,0.2,0.073674890798248,0.0377232218623437,0.5120227726654569,0.0498132025556172,ml1m,NeuMF
inverse-power,0.4,0.1634516635935726,0.0673258708689663,0.41190079922572137,0.1140688918617059,ml1m,NeuMF
inverse-power,0.8,0.3686456797337377,0.2570609702067147,0.6973117666600149,0.3637479140884101,ml1m,NeuMF
minimum-perturbation KL,0.1,0.4155275210377668,-0.0108689172265821,-0.02615691302332352,0.0,ml1m,NGCF
minimum-perturbation KL,0.5,0.3097073730832871,-0.0018046357615892,-0.005826906035924092,0.0,ml1m,NGCF
minimum-perturbation KL,2.0,0.1101299941890081,-0.0127563344451252,-0.1158297931373031,0.0058960279292031,ml1m,NGCF
minimum-perturbation KL,8.0,0.0216676015058061,0.002930463576159,0.13524632965830327,0.0,ml1m,NGCF
inverse-power,0.1,0.0347782591090517,-0.0130874602729398,-0.3763115408365435,0.0,ml1m,NGCF
inverse-power,0.2,0.0736462085067679,-0.0117795132530722,-0.15994731421902994,0.0,ml1m,NGCF
inverse-power,0.4,0.1634067766214311,-0.0070113013325423,-0.04290704141839583,0.0013703550896551,ml1m,NGCF
inverse-power,0.8,0.3685994817315625,-0.0021357615894038,-0.005794260966864834,0.0,ml1m,NGCF
minimum-perturbation KL,0.1,0.4152754099525115,0.0005463576158941,0.001315651258899674,0.0056976109128248,ml1m,NGCF
minimum-perturbation KL,0.5,0.3093633907952406,-0.0002980132450329,-0.0009633112834289661,0.0,ml1m,NGCF
minimum-perturbation KL,2.0,0.1099903482838854,-0.0012582781456952,-0.011439896002943645,0.0,ml1m,NGCF
minimum-perturbation KL,8.0,0.0216863022513934,-0.0003476821192052,-0.01603233760992428,0.0074873873193078,ml1m,NGCF
inverse-power,0.1,0.0348141590386597,-0.0012251655629138,-0.03519158861638174,0.0012965077497097,ml1m,NGCF
inverse-power,0.2,0.0737120019341555,-0.0025331125827814,-0.03436499506612432,0.0083918722284221,ml1m,NGCF
inverse-power,0.4,0.163495346497019,-0.0001490066225164,-0.000911381428945544,0.0,ml1m,NGCF
inverse-power,0.8,0.3686123090055865,-0.0082284768211919,-0.022322848749652558,0.0024260181931264,ml1m,NGCF
minimum-perturbation KL,0.1,0.4154656678391594,-0.0096523178807946,-0.023232528288068637,0.0,ml1m,NGCF
minimum-perturbation KL,0.5,0.3096047471034181,-0.0036920529801324,-0.011925052876851186,0.0,ml1m,NGCF
minimum-perturbation KL,2.0,0.1100876450201697,-0.0031291390728476,-0.028424071314036146,0.0,ml1m,NGCF
minimum-perturbation KL,8.0,0.0216757730450404,-0.0059602649006621,-0.2749735794094716,0.0,ml1m,NGCF
inverse-power,0.1,0.0347932372618157,0.0008774834437087,0.02521994251657939,0.0,ml1m,NGCF
inverse-power,0.2,0.073674890798248,-0.002367549668874,-0.03213509573237536,0.0,ml1m,NGCF
inverse-power,0.4,0.1634516635935726,-0.0016887417218542,-0.010331749978717294,0.0,ml1m,NGCF
inverse-power,0.8,0.3686456797337377,0.0021192052980133,0.005748623717885266,0.0,ml1m,NGCF
