dataset,model,seed,family,label,strength,InputGain,OutputGain,TransferGap,UtilityChange,l_exp_mean,Tail,NDCG@10,l_exp_0,Tail_0,l_exp_change,Tail_change
ml1m,BPR,2,kl,kl_lam8.0,8.0,0.0216757730450404,-0.0041059602649007,0.0257817333099411,-0.0030739910320964,0.7594410163696033,0.0023675496688741,0.2531567640681896,0.7568595345837568,0.0020033112582781,0.0025814817858464956,0.0003642384105959997
ml1m,NGCF,0,kl,kl_lam0.1,0.1,0.4155275210377668,-0.0108689172265821,0.4263964382643489,0.0003442985306886,0.7647412493278333,0.0001986754966887,0.2564066014339417,0.7546123719756966,0.0003807947019867,0.010128877352136634,-0.000182119205298
ml1m,NGCF,0,kl,kl_lam0.5,0.5,0.3097073730832871,-0.0018046357615892,0.3115120088448763,0.0013091909669953,0.7581874232926074,0.0002483443708609,0.2573714938702484,0.7546123719756966,0.0003807947019867,0.0035750513169107156,-0.0001324503311258
ml1m,NGCF,0,kl,kl_lam2.0,2.0,0.1101299941890081,-0.0127563344451252,0.12288632863413329,-0.0015097504895336,0.7668108438125829,0.0001490066225165,0.2545525524137194,0.7546123719756966,0.0003807947019867,0.012198471836886271,-0.0002317880794702
ml1m,NGCF,1,kl,kl_lam0.5,0.5,0.3093633907952406,-0.0002980132450329,0.30966140404027354,0.0007907591885113,0.7474794955668264,0.0005298013245033,0.2550550141902005,0.7489850640545808,0.0006456953642384,-0.001505568487754405,-0.00011589403973510004
ml1m,NGCF,1,kl,kl_lam2.0,2.0,0.1099903482838854,-0.0012582781456952,0.1112486264295806,0.0005861165462986,0.7516994427939268,0.0005298013245033,0.2548503715479878,0.7489850640545808,0.0006456953642384,0.0027143787393459906,-0.00011589403973510004
ml1m,NGCF,1,kl,kl_lam8.0,8.0,0.0216863022513934,-0.0003476821192052,0.0220339843705986,-0.0019037749586529,0.7481081656861817,0.0005794701986754,0.2523604800430362,0.7489850640545808,0.0006456953642384,-0.0008768983683991038,-6.622516556299999e-05
ml1m,NGCF,2,kl,kl_lam0.1,0.1,0.4154656678391594,-0.0096523178807946,0.425117985719954,0.0037011913897838,0.7595291170990268,0.0002649006622516,0.2556404342202359,0.7430603502948601,0.0009602649006622,0.016468766804166757,-0.0006953642384106
ml1m,NGCF,2,kl,kl_lam0.5,0.5,0.3096047471034181,-0.0036920529801324,0.31329680008355054,0.0042648704506769,0.7504422097445856,0.0003476821192052,0.2562041132811291,0.7430603502948601,0.0009602649006622,0.007381859449725581,-0.000612582781457
ml1m,NGCF,2,kl,kl_lam2.0,2.0,0.1100876450201697,-0.0031291390728476,0.1132167840930173,0.0011410941635989,0.7480424586025721,0.0006622516556291,0.2530803369940511,0.7430603502948601,0.0009602649006622,0.004982108307712063,-0.0002980132450331
ml1m,NGCF,2,kl,kl_lam8.0,8.0,0.0216757730450404,-0.0059602649006621,0.0276360379457025,0.0020955669688925,0.752328604197893,0.0004470198675496,0.2540348097993447,0.7430603502948601,0.0009602649006622,0.009268253903032986,-0.0005132450331126
ml1m,NGCF,0,legacy,legacy_a0.1,0.1,0.0347782591090517,-0.0130874602729398,0.047865719381991495,0.0010608322441904,0.7657839071239841,0.0002483443708609,0.2571231351474434,0.7546123719756966,0.0003807947019867,0.011171535148287504,-0.0001324503311258
ml1m,NGCF,0,legacy,legacy_a0.2,0.2,0.0736462085067679,-0.0117795132530722,0.08542572175984009,0.0016649756123728,0.7647908288775307,0.0003145695364238,0.2577272785156259,0.7546123719756966,0.0003807947019867,0.010178456901834054,-6.622516556289998e-05
ml1m,NGCF,0,legacy,legacy_a0.4,0.4,0.1634067766214311,-0.0070113013325423,0.1704180779539734,-0.0003508962800523,0.7622923518598249,0.000364238410596,0.2557114066232007,0.7546123719756966,0.0003807947019867,0.007679979884128274,-1.6556291390700016e-05
ml1m,NGCF,0,legacy,legacy_a0.8,0.8,0.3685994817315625,-0.0021357615894038,0.3707352433209663,0.0002543661830499,0.7602066834358481,0.0002317880794701,0.256316669086303,0.7546123719756966,0.0003807947019867,0.005594311460151435,-0.00014900662251659998
ml1m,NGCF,1,legacy,legacy_a0.1,0.1,0.0348141590386597,-0.0012251655629138,0.0360393246015735,-0.0003296555770838,0.7484883485155165,0.000546357615894,0.2539345994246053,0.7489850640545808,0.0006456953642384,-0.0004967155390642741,-9.933774834440003e-05
ml1m,NGCF,1,legacy,legacy_a0.2,0.2,0.0737120019341555,-0.0025331125827814,0.0762451145169369,-0.0021337531402291,0.7473971116037852,0.0003807947019867,0.25213050186146,0.7489850640545808,0.0006456953642384,-0.0015879524507955711,-0.0002649006622517
ml1m,NGCF,1,legacy,legacy_a0.4,0.4,0.163495346497019,-0.0001490066225164,0.1636443531195354,0.0005586485809304,0.7491841102478398,0.0004966887417218,0.2548229035826195,0.7489850640545808,0.0006456953642384,0.00019904619325905593,-0.00014900662251660004
ml1m,NGCF,1,legacy,legacy_a0.8,0.8,0.3686123090055865,-0.0082284768211919,0.3768407858267784,-0.0006168497084958,0.7604724103494909,0.0001986754966887,0.2536474052931933,0.7489850640545808,0.0006456953642384,0.011487346294910106,-0.00044701986754970004
ml1m,NGCF,2,legacy,legacy_a0.2,0.2,0.073674890798248,-0.002367549668874,0.076042440467122,0.0007291695829192,0.7454774705809842,0.0006125827814569,0.2526684124133714,0.7430603502948601,0.0009602649006622,0.0024171202861241747,-0.0003476821192053
ml1m,NGCF,2,legacy,legacy_a0.4,0.4,0.1634516635935726,-0.0016887417218542,0.1651404053154268,0.0020907969566892,0.7448981075716784,0.0005960264900662,0.2540300397871414,0.7430603502948601,0.0009602649006622,0.0018377572768183414,-0.00036423841059600004
lastfm,NeuMF,0,kl,kl_lam2.0,2.0,0.1677256560444632,-0.0044055201698514,0.17213117621431462,-0.0050513576690033,0.8860039857230635,0.0005838641188959,0.1470179563649119,0.8847829381143709,0.0015392781316348,0.0012210476086925715,-0.0009554140127388999
lastfm,NeuMF,0,kl,kl_lam8.0,8.0,0.0392077642902811,-0.0040870488322717,0.043294813122552796,0.0026807950260209,0.8871716025840858,0.0005838641188959,0.1547501090599362,0.8847829381143709,0.0015392781316348,0.002388664469714863,-0.0009554140127388999
lastfm,NeuMF,1,kl,kl_lam2.0,2.0,0.1678646939117058,-0.0014861995753715,0.1693508934870773,-0.009242203790299,0.8870656230723543,0.0008492569002123,0.1409150152568265,0.8869062609758798,0.0007430997876857,0.0001593620964744913,0.00010615711252660008
lastfm,NeuMF,2,kl,kl_lam8.0,8.0,0.0391606835696599,0.0,0.0391606835696599,-0.0001184547967996,0.8929574933267255,0.0002653927813163,0.148546314010648,0.8931167169547835,0.0001061571125265,-0.00015922362805798063,0.0001592356687898
lastfm,NeuMF,0,legacy,legacy_a0.1,0.1,0.0631224669717765,-0.0027070063694266,0.06582947334120309,0.0003979552130708,0.8855792127841751,0.000796178343949,0.1524672692469861,0.8847829381143709,0.0015392781316348,0.0007962746698041423,-0.0007430997876857999
lastfm,NeuMF,0,legacy,legacy_a0.2,0.2,0.1325571013296966,-0.0020700636942674,0.13462716502396402,-0.0012626025132795,0.8851014937370737,0.0006369426751592,0.1508067115206356,0.8847829381143709,0.0015392781316348,0.0003185556227027764,-0.0009023354564755999
ml1m,NeuMF,0,kl,kl_lam0.5,0.5,0.3097073730832871,-0.0549503311258277,0.3646577042091148,-0.0490219128905736,0.7528621169543211,0.0669701986754967,0.1831322771256975,0.7379571939252211,0.0018377483443708,0.01490492302910007,0.0651324503311259
ml1m,NeuMF,1,legacy,legacy_a0.2,0.2,0.0737120019341555,-0.0095033112582781,0.08321531319243361,-0.009436057522167,0.7606952034543559,0.0056291390728476,0.2240251473495436,0.7536142111666312,0.003774834437086,0.007080992287724741,0.0018543046357616002
