dataset,model,model_raw,seed,label,family,F_out,OutputGain,l_exp_mean,l_exp_median,l_exp_p75,l_exp_p90,l_exp_p95,l_exp_std,n_users,delta_l_exp_mean,delta_l_exp_median,delta_l_exp_p75,delta_l_exp_p90,delta_l_exp_p95,delta_l_exp_std,delta_F_out
lastfm,bpr,weighted_bpr,0,baseline,baseline,0.8717261430658088,0.0,0.8851542080611978,0.9000170135541314,0.9000170135541314,0.9000170135541314,0.9000170135541314,0.07012577592992013,1884,0.0,0.0,0.0,0.0,0.0,0.0,0.0
lastfm,bpr,weighted_bpr,0,kl_lam0.1,kl,0.7866942959320508,0.085031847133758,0.8253854810206159,0.9000170135541314,0.9000170135541314,0.9000170135541314,0.9000170135541314,0.17069128797142258,1884,0.05976872704058189,0.0,0.0,0.0,0.0,-0.10056551204150245,0.085031847133758
lastfm,bpr,weighted_bpr,0,kl_lam0.5,kl,0.8366942959320507,0.035031847133758,0.854421146029635,0.9000170135541314,0.9000170135541314,0.9000170135541314,0.9000170135541314,0.13660112890571857,1884,0.030733062031562786,0.0,0.0,0.0,0.0,-0.06647535297579844,0.035031847133758065
lastfm,bpr,weighted_bpr,0,kl_lam2.0,kl,0.8600488606878895,0.0116772823779192,0.8753344192869408,0.9000170135541314,0.9000170135541314,0.9000170135541314,0.9000170135541314,0.09205017541361028,1884,0.009819788774257043,0.0,0.0,0.0,0.0,-0.021924399483690155,0.011677282377919207
lastfm,bpr,weighted_bpr,0,kl_lam8.0,kl,0.8685945082462758,0.0031316348195329,0.8835617520372618,0.9000170135541314,0.9000170135541314,0.9000170135541314,0.9000170135541314,0.07311303171047831,1884,0.0015924560239359842,0.0,0.0,0.0,0.0,-0.0029872557805581818,0.0031316348195329358
lastfm,bpr,weighted_bpr,0,legacy_a0.1,legacy,0.8660467375456389,0.0056794055201698,0.8816508638081249,0.9000170135541314,0.9000170135541314,0.9000170135541314,0.9000170135541314,0.07594307921014423,1884,0.003503344253072971,0.0,0.0,0.0,0.0,-0.005817303280224104,0.005679405520169878
lastfm,bpr,weighted_bpr,0,legacy_a0.2,legacy,0.8604734891379955,0.0112526539278132,0.8769797943274428,0.9000170135541314,0.9000170135541314,0.9000170135541314,0.9000170135541314,0.08706571592597089,1884,0.008174413733755048,0.0,0.0,0.0,0.0,-0.016939939996050757,0.011252653927813272
lastfm,bpr,weighted_bpr,0,legacy_a0.4,legacy,0.8461422789469126,0.0255838641188961,0.8666290363693919,0.9000170135541314,0.9000170135541314,0.9000170135541314,0.9000170135541314,0.10515304072398683,1884,0.018525171691805897,0.0,0.0,0.0,0.0,-0.035027264794066704,0.025583864118896127
lastfm,bpr,weighted_bpr,0,legacy_a0.8,legacy,0.7601550178004158,0.1115711252653929,0.8259678912211386,0.9000170135541314,0.9000170135541314,0.9000170135541314,0.9000170135541314,0.15048658897756284,1884,0.05918631684005926,0.0,0.0,0.0,0.0,-0.08036081304764271,0.11157112526539292
lastfm,bpr,weighted_bpr,1,baseline,baseline,0.8705053362717535,0.0,0.8836148366138911,0.9000170135541314,0.9000170135541314,0.9000170135541314,0.9000170135541314,0.07854966262965218,1884,0.0,0.0,0.0,0.0,0.0,0.0,0.0
lastfm,bpr,weighted_bpr,1,kl_lam0.1,kl,0.7803248691804583,0.0901804670912952,0.8224661875177827,0.9000170135541314,0.9000170135541314,0.9000170135541314,0.9000170135541314,0.17825583478837537,1884,0.0611486490961084,0.0,0.0,0.0,0.0,-0.09970617215872318,0.09018046709129524
lastfm,bpr,weighted_bpr,1,kl_lam0.5,kl,0.8306964190743013,0.0398089171974522,0.8534654821717099,0.9000170135541314,0.9000170135541314,0.9000170135541314,0.9000170135541314,0.1403095221368464,1884,0.030149354442181142,0.0,0.0,0.0,0.0,-0.061759859507194204,0.039808917197452276
lastfm,bpr,weighted_bpr,1,kl_lam2.0,kl,0.8564395188619871,0.0140658174097664,0.8743257551375095,0.9000170135541314,0.9000170135541314,0.9000170135541314,0.9000170135541314,0.09956962758573075,1884,0.009289081476381522,0.0,0.0,0.0,0.0,-0.021019964956078566,0.014065817409766423
lastfm,bpr,weighted_bpr,1,kl_lam8.0,kl,0.8671613872271675,0.003343949044586,0.8812262413783846,0.9000170135541314,0.9000170135541314,0.9000170135541314,0.9000170135541314,0.08356452500125332,1884,0.0023885952355064966,0.0,0.0,0.0,0.0,-0.005014862371601134,0.0033439490445860143
lastfm,bpr,weighted_bpr,1,legacy_a0.1,legacy,0.8645074594140041,0.0059978768577494,0.8797930059723236,0.9000170135541314,0.9000170135541314,0.9000170135541314,0.9000170135541314,0.08639030479766932,1884,0.003821830641567492,0.0,0.0,0.0,0.0,-0.007840642168017137,0.00599787685774944
lastfm,bpr,weighted_bpr,1,legacy_a0.2,legacy,0.857607247099779,0.0128980891719745,0.8757587828409457,0.9000170135541314,0.9000170135541314,0.9000170135541314,0.9000170135541314,0.09204888509573685,1884,0.007856053772945404,0.0,0.0,0.0,0.0,-0.013499222466084662,0.012898089171974547
lastfm,bpr,weighted_bpr,1,legacy_a0.4,legacy,0.8415244445520083,0.0289808917197452,0.8657264902001086,0.9000170135541314,0.9000170135541314,0.9000170135541314,0.9000170135541314,0.11245921467906835,1884,0.017888346413782452,0.0,0.0,0.0,0.0,-0.03390955204941616,0.028980891719745272
lastfm,bpr,weighted_bpr,1,legacy_a0.8,legacy,0.7526178628110316,0.1178874734607219,0.8209784798407446,0.9000170135541314,0.9000170135541314,0.9000170135541314,0.9000170135541314,0.1576543251217818,1884,0.0626363567731465,0.0,0.0,0.0,0.0,-0.07910466249212961,0.11788747346072193
lastfm,bpr,weighted_bpr,2,baseline,baseline,0.8697622364840677,0.0,0.8820756397571963,0.9000170135541314,0.9000170135541314,0.9000170135541314,0.9000170135541314,0.08195673161607203,1884,0.0,0.0,0.0,0.0,0.0,0.0,0.0
lastfm,bpr,weighted_bpr,2,kl_lam0.1,kl,0.7746454636602885,0.0951167728237791,0.8188566078874261,0.9000170135541314,0.9000170135541314,0.9000170135541314,0.9000170135541314,0.18121069045070384,1884,0.06321903186977018,0.0,0.0,0.0,0.0,-0.09925395883463181,0.09511677282377917
lastfm,bpr,weighted_bpr,2,kl_lam0.5,kl,0.8303779477367217,0.039384288747346,0.851501575589969,0.9000170135541314,0.9000170135541314,0.9000170135541314,0.9000170135541314,0.1400410856190798,1884,0.0305740641672273,0.0,0.0,0.0,0.0,-0.058084354003007765,0.03938428874734601
lastfm,bpr,weighted_bpr,2,kl_lam2.0,kl,0.8575541685435157,0.0122080679405519,0.8752280755430702,0.9000170135541314,0.9000170135541314,0.9000170135541314,0.9000170135541314,0.09379334146131545,1884,0.006847564214126023,0.0,0.0,0.0,0.0,-0.011836609845243415,0.012208067940551959
lastfm,bpr,weighted_bpr,2,kl_lam8.0,kl,0.8656221090955327,0.0041401273885349,0.8796338305071931,0.9000170135541314,0.9000170135541314,0.9000170135541314,0.9000170135541314,0.0875432581172496,1884,0.0024418092500031463,0.0,0.0,0.0,0.0,-0.005586526501177566,0.004140127388534975
lastfm,bpr,weighted_bpr,2,legacy_a0.1,legacy,0.8633397311762122,0.0064225053078554,0.8785722112190003,0.9000170135541314,0.9000170135541314,0.9000170135541314,0.9000170135541314,0.08867682793155188,1884,0.003503428538195963,0.0,0.0,0.0,0.0,-0.006720096315479845,0.006422505307855486
lastfm,bpr,weighted_bpr,2,legacy_a0.2,legacy,0.8573949328747259,0.0123673036093417,0.8755465860130284,0.9000170135541314,0.9000170135541314,0.9000170135541314,0.9000170135541314,0.09123871118174748,1884,0.006529053744167901,0.0,0.0,0.0,0.0,-0.009281979565675447,0.012367303609341795
lastfm,bpr,weighted_bpr,2,legacy_a0.4,legacy,0.8406751876517959,0.0290870488322717,0.8661510524261895,0.9000170135541314,0.9000170135541314,0.9000170135541314,0.9000170135541314,0.10251972766441281,1884,0.015924587331006768,0.0,0.0,0.0,0.0,-0.020562996048340776,0.029087048832271756
lastfm,bpr,weighted_bpr,2,legacy_a0.8,legacy,0.7461422789469127,0.123619957537155,0.8192265473333813,0.9000170135541314,0.9000170135541314,0.9000170135541314,0.9000170135541314,0.15695089844117033,1884,0.06284909242381498,0.0,0.0,0.0,0.0,-0.0749941668250983,0.12361995753715505
lastfm,itemknn,weighted_itemknn,0,baseline,baseline,0.5819172258683565,0.0,0.7240551336683788,0.9000170135541314,0.9000170135541314,0.9000170135541314,0.9000170135541314,0.22592802635211037,1884,0.0,0.0,0.0,0.0,0.0,0.0,0.0
lastfm,itemknn,weighted_itemknn,0,kl_lam0.1,kl,0.2166836802207981,0.3652335456475584,0.5603570341895378,0.5000283559235525,0.6999943288152894,0.9000170135541314,0.9000170135541314,0.22591158873554887,1884,0.16369809947884106,0.3999886576305789,0.200022684738842,0.0,0.0,1.643761656150433e-05,0.3652335456475584
lastfm,itemknn,weighted_itemknn,0,kl_lam0.5,kl,0.350919349010607,0.2309978768577494,0.619223708730843,0.600011342369421,0.9000170135541314,0.9000170135541314,0.9000170135541314,0.2368499567939818,1884,0.10483142493753583,0.30000567118471044,0.0,0.0,0.0,-0.010921930441871425,0.23099787685774947
lastfm,itemknn,weighted_itemknn,0,kl_lam2.0,kl,0.4984777354224967,0.0834394904458598,0.6838211545544731,0.7000170135541315,0.9000170135541314,0.9000170135541314,0.9000170135541314,0.23495157193800123,1884,0.040233979113905693,0.19999999999999996,0.0,0.0,0.0,-0.009023545585890858,0.0834394904458598
lastfm,itemknn,weighted_itemknn,0,kl_lam8.0,kl,0.5603142534692058,0.0216029723991506,0.7132269426306086,0.9000170135541314,0.9000170135541314,0.9000170135541314,0.9000170135541314,0.23000290770502171,1884,0.010828191037770218,0.0,0.0,0.0,0.0,-0.0040748813529113415,0.021602972399150655
lastfm,itemknn,weighted_itemknn,0,legacy_a0.1,legacy,0.5458768861655965,0.0360403397027599,0.7061143107349266,0.8000170135541315,0.9000170135541314,0.9000170135541314,0.9000170135541314,0.2319548952492331,1884,0.017940822933452227,0.09999999999999998,0.0,0.0,0.0,-0.006026868897122728,0.036040339702759994
lastfm,itemknn,weighted_itemknn,0,legacy_a0.2,legacy,0.502883255592348,0.0790339702760084,0.6829716086766959,0.799977315261158,0.9000170135541314,0.9000170135541314,0.9000170135541314,0.23785596586456795,1884,0.041083524991682885,0.10003969829297343,0.0,0.0,0.0,-0.011927939512457575,0.07903397027600845
lastfm,itemknn,weighted_itemknn,0,legacy_a0.4,legacy,0.3757070347855539,0.2062101910828025,0.6188519541445583,0.600011342369421,0.9000170135541314,0.9000170135541314,0.9000170135541314,0.24367285755695464,1884,0.10520317952382052,0.30000567118471044,0.0,0.0,0.0,-0.01774483120484427,0.20621019108280259
lastfm,itemknn,weighted_itemknn,0,legacy_a0.8,legacy,0.13733123860721,0.4445859872611464,0.5255355777739167,0.500011342369421,0.6000170135541314,0.9000170135541314,0.9000170135541314,0.21997527379210183,1884,0.19851955589446213,0.4000056711847104,0.30000000000000004,0.0,0.0,0.005952752560008545,0.4445859872611465
lastfm,itemknn,weighted_itemknn,1,baseline,baseline,0.5865881388195242,0.0,0.7221975046064829,0.9000170135541314,0.9000170135541314,0.9000170135541314,0.9000170135541314,0.22765064669820304,1884,0.0,0.0,0.0,0.0,0.0,0.0,0.0
lastfm,itemknn,weighted_itemknn,1,kl_lam0.1,kl,0.2268747630233458,0.3597133757961783,0.5633822379698942,0.599977315261158,0.7000170135541315,0.9000170135541314,0.9000170135541314,0.22983114372453836,1884,0.15881526663658874,0.3000396982929734,0.19999999999999996,0.0,0.0,-0.0021804970263353263,0.3597133757961784
lastfm,itemknn,weighted_itemknn,1,kl_lam0.5,kl,0.3616412173757874,0.2249469214437367,0.6254871017874105,0.600011342369421,0.9000170135541314,0.9000170135541314,0.9000170135541314,0.23922800677270276,1884,0.0967104028190724,0.30000567118471044,0.0,0.0,0.0,-0.01157736007449972,0.2249469214437368
lastfm,itemknn,weighted_itemknn,1,kl_lam2.0,kl,0.5044756122802461,0.0821125265392781,0.6845113864987034,0.8000170135541314,0.9000170135541314,0.9000170135541314,0.9000170135541314,0.2366076897693025,1884,0.037686118107779554,0.10000000000000009,0.0,0.0,0.0,-0.008957043071099458,0.08211252653927814
lastfm,itemknn,weighted_itemknn,1,kl_lam8.0,kl,0.565675187651796,0.0209129511677281,0.7140233226568165,0.9000170135541314,0.9000170135541314,0.9000170135541314,0.9000170135541314,0.22936644359854866,1884,0.00817418194966646,0.0,0.0,0.0,0.0,-0.001715796900345623,0.020912951167728178
lastfm,itemknn,weighted_itemknn,1,legacy_a0.1,legacy,0.5506008776730273,0.0359872611464968,0.7060613706470797,0.9000170135541314,0.9000170135541314,0.9000170135541314,0.9000170135541314,0.2330179663927817,1884,0.016136133959403165,0.0,0.0,0.0,0.0,-0.005367319694578654,0.03598726114649686
lastfm,itemknn,weighted_itemknn,1,legacy_a0.2,legacy,0.5080318755498852,0.078556263269639,0.6861564936329212,0.8000170135541314,0.9000170135541314,0.9000170135541314,0.9000170135541314,0.2375718514131283,1884,0.036041010973561716,0.10000000000000009,0.0,0.0,0.0,-0.009921204714925275,0.07855626326963905
lastfm,itemknn,weighted_itemknn,1,legacy_a0.4,legacy,0.3861104318131548,0.2004777070063694,0.6225144437609322,0.600011342369421,0.9000170135541314,0.9000170135541314,0.9000170135541314,0.2502973944496434,1884,0.09968306084555068,0.30000567118471044,0.0,0.0,0.0,-0.02264674775144035,0.2004777070063694
lastfm,itemknn,weighted_itemknn,1,legacy_a0.8,legacy,0.1492739137664456,0.4373142250530785,0.5225102505760587,0.500011342369421,0.6999773152611581,0.9000170135541314,0.9000170135541314,0.2242102382075968,1884,0.1996872540304242,0.4000056711847104,0.2000396982929733,0.0,0.0,0.0034404084906062282,0.4373142250530786
lastfm,itemknn,weighted_itemknn,2,baseline,baseline,0.5829257184373586,0.0,0.716624590329149,0.9000170135541314,0.9000170135541314,0.9000170135541314,0.9000170135541314,0.2323781010557508,1884,0.0,0.0,0.0,0.0,0.0,0.0,0.0
lastfm,itemknn,weighted_itemknn,2,kl_lam0.1,kl,0.2056964190743013,0.3772292993630573,0.5619486925149874,0.5000283559235524,0.6999943288152894,0.9000170135541314,0.9000170135541314,0.22089064800080904,1884,0.1546758978141617,0.399988657630579,0.200022684738842,0.0,0.0,0.011487453054941754,0.3772292993630573
lastfm,itemknn,weighted_itemknn,2,kl_lam0.5,kl,0.3459299647218596,0.2369957537154989,0.6175251557980399,0.600011342369421,0.9000170135541314,0.9000170135541314,0.9000170135541314,0.2331201492795856,1884,0.09909943453110914,0.30000567118471044,0.0,0.0,0.0,-0.000742048223834807,0.23699575371549902
lastfm,itemknn,weighted_itemknn,2,kl_lam2.0,kl,0.4976284785222843,0.0852972399150743,0.6802117374739964,0.7000170135541315,0.9000170135541314,0.9000170135541314,0.9000170135541314,0.23210543203167375,1884,0.03641285285515261,0.19999999999999996,0.0,0.0,0.0,0.00027266902407704907,0.08529723991507432
lastfm,itemknn,weighted_itemknn,2,kl_lam8.0,kl,0.5628620241698427,0.0200636942675159,0.7078132640220643,0.9000170135541314,0.9000170135541314,0.9000170135541314,0.9000170135541314,0.23402299712867414,1884,0.0088113263070847,0.0,0.0,0.0,0.0,-0.0016448960729233408,0.020063694267515975
lastfm,itemknn,weighted_itemknn,2,legacy_a0.1,legacy,0.5482123426411802,0.0347133757961783,0.7013906202457924,0.8000170135541314,0.9000170135541314,0.9000170135541314,0.9000170135541314,0.23400149774248033,1884,0.015233970083356696,0.10000000000000009,0.0,0.0,0.0,-0.0016233966867295335,0.03471337579617839
lastfm,itemknn,weighted_itemknn,2,legacy_a0.2,legacy,0.500919349010607,0.0820063694267516,0.6792029619477955,0.7000170135541315,0.9000170135541314,0.9000170135541314,0.9000170135541314,0.23439596928538545,1884,0.037421628381353544,0.19999999999999996,0.0,0.0,0.0,-0.0020178682296346506,0.08200636942675166
lastfm,itemknn,weighted_itemknn,2,legacy_a0.4,legacy,0.3691252938089084,0.2138004246284501,0.6217181660809453,0.600011342369421,0.9000170135541314,0.9000170135541314,0.9000170135541314,0.23522840369546696,1884,0.09490642424820372,0.30000567118471044,0.0,0.0,0.0,-0.002850302639716168,0.21380042462845023
lastfm,itemknn,weighted_itemknn,2,legacy_a0.8,legacy,0.1349427035753628,0.4479830148619957,0.5293567491854144,0.500011342369421,0.699981568649691,0.9000170135541314,0.9000170135541314,0.2176283275671348,1884,0.18726784114373463,0.4000056711847104,0.20003544490444047,0.0,0.0,0.014749773488616003,0.4479830148619958
lastfm,lightgcn,weighted_lightgcn,0,baseline,baseline,0.8710361218343863,0.0,0.8848358119781925,0.9000170135541314,0.9000170135541314,0.9000170135541314,0.9000170135541314,0.07496148285863771,1884,0.0,0.0,0.0,0.0,0.0,0.0,0.0
lastfm,lightgcn,weighted_lightgcn,0,kl_lam0.1,kl,0.8170021515583776,0.0540339702760086,0.8475742560964936,0.9000170135541314,0.9000170135541314,0.9000170135541314,0.9000170135541314,0.1528575532061094,1884,0.03726155588169888,0.0,0.0,0.0,0.0,-0.07789607034747167,0.05403397027600865
lastfm,lightgcn,weighted_lightgcn,0,kl_lam0.5,kl,0.8418959944458512,0.0291401273885351,0.8634452471197668,0.9000170135541314,0.9000170135541314,0.9000170135541314,0.9000170135541314,0.13128282830651747,1884,0.02139056485842572,0.0,0.0,0.0,0.0,-0.056321345447879756,0.02914012738853511
lastfm,lightgcn,weighted_lightgcn,0,kl_lam2.0,kl,0.8599427035753628,0.0110934182590234,0.8787315251525472,0.9000170135541314,0.9000170135541314,0.9000170135541314,0.9000170135541314,0.0874185796555523,1884,0.006104286825645344,0.0,0.0,0.0,0.0,-0.01245709679691459,0.011093418259023435
lastfm,lightgcn,weighted_lightgcn,0,kl_lam8.0,kl,0.8671613872271675,0.0038747346072187,0.8828717609076691,0.9000170135541314,0.9000170135541314,0.9000170135541314,0.9000170135541314,0.07798268599464317,1884,0.0019640510705234426,0.0,0.0,0.0,0.0,-0.003021203136005457,0.003874734607218766
lastfm,lightgcn,weighted_lightgcn,0,legacy_a0.1,legacy,0.86493208786411,0.0061040339702762,0.8818100723852678,0.9000170135541314,0.9000170135541314,0.9000170135541314,0.9000170135541314,0.0790285084624371,1884,0.0030257395929247366,0.0,0.0,0.0,0.0,-0.004067025603799387,0.006104033970276257
lastfm,lightgcn,weighted_lightgcn,0,legacy_a0.2,legacy,0.8578195613248321,0.0132165605095542,0.8791028583132164,0.9000170135541314,0.9000170135541314,0.9000170135541314,0.9000170135541314,0.08464116668002164,1884,0.005732953664976059,0.0,0.0,0.0,0.0,-0.009679683821383928,0.01321656050955422
lastfm,lightgcn,weighted_lightgcn,0,legacy_a0.4,legacy,0.8442845294776983,0.026751592356688,0.8740069526798034,0.9000170135541314,0.9000170135541314,0.9000170135541314,0.9000170135541314,0.0945071856906697,1884,0.01082885929838906,0.0,0.0,0.0,0.0,-0.019545702832031983,0.026751592356688003
lastfm,lightgcn,weighted_lightgcn,0,legacy_a0.8,legacy,0.8032017269299276,0.0678343949044586,0.8442289313982916,0.9000170135541314,0.9000170135541314,0.9000170135541314,0.9000170135541314,0.15119857621465463,1884,0.04060688057990092,0.0,0.0,0.0,0.0,-0.07623709335601692,0.06783439490445864
lastfm,lightgcn,weighted_lightgcn,1,baseline,baseline,0.8720976929596516,0.0,0.884676633502879,0.9000170135541314,0.9000170135541314,0.9000170135541314,0.9000170135541314,0.07664470445708237,1884,0.0,0.0,0.0,0.0,0.0,0.0,0.0
lastfm,lightgcn,weighted_lightgcn,1,kl_lam0.1,kl,0.8163652088832185,0.055732484076433,0.8489541901927518,0.9000170135541314,0.9000170135541314,0.9000170135541314,0.9000170135541314,0.149680630328673,1884,0.035722443310127194,0.0,0.0,0.0,0.0,-0.07303592587159062,0.05573248407643305
lastfm,lightgcn,weighted_lightgcn,1,kl_lam0.5,kl,0.8446560793715412,0.0274416135881103,0.8647721327615913,0.9000170135541314,0.9000170135541314,0.9000170135541314,0.9000170135541314,0.12889545453991183,1884,0.01990450074128769,0.0,0.0,0.0,0.0,-0.052250750082829464,0.02744161358811037
lastfm,lightgcn,weighted_lightgcn,1,kl_lam2.0,kl,0.8636051239575284,0.0084925690021231,0.8803239932172151,0.9000170135541314,0.9000170135541314,0.9000170135541314,0.9000170135541314,0.08583419301530289,1884,0.004352640285663845,0.0,0.0,0.0,0.0,-0.009189488558220521,0.00849256900212314
lastfm,lightgcn,weighted_lightgcn,1,kl_lam8.0,kl,0.8698683935965943,0.0022292993630572,0.8838803678636239,0.9000170135541314,0.9000170135541314,0.9000170135541314,0.9000170135541314,0.0787719833056923,1884,0.000796265639255056,0.0,0.0,0.0,0.0,-0.0021272788486099287,0.002229299363057269
lastfm,lightgcn,weighted_lightgcn,1,legacy_a0.1,legacy,0.8679044870148533,0.0041932059447982,0.8831902593368953,0.9000170135541314,0.9000170135541314,0.9000170135541314,0.9000170135541314,0.0792665458437901,1884,0.0014863741659836283,0.0,0.0,0.0,0.0,-0.002621841386707735,0.004193205944798217
lastfm,lightgcn,weighted_lightgcn,1,legacy_a0.2,legacy,0.8614819817069976,0.0106157112526539,0.8803768851421343,0.9000170135541314,0.9000170135541314,0.9000170135541314,0.9000170135541314,0.08330480250903748,1884,0.0042997483607446485,0.0,0.0,0.0,0.0,-0.00666009805195511,0.010615711252653925
lastfm,lightgcn,weighted_lightgcn,1,legacy_a0.4,legacy,0.8495923851040252,0.0225053078556263,0.8747501969562718,0.9000170135541314,0.9000170135541314,0.9000170135541314,0.9000170135541314,0.09582258914538358,1884,0.009926436546607187,0.0,0.0,0.0,0.0,-0.019177884688301214,0.022505307855626322
lastfm,lightgcn,weighted_lightgcn,1,legacy_a0.8,legacy,0.8034140411549806,0.0686836518046709,0.8455028619013546,0.9000170135541314,0.9000170135541314,0.9000170135541314,0.9000170135541314,0.14427278791667414,1884,0.039173771601524354,0.0,0.0,0.0,0.0,-0.06762808345959177,0.06868365180467095
lastfm,lightgcn,weighted_lightgcn,2,baseline,baseline,0.8692845294776983,0.0,0.8838272772666287,0.9000170135541314,0.9000170135541314,0.9000170135541314,0.9000170135541314,0.07269825070509588,1884,0.0,0.0,0.0,0.0,0.0,0.0,0.0
lastfm,lightgcn,weighted_lightgcn,2,kl_lam0.1,kl,0.8118004530445773,0.057484076433121,0.8432749773242919,0.9000170135541314,0.9000170135541314,0.9000170135541314,0.9000170135541314,0.15839227227090943,1884,0.04055229994233678,0.0,0.0,0.0,0.0,-0.08569402156581356,0.057484076433121034
lastfm,lightgcn,weighted_lightgcn,2,kl_lam0.5,kl,0.8409405804331124,0.0283439490445859,0.8627020750876898,0.9000170135541314,0.9000170135541314,0.9000170135541314,0.9000170135541314,0.12808375454587193,1884,0.021125202178938873,0.0,0.0,0.0,0.0,-0.05538550384077605,0.028343949044585925
lastfm,lightgcn,weighted_lightgcn,2,kl_lam2.0,kl,0.8592526823439403,0.010031847133758,0.8771391925461128,0.9000170135541314,0.9000170135541314,0.9000170135541314,0.9000170135541314,0.09095233449246891,1884,0.006688084720515852,0.0,0.0,0.0,0.0,-0.018254083787373032,0.010031847133758043
lastfm,lightgcn,weighted_lightgcn,2,kl_lam8.0,kl,0.8660998161019021,0.0031847133757961,0.8823409753450363,0.9000170135541314,0.9000170135541314,0.9000170135541314,0.9000170135541314,0.07423450924988781,1884,0.0014863019215923812,0.0,0.0,0.0,0.0,-0.0015362585447919325,0.0031847133757961776
lastfm,lightgcn,weighted_lightgcn,2,legacy_a0.1,legacy,0.8638705167388447,0.0054140127388535,0.8811731899137679,0.9000170135541314,0.9000170135541314,0.9000170135541314,0.9000170135541314,0.07620930454509464,1884,0.002654087352860768,0.0,0.0,0.0,0.0,-0.003511053839998765,0.0054140127388535575
lastfm,lightgcn,weighted_lightgcn,2,legacy_a0.2,legacy,0.8573949328747259,0.0118895966029723,0.8783598036782752,0.9000170135541314,0.9000170135541314,0.9000170135541314,0.9000170135541314,0.0815116621062634,1884,0.005467473588353533,0.0,0.0,0.0,0.0,-0.008813411401167523,0.011889596602972397
lastfm,lightgcn,weighted_lightgcn,2,legacy_a0.4,legacy,0.844231450921435,0.0250530785562632,0.8726269312882392,0.9000170135541314,0.9000170135541314,0.9000170135541314,0.9000170135541314,0.09623576919087819,1884,0.011200345978389481,0.0,0.0,0.0,0.0,-0.02353751848578231,0.025053078556263264
lastfm,lightgcn,weighted_lightgcn,2,legacy_a0.8,legacy,0.7969384572908618,0.0723460721868365,0.8406196407454996,0.9000170135541314,0.9000170135541314,0.9000170135541314,0.9000170135541314,0.15112216810266235,1884,0.043207636521129134,0.0,0.0,0.0,0.0,-0.07842391739756648,0.07234607218683653
lastfm,neumf,weighted_neumf,0,baseline,baseline,0.8795286908365094,0.0,0.8847829381143709,0.9000170135541314,0.9000170135541314,0.9000170135541314,0.9000170135541314,0.055833931414619335,1884,0.0,0.0,0.0,0.0,0.0,0.0,0.0
lastfm,neumf,weighted_neumf,0,kl_lam0.1,kl,0.8672675443396941,0.0122611464968153,0.8726808587160992,0.9000170135541314,0.9000170135541314,0.9000170135541314,0.9000170135541314,0.0719118569218947,1884,0.012102079398271681,0.0,0.0,0.0,0.0,-0.01607792550727536,0.012261146496815312
lastfm,neumf,weighted_neumf,0,kl_lam0.5,kl,0.8758662704543437,0.0036624203821656,0.8797405324628368,0.9000170135541314,0.9000170135541314,0.9000170135541314,0.9000170135541314,0.06010366606179902,1884,0.005042405651534132,0.0,0.0,0.0,0.0,-0.004269734647179682,0.0036624203821656875
lastfm,neumf,weighted_neumf,0,kl_lam2.0,kl,0.8839342110063608,-0.0044055201698514,0.8860039857230635,0.9000170135541314,0.9000170135541314,0.9000170135541314,0.9000170135541314,0.05238632213694636,1884,-0.0012210476086925715,0.0,0.0,0.0,0.0,0.003447609277672972,-0.004405520169851407
lastfm,neumf,weighted_neumf,0,kl_lam8.0,kl,0.8836157396687812,-0.0040870488322717,0.8871716025840858,0.9000170135541314,0.9000170135541314,0.9000170135541314,0.9000170135541314,0.048268764229765414,1884,-0.002388664469714863,0.0,0.0,0.0,0.0,0.0075651671848539215,-0.0040870488322717335
lastfm,neumf,weighted_neumf,0,legacy_a0.1,legacy,0.8822356972059361,-0.0027070063694266,0.8855792127841751,0.9000170135541314,0.9000170135541314,0.9000170135541314,0.9000170135541314,0.05155557568931969,1884,-0.0007962746698041423,0.0,0.0,0.0,0.0,0.004278355725299644,-0.0027070063694266677
lastfm,neumf,weighted_neumf,0,legacy_a0.2,legacy,0.8815987545307769,-0.0020700636942674,0.8851014937370737,0.9000170135541314,0.9000170135541314,0.9000170135541314,0.9000170135541314,0.05309551059195396,1884,-0.0003185556227027764,0.0,0.0,0.0,0.0,0.0027384208226653786,-0.002070063694267432
lastfm,neumf,weighted_neumf,0,legacy_a0.4,legacy,0.8749639349978682,0.0045647558386412,0.8805897381899386,0.9000170135541314,0.9000170135541314,0.9000170135541314,0.9000170135541314,0.06512043646156698,1884,0.004193199924432345,0.0,0.0,0.0,0.0,-0.009286505046947648,0.0045647558386412435
lastfm,neumf,weighted_neumf,0,legacy_a0.8,legacy,0.8684883511337493,0.01104033970276,0.8729993390842279,0.9000170135541314,0.9000170135541314,0.9000170135541314,0.9000170135541314,0.0684037752531631,1884,0.011783599030143033,0.0,0.0,0.0,0.0,-0.012569843838543766,0.011040339702760082
lastfm,neumf,weighted_neumf,1,baseline,baseline,0.8835095825562546,0.0,0.8869062609758798,0.9000170135541314,0.9000170135541314,0.9000170135541314,0.9000170135541314,0.05113616696099056,1884,0.0,0.0,0.0,0.0,0.0,0.0,0.0
lastfm,neumf,weighted_neumf,1,kl_lam0.1,kl,0.8711422789469128,0.0123673036093417,0.8755471940699878,0.9000170135541314,0.9000170135541314,0.9000170135541314,0.9000170135541314,0.06369072709655245,1884,0.011359066905891946,0.0,0.0,0.0,0.0,-0.012554560135561887,0.012367303609341795
lastfm,neumf,weighted_neumf,1,kl_lam0.5,kl,0.8818641473120932,0.0016454352441613,0.8845177169134838,0.9000170135541314,0.9000170135541314,0.9000170135541314,0.9000170135541314,0.05297773570875268,1884,0.0023885440623959697,0.0,0.0,0.0,0.0,-0.0018415687477621179,0.0016454352441613862
lastfm,neumf,weighted_neumf,1,kl_lam2.0,kl,0.8849957821316261,-0.0014861995753715,0.8870656230723543,0.9000170135541314,0.9000170135541314,0.9000170135541314,0.9000170135541314,0.045405475206837874,1884,-0.0001593620964744913,0.0,0.0,0.0,0.0,0.005730691754152688,-0.0014861995753715496
lastfm,neumf,weighted_neumf,1,kl_lam8.0,kl,0.8827134042123055,0.000796178343949,0.8862162457648232,0.9000170135541314,0.9000170135541314,0.9000170135541314,0.9000170135541314,0.05364370172291099,1884,0.0006900152110566049,0.0,0.0,0.0,0.0,-0.0025075347619204283,0.0007961783439490722
lastfm,neumf,weighted_neumf,1,legacy_a0.1,legacy,0.8830849541061484,0.0004246284501061,0.8862162277037254,0.9000170135541314,0.9000170135541314,0.9000170135541314,0.9000170135541314,0.05234148597204661,1884,0.0006900332721543334,0.0,0.0,0.0,0.0,-0.0012053190110560483,0.000424628450106157
lastfm,neumf,weighted_neumf,1,legacy_a0.2,legacy,0.8797940836178257,0.0037154989384288,0.8836153754366421,0.9000170135541314,0.9000170135541314,0.9000170135541314,0.9000170135541314,0.055692462620892974,1884,0.00329088553923762,0.0,0.0,0.0,0.0,-0.004556295659902412,0.0037154989384288184
lastfm,neumf,weighted_neumf,1,legacy_a0.4,legacy,0.8733184997537069,0.0101910828025476,0.8784666471125182,0.9000170135541314,0.9000170135541314,0.9000170135541314,0.9000170135541314,0.06591452554874024,1884,0.008439613863361561,0.0,0.0,0.0,0.0,-0.014778358587749674,0.010191082802547657
lastfm,neumf,weighted_neumf,1,legacy_a0.8,legacy,0.8682229583524329,0.0152866242038216,0.87273398543529,0.9000170135541314,0.9000170135541314,0.9000170135541314,0.9000170135541314,0.06849221838441232,1884,0.014172275540589752,0.0,0.0,0.0,0.0,-0.017356051423421753,0.015286624203821653
lastfm,neumf,weighted_neumf,2,baseline,baseline,0.8925860156772737,0.0,0.8931167169547835,0.9000170135541314,0.9000170135541314,0.9000170135541314,0.9000170135541314,0.03409725423456649,1884,0.0,0.0,0.0,0.0,0.0,0.0,0.0
lastfm,neumf,weighted_neumf,2,kl_lam0.1,kl,0.8701868649341737,0.0223991507430999,0.8747509555223795,0.9000170135541314,0.9000170135541314,0.9000170135541314,0.9000170135541314,0.064910036247601,1884,0.018365761432403982,0.0,0.0,0.0,0.0,-0.030812782013034508,0.02239915074309995
lastfm,neumf,weighted_neumf,2,kl_lam0.5,kl,0.8788917481613501,0.0136942675159236,0.8820760190402502,0.9000170135541314,0.9000170135541314,0.9000170135541314,0.9000170135541314,0.057523022042111786,1884,0.011040697914533215,0.0,0.0,0.0,0.0,-0.023425767807545295,0.01369426751592362
lastfm,neumf,weighted_neumf,2,kl_lam2.0,kl,0.890515951983006,0.0020700636942676,0.8910997167658644,0.9000170135541314,0.9000170135541314,0.9000170135541314,0.9000170135541314,0.03693594868599148,1884,0.002017000188919038,0.0,0.0,0.0,0.0,-0.0028386944514249904,0.0020700636942676542
lastfm,neumf,weighted_neumf,2,kl_lam8.0,kl,0.8925860156772737,0.0,0.8929574933267255,0.9000170135541314,0.9000170135541314,0.9000170135541314,0.9000170135541314,0.03566321608512345,1884,0.00015922362805798063,0.0,0.0,0.0,0.0,-0.0015659618505569559,0.0
lastfm,neumf,weighted_neumf,2,legacy_a0.1,legacy,0.8860573532568916,0.006528662420382,0.8883394542393792,0.9000170135541314,0.9000170135541314,0.9000170135541314,0.9000170135541314,0.04910728787893798,1884,0.00477726271540424,0.0,0.0,0.0,0.0,-0.015010033644371486,0.006528662420382081
lastfm,neumf,weighted_neumf,2,legacy_a0.2,legacy,0.8900382449766367,0.0025477707006369,0.8907812093060892,0.9000170135541314,0.9000170135541314,0.9000170135541314,0.9000170135541314,0.03909428715333755,1884,0.0023355076486942794,0.0,0.0,0.0,0.0,-0.004997032918771058,0.002547770700636942
lastfm,neumf,weighted_neumf,2,legacy_a0.4,legacy,0.8672144657834308,0.0253715498938429,0.8763960686769633,0.9000170135541314,0.9000170135541314,0.9000170135541314,0.9000170135541314,0.0649173591341113,1884,0.01672064827782016,0.0,0.0,0.0,0.0,-0.030820104899544808,0.025371549893842937
lastfm,neumf,weighted_neumf,2,legacy_a0.8,legacy,0.8627558670573161,0.0298301486199575,0.8679038217644176,0.9000170135541314,0.9000170135541314,0.9000170135541314,0.9000170135541314,0.07531842404620225,1884,0.025212895190365847,0.0,0.0,0.0,0.0,-0.041221169811635754,0.029830148619957586
lastfm,ngcf,weighted_ngcf,0,baseline,baseline,0.8561210475244074,0.0,0.8754934803651185,0.9000170135541314,0.9000170135541314,0.9000170135541314,0.9000170135541314,0.08751189585253848,1884,0.0,0.0,0.0,0.0,0.0,0.0,0.0
lastfm,ngcf,weighted_ngcf,0,kl_lam0.1,kl,0.831227204636934,0.0248938428874734,0.8590383603268482,0.9000170135541314,0.9000170135541314,0.9000170135541314,0.9000170135541314,0.10707139722977448,1884,0.01645512003827032,0.0,0.0,0.0,0.0,-0.019559501377236,0.024893842887473427
lastfm,ngcf,weighted_ngcf,0,kl_lam0.5,kl,0.8382866526199488,0.0178343949044585,0.8644527493385725,0.9000170135541314,0.9000170135541314,0.9000170135541314,0.9000170135541314,0.10183792778210067,1884,0.011040731026546013,0.0,0.0,0.0,0.0,-0.014326031929562194,0.017834394904458595
lastfm,ngcf,weighted_ngcf,0,kl_lam2.0,kl,0.8502293277791845,0.0058917197452229,0.8720963203162188,0.9000170135541314,0.9000170135541314,0.9000170135541314,0.9000170135541314,0.0893857411430995,1884,0.0033971600488997833,0.0,0.0,0.0,0.0,-0.0018738452905610187,0.005891719745222956
lastfm,ngcf,weighted_ngcf,0,kl_lam8.0,kl,0.8559087332993544,0.000212314225053,0.8755996886507554,0.9000170135541314,0.9000170135541314,0.9000170135541314,0.9000170135541314,0.08286919047558862,1884,-0.00010620828563689955,0.0,0.0,0.0,0.0,0.004642705376949857,0.0002123142250530785
lastfm,ngcf,weighted_ngcf,0,legacy_a0.1,legacy,0.8543694551677196,0.0017515923566878,0.8739541841723858,0.9000170135541314,0.9000170135541314,0.9000170135541314,0.9000170135541314,0.08812654328601865,1884,0.001539296192732742,0.0,0.0,0.0,0.0,-0.0006146474334801783,0.00175159235668787
lastfm,ngcf,weighted_ngcf,0,legacy_a0.2,legacy,0.8496454636602884,0.006475583864119,0.8704508489498618,0.9000170135541314,0.9000170135541314,0.9000170135541314,0.9000170135541314,0.09365370107850549,1884,0.0050426314152567375,0.0,0.0,0.0,0.0,-0.006141805225967009,0.006475583864119061
lastfm,ngcf,weighted_ngcf,0,legacy_a0.4,legacy,0.8389235952951081,0.0171974522292993,0.8658856355634096,0.9000170135541314,0.9000170135541314,0.9000170135541314,0.9000170135541314,0.09414174960841916,1884,0.009607844801708953,0.0,0.0,0.0,0.0,-0.0066298537558806825,0.01719745222929936
lastfm,ngcf,weighted_ngcf,0,legacy_a0.8,legacy,0.8242739137664457,0.0318471337579617,0.8562782061669499,0.9000170135541314,0.9000170135541314,0.9000170135541314,0.9000170135541314,0.10542112793228514,1884,0.019215274198168597,0.0,0.0,0.0,0.0,-0.017909232079746665,0.031847133757961776
lastfm,ngcf,weighted_ngcf,1,baseline,baseline,0.8524055485859785,0.0,0.8739541089178117,0.9000170135541314,0.9000170135541314,0.9000170135541314,0.9000170135541314,0.08623932248389522,1884,0.0,0.0,0.0,0.0,0.0,0.0,0.0
lastfm,ngcf,weighted_ngcf,1,kl_lam0.1,kl,0.8252824063354478,0.0271231422505306,0.8565436079788151,0.9000170135541314,0.9000170135541314,0.9000170135541314,0.9000170135541314,0.10799187108254987,1884,0.017410500938996543,0.0,0.0,0.0,0.0,-0.02175254859865465,0.027123142250530696
lastfm,ngcf,weighted_ngcf,1,kl_lam0.5,kl,0.8329787969936219,0.0194267515923566,0.8614271512242475,0.9000170135541314,0.9000170135541314,0.9000170135541314,0.9000170135541314,0.10524045011240332,1884,0.012526957693564156,0.0,0.0,0.0,0.0,-0.0190011276285081,0.019426751592356628
lastfm,ngcf,weighted_ngcf,1,kl_lam2.0,kl,0.8446560793715412,0.0077494692144373,0.8709814508913334,0.9000170135541314,0.9000170135541314,0.9000170135541314,0.9000170135541314,0.08578156410410956,1884,0.002972658026478281,0.0,0.0,0.0,0.0,0.0004577583797856638,0.00774946921443731
lastfm,ngcf,weighted_ngcf,1,kl_lam8.0,kl,0.849963934997868,0.0024416135881104,0.8729986527625112,0.9000170135541314,0.9000170135541314,0.9000170135541314,0.9000170135541314,0.08625289564988094,1884,0.0009554561553004604,0.0,0.0,0.0,0.0,-1.357316598571412e-05,0.0024416135881104584
lastfm,ngcf,weighted_ngcf,1,legacy_a0.1,legacy,0.8490615995413926,0.0033439490445859,0.8729986347014134,0.9000170135541314,0.9000170135541314,0.9000170135541314,0.9000170135541314,0.08513816139433741,1884,0.0009554742163982999,0.0,0.0,0.0,0.0,0.001101161089557809,0.0033439490445859033
lastfm,ngcf,weighted_ngcf,1,legacy_a0.2,legacy,0.844815315040331,0.0075902335456474,0.8703445684198335,0.9000170135541314,0.9000170135541314,0.9000170135541314,0.9000170135541314,0.08938578214187656,1884,0.0036095404979781254,0.0,0.0,0.0,0.0,-0.0031464596579813403,0.0075902335456474734
lastfm,ngcf,weighted_ngcf,1,legacy_a0.4,legacy,0.8346242322377833,0.0177813163481952,0.8651955932607062,0.9000170135541314,0.9000170135541314,0.9000170135541314,0.9000170135541314,0.09209037503177916,1884,0.008758515657105503,0.0,0.0,0.0,0.0,-0.005851052547883942,0.017781316348195242
lastfm,ngcf,weighted_ngcf,1,legacy_a0.8,legacy,0.8201868649341739,0.0322186836518045,0.855216499583451,0.9000170135541314,0.9000170135541314,0.9000170135541314,0.9000170135541314,0.10472137314029986,1884,0.01873760933436064,0.0,0.0,0.0,0.0,-0.01848205065640464,0.03221868365180458
lastfm,ngcf,weighted_ngcf,2,baseline,baseline,0.855643340518038,0.0,0.8749097607350048,0.9000170135541314,0.9000170135541314,0.9000170135541314,0.9000170135541314,0.08876262824387489,1884,0.0,0.0,0.0,0.0,0.0,0.0,0.0
lastfm,ngcf,weighted_ngcf,2,kl_lam0.1,kl,0.8362696674819445,0.0193736730360934,0.8617986830569926,0.9000170135541314,0.9000170135541314,0.9000170135541314,0.9000170135541314,0.10744648717499997,1884,0.013111077678012228,0.0,0.0,0.0,0.0,-0.018683858931125077,0.019373673036093497
lastfm,ngcf,weighted_ngcf,2,kl_lam0.5,kl,0.8392420666326876,0.0164012738853503,0.8648242179574754,0.9000170135541314,0.9000170135541314,0.9000170135541314,0.9000170135541314,0.10120969732136924,1884,0.010085542777529377,0.0,0.0,0.0,0.0,-0.01244706907749435,0.016401273885350398
lastfm,ngcf,weighted_ngcf,2,kl_lam2.0,kl,0.846991535847125,0.0086518046709129,0.8692300662372702,0.9000170135541314,0.9000170135541314,0.9000170135541314,0.9000170135541314,0.09697077525817203,1884,0.005679694497734644,0.0,0.0,0.0,0.0,-0.008208147014297146,0.008651804670912977
lastfm,ngcf,weighted_ngcf,2,kl_lam8.0,kl,0.8532017269299277,0.0024416135881103,0.8744318761278406,0.9000170135541314,0.9000170135541314,0.9000170135541314,0.9000170135541314,0.08542448549637308,1884,0.0004778846071642473,0.0,0.0,0.0,0.0,0.0033381427475018127,0.0024416135881103473
lastfm,ngcf,weighted_ngcf,2,legacy_a0.1,legacy,0.8512908989044499,0.0043524416135881,0.871990256519364,0.9000170135541314,0.9000170135541314,0.9000170135541314,0.9000170135541314,0.09330462750070374,1884,0.0029195042156408,0.0,0.0,0.0,0.0,-0.004541999256828855,0.004352441613588165
lastfm,ngcf,weighted_ngcf,2,legacy_a0.2,legacy,0.8459830432781229,0.0096602972399151,0.8700791997199808,0.9000170135541314,0.9000170135541314,0.9000170135541314,0.9000170135541314,0.09039041617956835,1884,0.004830561015023993,0.0,0.0,0.0,0.0,-0.0016277879356934588,0.009660297239915128
lastfm,ngcf,weighted_ngcf,2,legacy_a0.4,legacy,0.8364289031507344,0.0192144373673036,0.8647709979226127,0.9000170135541314,0.9000170135541314,0.9000170135541314,0.9000170135541314,0.09807466127692802,1884,0.010138762812392121,0.0,0.0,0.0,0.0,-0.009312033033053127,0.01921443736730366
lastfm,ngcf,weighted_ngcf,2,legacy_a0.8,legacy,0.8344649965689934,0.0211783439490446,0.862435511345199,0.9000170135541314,0.9000170135541314,0.9000170135541314,0.9000170135541314,0.10010942128229054,1884,0.012474249389805792,0.0,0.0,0.0,0.0,-0.011346793038415653,0.02117834394904461
ml1m,bpr,weighted_bpr,0,baseline,baseline,0.6678660918934466,0.0,0.74947773319494,0.7000269759913677,0.8999190720258968,0.8999190720258968,0.8999190720258968,0.14457644217967117,6040,0.0,0.0,0.0,0.0,0.0,0.0,0.0
ml1m,bpr,weighted_bpr,0,kl_lam0.1,kl,0.3783462243437777,0.2895198675496688,0.535476050321836,0.5000269759913677,0.7999190720258968,0.8999190720258968,0.8999190720258968,0.24949423994907977,6040,0.21400168287310406,0.19999999999999996,0.09999999999999998,0.0,0.0,-0.1049177977694086,0.2895198675496689
ml1m,bpr,weighted_bpr,0,kl_lam0.5,kl,0.5298694031517248,0.1379966887417217,0.6301253267042664,0.7000269759913677,0.8999190720258968,0.8999190720258968,0.8999190720258968,0.24536026411196557,6040,0.11935240649067369,0.0,0.0,0.0,0.0,-0.1007838219322944,0.13799668874172177
ml1m,bpr,weighted_bpr,0,kl_lam2.0,kl,0.6355978799729167,0.0322682119205298,0.7226756163835377,0.7000269759913677,0.8999190720258968,0.8999190720258968,0.8999190720258968,0.18053858524124422,6040,0.02680211681140232,0.0,0.0,0.0,0.0,-0.035962143061573054,0.032268211920529866
ml1m,bpr,weighted_bpr,0,kl_lam8.0,kl,0.647601191231195,0.0202649006622516,0.7371137967010686,0.7000269759913677,0.8999190720258968,0.8999190720258968,0.8999190720258968,0.1512241707081529,6040,0.012363936493871464,0.0,0.0,0.0,0.0,-0.006647728528481722,0.020264900662251617
ml1m,bpr,weighted_bpr,0,legacy_a0.1,legacy,0.6533627806351685,0.014503311258278,0.7435859176392613,0.7000269759913677,0.8999190720258968,0.8999190720258968,0.8999190720258968,0.15085800553277923,6040,0.005891815555678748,0.0,0.0,0.0,0.0,-0.006281563353108061,0.014503311258278084
ml1m,bpr,weighted_bpr,0,legacy_a0.2,legacy,0.6291991614218312,0.0386669304716154,0.7193044347815213,0.7000269759913677,0.8999190720258968,0.8999190720258968,0.8999190720258968,0.1634035601464397,6040,0.03017329841341876,0.0,0.0,0.0,0.0,-0.01882711796676853,0.0386669304716154
ml1m,bpr,weighted_bpr,0,legacy_a0.4,legacy,0.5728912144019638,0.0949748774914828,0.6645660929653402,0.7000269759913677,0.7999190720258968,0.8999190720258968,0.8999190720258968,0.1915490329463104,6040,0.08491164022959985,0.0,0.09999999999999998,0.0,0.0,-0.04697259076663923,0.09497487749148281
ml1m,bpr,weighted_bpr,0,legacy_a0.8,legacy,0.3922786316205067,0.2755874602729399,0.5483779300660823,0.5001348799568384,0.7000269759913677,0.8999190720258968,0.8999190720258968,0.23353121389250392,6040,0.20109980312885778,0.1998920960345293,0.19989209603452918,0.0,0.0,-0.08895477171283275,0.2755874602729399
ml1m,bpr,weighted_bpr,1,baseline,baseline,0.6776343038139765,0.0,0.7572729818474803,0.7999190720258968,0.8999190720258968,0.8999190720258968,0.8999190720258968,0.1426291594841175,6040,0.0,0.0,0.0,0.0,0.0,0.0,0.0
ml1m,bpr,weighted_bpr,1,kl_lam0.1,kl,0.4127998667278836,0.2648344370860928,0.559208670012166,0.5999325600215808,0.7999190720258968,0.8999190720258968,0.8999190720258968,0.2601352637677871,6040,0.19806431183531426,0.19998651200431605,0.09999999999999998,0.0,0.0,-0.11750610428366962,0.2648344370860929
ml1m,bpr,weighted_bpr,1,kl_lam0.5,kl,0.5195051647411287,0.1581291390728477,0.6290524102423016,0.7000269759913677,0.8999190720258968,0.8999190720258968,0.8999190720258968,0.24555251227678176,6040,0.12822057160517863,0.0998920960345292,0.0,0.0,0.0,-0.10292335279266426,0.15812913907284776
ml1m,bpr,weighted_bpr,1,kl_lam2.0,kl,0.6284455620921221,0.0491887417218543,0.7217829433129018,0.7000269759913677,0.8999190720258968,0.8999190720258968,0.8999190720258968,0.1801800951664744,6040,0.03549003853457844,0.0998920960345292,0.0,0.0,0.0,-0.0375509356823569,0.04918874172185439
ml1m,bpr,weighted_bpr,1,kl_lam8.0,kl,0.6739753634166255,0.003658940397351,0.7571075171904952,0.7999190720258968,0.8999190720258968,0.8999190720258968,0.8999190720258968,0.14501909781426667,6040,0.0001654646569850815,0.0,0.0,0.0,0.0,-0.002389938330149166,0.0036589403973510404
ml1m,bpr,weighted_bpr,1,legacy_a0.1,legacy,0.6588263567941088,0.0188079470198676,0.7492626309273487,0.7999190720258968,0.8999190720258968,0.8999190720258968,0.8999190720258968,0.14833838949964345,6040,0.008010350920131581,0.0,0.0,0.0,0.0,-0.005709230015525951,0.018807947019867655
ml1m,bpr,weighted_bpr,1,legacy_a0.2,legacy,0.6339508170509703,0.0436834867630061,0.7253461948667012,0.7000269759913677,0.8999190720258968,0.8999190720258968,0.8999190720258968,0.16136442633188836,6040,0.03192678698077911,0.0998920960345292,0.0,0.0,0.0,-0.018735266847770854,0.04368348676300615
ml1m,bpr,weighted_bpr,1,legacy_a0.4,legacy,0.5973448567860696,0.0802894470279068,0.6981013234314176,0.7000269759913677,0.8999190720258968,0.8999190720258968,0.8999190720258968,0.18668054085157768,6040,0.059171658416062645,0.0998920960345292,0.0,0.0,0.0,-0.044051381367460174,0.08028944702790686
ml1m,bpr,weighted_bpr,1,legacy_a0.8,legacy,0.5435448998404664,0.1340894039735101,0.6633113699337391,0.7000269759913677,0.8999190720258968,0.8999190720258968,0.8999190720258968,0.25067917546906526,6040,0.0939616119137412,0.0998920960345292,0.0,0.0,0.0,-0.10805001598494776,0.1340894039735101
ml1m,bpr,weighted_bpr,2,baseline,baseline,0.6781641051384797,0.0,0.7568595345837568,0.7999190720258968,0.8999190720258968,0.8999190720258968,0.8999190720258968,0.14197556936483247,6040,0.0,0.0,0.0,0.0,0.0,0.0,0.0
ml1m,bpr,weighted_bpr,2,kl_lam0.1,kl,0.4100018534828505,0.2681622516556291,0.556642851272963,0.5999190720258969,0.7999190720258968,0.8999190720258968,0.8999190720258968,0.25804787570618043,6040,0.20021668331079379,0.19999999999999996,0.09999999999999998,0.0,0.0,-0.11607230634134796,0.2681622516556292
ml1m,bpr,weighted_bpr,2,kl_lam0.5,kl,0.531558144873579,0.1466059602649007,0.6318970463969186,0.7000269759913677,0.8999190720258968,0.8999190720258968,0.8999190720258968,0.2444298012750752,6040,0.1249624881868382,0.0998920960345292,0.0,0.0,0.0,-0.10245423191024272,0.1466059602649007
ml1m,bpr,weighted_bpr,2,kl_lam2.0,kl,0.6378329793106651,0.0403311258278146,0.7234699342750515,0.7000269759913677,0.8999190720258968,0.8999190720258968,0.8999190720258968,0.18138056025135224,6040,0.0333896003087053,0.0998920960345292,0.0,0.0,0.0,-0.039404990886519775,0.04033112582781462
ml1m,bpr,weighted_bpr,2,kl_lam8.0,kl,0.6822700654033804,-0.0041059602649007,0.7594410163696033,0.7999190720258968,0.8999190720258968,0.8999190720258968,0.8999190720258968,0.14410696689706415,6040,-0.0025814817858464956,0.0,0.0,0.0,0.0,-0.0021313975322316825,-0.004105960264900732
ml1m,bpr,weighted_bpr,2,legacy_a0.1,legacy,0.6665912574563605,0.0115728476821191,0.750735457528892,0.7999190720258968,0.8999190720258968,0.8999190720258968,0.8999190720258968,0.14900630161927078,6040,0.006124077054864729,0.0,0.0,0.0,0.0,-0.0070307322544383155,0.011572847682119192
ml1m,bpr,weighted_bpr,2,legacy_a0.2,legacy,0.6329243269847451,0.0452397781537345,0.726520503539929,0.7000269759913677,0.8999190720258968,0.8999190720258968,0.8999190720258968,0.16338478612551374,6040,0.030339031043827736,0.0998920960345292,0.0,0.0,0.0,-0.021409216760681277,0.04523977815373459
ml1m,bpr,weighted_bpr,2,legacy_a0.4,legacy,0.5773614130774604,0.1008026920610193,0.6699461462741869,0.7000269759913677,0.7999190720258968,0.8999190720258968,0.8999190720258968,0.19102060187970796,6040,0.08691338830956985,0.0998920960345292,0.09999999999999998,0.0,0.0,-0.04904503251487549,0.10080269206101933
ml1m,bpr,weighted_bpr,2,legacy_a0.8,legacy,0.418967373342361,0.2591967317961186,0.5728232474091436,0.6000269759913677,0.7999190720258968,0.8999190720258968,0.8999190720258968,0.24206694229906336,6040,0.18403628717461318,0.19989209603452918,0.09999999999999998,0.0,0.0,-0.1000913729342309,0.2591967317961187
ml1m,itemknn,weighted_itemknn,0,baseline,baseline,0.7438429130854995,0.0,0.8126535353733851,0.8999190720258968,0.8999190720258968,0.8999190720258968,0.8999190720258968,0.11983951097389944,6040,0.0,0.0,0.0,0.0,0.0,0.0,0.0
ml1m,itemknn,weighted_itemknn,0,kl_lam0.1,kl,0.3512601316285459,0.3925827814569536,0.5944292568025052,0.6000269759913677,0.7999190720258968,0.8999190720258968,0.8999190720258968,0.22384908644370133,6040,0.2182242785708799,0.29989209603452915,0.09999999999999998,0.0,0.0,-0.10400957546980188,0.39258278145695363
ml1m,itemknn,weighted_itemknn,0,kl_lam0.5,kl,0.5460117872576851,0.1978311258278144,0.6918117459897777,0.7000269759913677,0.8999190720258968,0.8999190720258968,0.8999190720258968,0.2118453453966108,6040,0.12084178938360746,0.19989209603452918,0.0,0.0,0.0,-0.09200583442271135,0.19783112582781448
ml1m,itemknn,weighted_itemknn,0,kl_lam2.0,kl,0.6926674163967579,0.0511754966887416,0.7846657880115836,0.7999190720258968,0.8999190720258968,0.8999190720258968,0.8999190720258968,0.14259782536788787,6040,0.02798774736180154,0.09999999999999998,0.0,0.0,0.0,-0.022758314393988427,0.05117549668874166
ml1m,itemknn,weighted_itemknn,0,kl_lam8.0,kl,0.7301839726881485,0.013658940397351,0.8057689274095724,0.8999190720258968,0.8999190720258968,0.8999190720258968,0.8999190720258968,0.12366480674600121,6040,0.006884607963812739,0.0,0.0,0.0,0.0,-0.003825295772101764,0.01365894039735105
ml1m,itemknn,weighted_itemknn,0,legacy_a0.1,legacy,0.719604502489473,0.0242384105960264,0.8006218769930522,0.8999190720258968,0.8999190720258968,0.8999190720258968,0.8999190720258968,0.12702511170786354,6040,0.012031658380332932,0.0,0.0,0.0,0.0,-0.007185600733964098,0.024238410596026494
ml1m,itemknn,weighted_itemknn,0,legacy_a0.2,legacy,0.6887435753371552,0.0550993377483443,0.7860085313805812,0.7999190720258968,0.8999190720258968,0.8999190720258968,0.8999190720258968,0.1345254814545366,6040,0.026645003992803895,0.09999999999999998,0.0,0.0,0.0,-0.014685970480637162,0.0550993377483443
ml1m,itemknn,weighted_itemknn,0,legacy_a0.4,legacy,0.6225104196999769,0.1213324933855226,0.7429944511636297,0.7000269759913677,0.8999190720258968,0.8999190720258968,0.8999190720258968,0.1594260708781827,6040,0.06965908420975542,0.19989209603452918,0.0,0.0,0.0,-0.03958655990428325,0.12133249338552266
ml1m,itemknn,weighted_itemknn,0,legacy_a0.8,legacy,0.3746461812893809,0.3691967317961186,0.5917840688012834,0.6000269759913677,0.7000269759913677,0.8999190720258968,0.8999190720258968,0.21071138034729692,6040,0.2208694665721017,0.29989209603452915,0.19989209603452918,0.0,0.0,-0.09087186937339747,0.36919673179611867
ml1m,itemknn,weighted_itemknn,1,baseline,baseline,0.7416243700391421,0.0,0.8120902998979914,0.8999190720258968,0.8999190720258968,0.8999190720258968,0.8999190720258968,0.11884460601474449,6040,0.0,0.0,0.0,0.0,0.0,0.0,0.0
ml1m,itemknn,weighted_itemknn,1,kl_lam0.1,kl,0.3532634428868241,0.3883609271523179,0.5936015538885623,0.6000269759913677,0.7999190720258968,0.8999190720258968,0.8999190720258968,0.22486718948680898,6040,0.21848874600942914,0.29989209603452915,0.09999999999999998,0.0,0.0,-0.10602258347206449,0.38836092715231796
ml1m,itemknn,weighted_itemknn,1,kl_lam0.5,kl,0.5484786746749035,0.1931456953642385,0.6936493648136601,0.7000269759913677,0.8999190720258968,0.8999190720258968,0.8999190720258968,0.21125348076664702,6040,0.11844093508433129,0.19989209603452918,0.0,0.0,0.0,-0.09240887475190253,0.19314569536423853
ml1m,itemknn,weighted_itemknn,1,kl_lam2.0,kl,0.692468740900069,0.049155629139073,0.7851130267240963,0.7999190720258968,0.8999190720258968,0.8999190720258968,0.8999190720258968,0.1406171853071135,6040,0.02697727317389509,0.09999999999999998,0.0,0.0,0.0,-0.021772579292369018,0.04915562913907301
ml1m,itemknn,weighted_itemknn,1,kl_lam8.0,kl,0.7279819859331818,0.0136423841059603,0.8049244672241704,0.8999190720258968,0.8999190720258968,0.8999190720258968,0.8999190720258968,0.12301044539195491,6040,0.007165832673820982,0.0,0.0,0.0,0.0,-0.00416583937721042,0.013642384105960303
ml1m,itemknn,weighted_itemknn,1,legacy_a0.1,legacy,0.7174356283172877,0.0241887417218543,0.7998275055068537,0.8999190720258968,0.8999190720258968,0.8999190720258968,0.8999190720258968,0.12584863904505109,6040,0.012262794391137755,0.0,0.0,0.0,0.0,-0.007004033030306597,0.024188741721854368
ml1m,itemknn,weighted_itemknn,1,legacy_a0.2,legacy,0.6878164230192745,0.0538079470198675,0.7854461802174872,0.7999190720258968,0.8999190720258968,0.8999190720258968,0.8999190720258968,0.13366321420356636,6040,0.026644119680504175,0.09999999999999998,0.0,0.0,0.0,-0.014818608188821872,0.053807947019867575
ml1m,itemknn,weighted_itemknn,1,legacy_a0.4,legacy,0.6242322740046127,0.1173920960345293,0.7429612403239263,0.7000269759913677,0.8999190720258968,0.8999190720258968,0.8999190720258968,0.15862361247939386,6040,0.06912905957406512,0.19989209603452918,0.0,0.0,0.0,-0.039779006464649366,0.11739209603452938
ml1m,itemknn,weighted_itemknn,1,legacy_a0.8,legacy,0.3804077706933544,0.3612165993457876,0.5932079232595572,0.6000269759913677,0.7000269759913677,0.8999190720258968,0.8999190720258968,0.21022737084915857,6040,0.21888237663843424,0.29989209603452915,0.19989209603452918,0.0,0.0,-0.09138276483441408,0.36121659934578765
ml1m,itemknn,weighted_itemknn,2,baseline,baseline,0.7451674163967579,0.0,0.8124382365919497,0.8999190720258968,0.8999190720258968,0.8999190720258968,0.8999190720258968,0.11924688090423555,6040,0.0,0.0,0.0,0.0,0.0,0.0,0.0
ml1m,itemknn,weighted_itemknn,2,kl_lam0.1,kl,0.3530647673901353,0.3921026490066225,0.592657027960347,0.6000269759913677,0.7999190720258968,0.8999190720258968,0.8999190720258968,0.2254832550032242,6040,0.21978120863160266,0.29989209603452915,0.09999999999999998,0.0,0.0,-0.10623637409898865,0.39210264900662256
ml1m,itemknn,weighted_itemknn,2,kl_lam0.5,kl,0.5505978799729168,0.1945695364238411,0.6920916219002173,0.7000269759913677,0.8999190720258968,0.8999190720258968,0.8999190720258968,0.21500922028612826,6040,0.12034661469173236,0.19989209603452918,0.0,0.0,0.0,-0.09576233938189271,0.19456953642384112
ml1m,itemknn,weighted_itemknn,2,kl_lam2.0,kl,0.6960614561318572,0.0491059602649006,0.7849301527269869,0.7999190720258968,0.8999190720258968,0.8999190720258968,0.8999190720258968,0.1427655490802233,6040,0.02750808386496284,0.09999999999999998,0.0,0.0,0.0,-0.023518668175987745,0.04910596026490066
ml1m,itemknn,weighted_itemknn,2,kl_lam8.0,kl,0.7323362905689433,0.0128311258278145,0.8060003671235911,0.8999190720258968,0.8999190720258968,0.8999190720258968,0.8999190720258968,0.12354701591360029,6040,0.006437869468358559,0.0,0.0,0.0,0.0,-0.004300135009364742,0.012831125827814538
ml1m,itemknn,weighted_itemknn,2,legacy_a0.1,legacy,0.7215415885821883,0.0236258278145695,0.8008039158063229,0.8999190720258968,0.8999190720258968,0.8999190720258968,0.8999190720258968,0.12639075692766555,6040,0.011634320785626762,0.0,0.0,0.0,0.0,-0.007143876023430001,0.023625827814569567
ml1m,itemknn,weighted_itemknn,2,legacy_a0.2,legacy,0.6923197342775526,0.0528476821192053,0.7857601423474828,0.7999190720258968,0.8999190720258968,0.8999190720258968,0.8999190720258968,0.13552301053700685,6040,0.026678094244466877,0.09999999999999998,0.0,0.0,0.0,-0.016276129632771308,0.05284768211920532
ml1m,itemknn,weighted_itemknn,2,legacy_a0.4,legacy,0.6238845918854075,0.1212828245113504,0.7439702093944337,0.7000269759913677,0.8999190720258968,0.8999190720258968,0.8999190720258968,0.1605838710528245,6040,0.06846802719751599,0.19989209603452918,0.0,0.0,0.0,-0.041336990148588965,0.12128282451135042
ml1m,itemknn,weighted_itemknn,2,legacy_a0.8,legacy,0.377692538905275,0.3674748774914829,0.5907405668888464,0.6000269759913677,0.7000269759913677,0.8999190720258968,0.8999190720258968,0.21288457180581616,6040,0.22169766970310334,0.29989209603452915,0.19989209603452918,0.0,0.0,-0.09363769090158061,0.3674748774914829
ml1m,lightgcn,weighted_lightgcn,0,baseline,baseline,0.7906806614298704,0.0,0.8284240750897264,0.8999190720258968,0.8999190720258968,0.8999190720258968,0.8999190720258968,0.11029876136522344,6040,0.0,0.0,0.0,0.0,0.0,0.0,0.0
ml1m,lightgcn,weighted_lightgcn,0,kl_lam0.1,kl,0.756260131628546,0.0344205298013243,0.8027844448573219,0.8999190720258968,0.8999190720258968,0.8999190720258968,0.8999190720258968,0.13971543262703864,6040,0.025639630232404453,0.0,0.0,0.0,0.0,-0.0294166712618152,0.03442052980132437
ml1m,lightgcn,weighted_lightgcn,0,kl_lam0.5,kl,0.7714919197080161,0.0191887417218542,0.8136097717402372,0.8999190720258968,0.8999190720258968,0.8999190720258968,0.8999190720258968,0.1278793303297376,6040,0.014814303349489188,0.0,0.0,0.0,0.0,-0.017580568964514168,0.019188741721854252
ml1m,lightgcn,weighted_lightgcn,0,kl_lam2.0,kl,0.7792733766616585,0.0114072847682118,0.820678535507372,0.8999190720258968,0.8999190720258968,0.8999190720258968,0.8999190720258968,0.1172244678562867,6040,0.007745539582354355,0.0,0.0,0.0,0.0,-0.006925706491063249,0.011407284768211845
ml1m,lightgcn,weighted_lightgcn,0,kl_lam8.0,kl,0.7865415885821884,0.004139072847682,0.8259251067874095,0.8999190720258968,0.8999190720258968,0.8999190720258968,0.8999190720258968,0.11235871700533007,6040,0.002498968302316884,0.0,0.0,0.0,0.0,-0.0020599556401066227,0.0041390728476820016
ml1m,lightgcn,weighted_lightgcn,0,legacy_a0.1,legacy,0.7836276812974201,0.0070529801324502,0.8242703038997279,0.8999190720258968,0.8999190720258968,0.8999190720258968,0.8999190720258968,0.11334303862483291,6040,0.00415377118999849,0.0,0.0,0.0,0.0,-0.003044277259609471,0.0070529801324502595
ml1m,lightgcn,weighted_lightgcn,0,legacy_a0.2,legacy,0.7770382773239102,0.0136423841059601,0.8202817919204225,0.8999190720258968,0.8999190720258968,0.8999190720258968,0.8999190720258968,0.1161306869763699,6040,0.008142283169303877,0.0,0.0,0.0,0.0,-0.005831925611146455,0.013642384105960192
ml1m,lightgcn,weighted_lightgcn,0,legacy_a0.4,legacy,0.7645382773239102,0.0261423841059601,0.8129166406136947,0.8999190720258968,0.8999190720258968,0.8999190720258968,0.8999190720258968,0.12247723267669303,6040,0.015507434476031645,0.0,0.0,0.0,0.0,-0.012178471311469583,0.026142384105960148
ml1m,lightgcn,weighted_lightgcn,0,legacy_a0.8,legacy,0.7442402640788771,0.0464403973509932,0.7987141384565087,0.8999190720258968,0.8999190720258968,0.8999190720258968,0.8999190720258968,0.13818823445474482,6040,0.029709936633217637,0.0,0.0,0.0,0.0,-0.027889473089521374,0.04644039735099326
ml1m,lightgcn,weighted_lightgcn,1,baseline,baseline,0.7873197342775525,0.0,0.8269675814683871,0.8999190720258968,0.8999190720258968,0.8999190720258968,0.8999190720258968,0.10977826592278485,6040,0.0,0.0,0.0,0.0,0.0,0.0,0.0
ml1m,lightgcn,weighted_lightgcn,1,kl_lam0.1,kl,0.7536442375888108,0.0336754966887417,0.8025201069392611,0.8999190720258968,0.8999190720258968,0.8999190720258968,0.8999190720258968,0.13692017784919047,6040,0.02444747452912599,0.0,0.0,0.0,0.0,-0.027141911926405624,0.0336754966887417
ml1m,lightgcn,weighted_lightgcn,1,kl_lam0.5,kl,0.7664256945424532,0.0208940397350992,0.8109946860869984,0.8999190720258968,0.8999190720258968,0.8999190720258968,0.8999190720258968,0.1279119169948806,6040,0.015972895381388685,0.0,0.0,0.0,0.0,-0.01813365107209576,0.02089403973509929
ml1m,lightgcn,weighted_lightgcn,1,kl_lam2.0,kl,0.777104502489473,0.0102152317880794,0.8203470791790008,0.8999190720258968,0.8999190720258968,0.8999190720258968,0.8999190720258968,0.11621937136853581,6040,0.006620502289386265,0.0,0.0,0.0,0.0,-0.0064411054457509664,0.010215231788079482
ml1m,lightgcn,weighted_lightgcn,1,kl_lam8.0,kl,0.7840250322907976,0.0032947019867549,0.8247497440853799,0.8999190720258968,0.8999190720258968,0.8999190720258968,0.8999190720258968,0.1118052076542918,6040,0.002217837383007182,0.0,0.0,0.0,0.0,-0.0020269417315069566,0.0032947019867549665
ml1m,lightgcn,weighted_lightgcn,1,legacy_a0.1,legacy,0.7809455620921222,0.0063741721854303,0.8232106476560365,0.8999190720258968,0.8999190720258968,0.8999190720258968,0.8999190720258968,0.11293678197235985,6040,0.003756933812350649,0.0,0.0,0.0,0.0,-0.003158516049574997,0.006374172185430349
ml1m,lightgcn,weighted_lightgcn,1,legacy_a0.2,legacy,0.7745548336153009,0.0127649006622516,0.8196689634966601,0.8999190720258968,0.8999190720258968,0.8999190720258968,0.8999190720258968,0.1158439570396535,6040,0.007298617971727039,0.0,0.0,0.0,0.0,-0.006065691116868652,0.012764900662251666
ml1m,lightgcn,weighted_lightgcn,1,legacy_a0.4,legacy,0.7615747011649698,0.0257450331125826,0.8116917162268625,0.8999190720258968,0.8999190720258968,0.8999190720258968,0.8999190720258968,0.12207297701696396,6040,0.015275865241524578,0.0,0.0,0.0,0.0,-0.012294711094179109,0.025745033112582694
ml1m,lightgcn,weighted_lightgcn,1,legacy_a0.8,legacy,0.7418727144100028,0.0454470198675497,0.7986979707265829,0.8999190720258968,0.8999190720258968,0.8999190720258968,0.8999190720258968,0.13592349702836148,6040,0.02826961074180423,0.0,0.0,0.0,0.0,-0.026145231105576636,0.04544701986754973
ml1m,lightgcn,weighted_lightgcn,2,baseline,baseline,0.7881806614298705,0.0,0.8271329389360025,0.8999190720258968,0.8999190720258968,0.8999190720258968,0.8999190720258968,0.10973831856888869,6040,0.0,0.0,0.0,0.0,0.0,0.0,0.0
ml1m,lightgcn,weighted_lightgcn,2,kl_lam0.1,kl,0.7541574826219235,0.034023178807947,0.8009145307696017,0.8999190720258968,0.8999190720258968,0.8999190720258968,0.8999190720258968,0.1392123860065192,6040,0.026218408166400753,0.0,0.0,0.0,0.0,-0.029474067437630508,0.03402317880794703
ml1m,lightgcn,weighted_lightgcn,2,kl_lam0.5,kl,0.7696872839464267,0.0184933774834438,0.8123184837349063,0.8999190720258968,0.8999190720258968,0.8999190720258968,0.8999190720258968,0.1265942801995129,6040,0.014814455201096144,0.0,0.0,0.0,0.0,-0.016855961630624222,0.018493377483443818
ml1m,lightgcn,weighted_lightgcn,2,kl_lam2.0,kl,0.7782303303040425,0.0099503311258279,0.819916700461093,0.8999190720258968,0.8999190720258968,0.8999190720258968,0.8999190720258968,0.11636575855241113,6040,0.0072162384749094866,0.0,0.0,0.0,0.0,-0.006627439983522443,0.009950331125827994
ml1m,lightgcn,weighted_lightgcn,2,kl_lam8.0,kl,0.7847203965292082,0.0034602649006623,0.8248657319158135,0.8999190720258968,0.8999190720258968,0.8999190720258968,0.8999190720258968,0.11088069039274104,6040,0.0022672070201890104,0.0,0.0,0.0,0.0,-0.0011423718238523506,0.003460264900662313
ml1m,lightgcn,weighted_lightgcn,2,legacy_a0.1,legacy,0.781624370039142,0.0065562913907285,0.8230782821831615,0.8999190720258968,0.8999190720258968,0.8999190720258968,0.8999190720258968,0.11221478922230103,6040,0.004054656752841002,0.0,0.0,0.0,0.0,-0.0024764706534123465,0.0065562913907285525
ml1m,lightgcn,weighted_lightgcn,2,legacy_a0.2,legacy,0.7759621183835128,0.0122185430463577,0.8194538121006079,0.8999190720258968,0.8999190720258968,0.8999190720258968,0.8999190720258968,0.11485530866925876,6040,0.007679126835394623,0.0,0.0,0.0,0.0,-0.005116990100370075,0.012218543046357722
ml1m,lightgcn,weighted_lightgcn,2,legacy_a0.4,legacy,0.7628826481848373,0.0252980132450332,0.8115428033950446,0.8999190720258968,0.8999190720258968,0.8999190720258968,0.8999190720258968,0.12178215159944049,6040,0.015590135540957895,0.0,0.0,0.0,0.0,-0.012043833030551801,0.025298013245033224
ml1m,lightgcn,weighted_lightgcn,2,legacy_a0.8,legacy,0.7417568203702678,0.0464238410596027,0.7966294526017539,0.8999190720258968,0.8999190720258968,0.8999190720258968,0.8999190720258968,0.13767322303917465,6040,0.030503486334248597,0.0,0.0,0.0,0.0,-0.02793490447028596,0.04642384105960273
ml1m,neumf,weighted_neumf,0,baseline,baseline,0.6554819859331817,0.0,0.7379571939252211,0.7000269759913677,0.8999190720258968,0.8999190720258968,0.8999190720258968,0.143273033073187,6040,0.0,0.0,0.0,0.0,0.0,0.0,0.0
ml1m,neumf,weighted_neumf,0,kl_lam0.1,kl,0.5752005289795393,0.0802814569536424,0.6500768324469367,0.7000269759913677,0.8999190720258968,0.8999190720258968,0.8999190720258968,0.25937504412892604,6040,0.08788036147828437,0.0,0.0,0.0,0.0,-0.11610201105573903,0.08028145695364242
ml1m,neumf,weighted_neumf,0,kl_lam0.5,kl,0.7104323170590094,-0.0549503311258277,0.7528621169543211,0.8999190720258968,0.8999190720258968,0.8999190720258968,0.8999190720258968,0.20575728291877393,6040,-0.01490492302910007,-0.19989209603452918,0.0,0.0,0.0,-0.062484249845586926,-0.0549503311258277
ml1m,neumf,weighted_neumf,0,kl_lam2.0,kl,0.6253912144019637,0.030090771531218,0.7109105692291476,0.7000269759913677,0.8999190720258968,0.8999190720258968,0.8999190720258968,0.1678960850243183,6040,0.02704662469607344,0.0,0.0,0.0,0.0,-0.024623051951131292,0.030090771531218086
ml1m,neumf,weighted_neumf,0,kl_lam8.0,kl,0.6420302872496458,0.0134516986835359,0.7228299914069855,0.7000269759913677,0.8999190720258968,0.8999190720258968,0.8999190720258968,0.14525836461401684,6040,0.015127202518235627,0.0,0.0,0.0,0.0,-0.001985331540829832,0.013451698683535906
ml1m,neumf,weighted_neumf,0,legacy_a0.1,legacy,0.6308879031436856,0.0245940827894961,0.7082647604228264,0.7000269759913677,0.7999190720258968,0.8999190720258968,0.8999190720258968,0.14953609440832205,6040,0.0296924335023947,0.0,0.09999999999999998,0.0,0.0,-0.006263061335135045,0.024594082789496152
ml1m,neumf,weighted_neumf,0,legacy_a0.2,legacy,0.6403249892364008,0.0151569966967809,0.7328269945708583,0.7000269759913677,0.8999190720258968,0.8999190720258968,0.8999190720258968,0.15130206326297688,6040,0.005130199354362763,0.0,0.0,0.0,0.0,-0.00802903018978987,0.015156996696780944
ml1m,neumf,weighted_neumf,0,legacy_a0.4,legacy,0.6096130687065995,0.0458689172265822,0.7060787046879271,0.7000269759913677,0.8999190720258968,0.8999190720258968,0.8999190720258968,0.17068679297566697,6040,0.03187848923729397,0.0,0.0,0.0,0.0,-0.02741375990247996,0.04586891722658226
ml1m,neumf,weighted_neumf,0,legacy_a0.8,legacy,0.5232799991782148,0.1322019867549669,0.6443923211322056,0.7000269759913677,0.8999190720258968,0.8999190720258968,0.8999190720258968,0.23262560046623953,6040,0.09356487279301551,0.0,0.0,0.0,0.0,-0.08935256739305253,0.13220198675496697
ml1m,neumf,weighted_neumf,1,baseline,baseline,0.6815747011649698,0.0,0.7536142111666312,0.7999190720258968,0.8999190720258968,0.8999190720258968,0.8999190720258968,0.1407990005465998,6040,0.0,0.0,0.0,0.0,0.0,0.0,0.0
ml1m,neumf,weighted_neumf,1,kl_lam0.1,kl,0.5347700654033803,0.1468046357615894,0.6284117929744515,0.7000269759913677,0.8999190720258968,0.8999190720258968,0.8999190720258968,0.25580005649879684,6040,0.1252024181921797,0.0998920960345292,0.0,0.0,0.0,-0.11500105595219703,0.14680463576158942
ml1m,neumf,weighted_neumf,1,kl_lam0.5,kl,0.5430813236815261,0.1384933774834437,0.6378555962676662,0.7000269759913677,0.7999190720258968,0.8999190720258968,0.8999190720258968,0.2287952539923175,6040,0.115758614898965,0.0998920960345292,0.09999999999999998,0.0,0.0,-0.08799625344571771,0.1384933774834437
ml1m,neumf,weighted_neumf,1,kl_lam2.0,kl,0.6721045024894731,0.0094701986754967,0.7433957636974616,0.7999190720258968,0.8999190720258968,0.8999190720258968,0.8999190720258968,0.16893155745401353,6040,0.010218447469169556,0.0,0.0,0.0,0.0,-0.02813255690741373,0.0094701986754967
ml1m,neumf,weighted_neumf,1,kl_lam8.0,kl,0.6529488733504003,0.0286258278145694,0.735936870820731,0.7000269759913677,0.8999190720258968,0.8999190720258968,0.8999190720258968,0.151243495905294,6040,0.017677340345900183,0.0998920960345292,0.0,0.0,0.0,-0.010444495358694211,0.02862582781456946
ml1m,neumf,weighted_neumf,1,legacy_a0.1,legacy,0.6327422077794471,0.0488324933855226,0.7231930641331863,0.7000269759913677,0.8999190720258968,0.8999190720258968,0.8999190720258968,0.15912147997878018,6040,0.030421147033444895,0.0998920960345292,0.0,0.0,0.0,-0.018322479432180377,0.048832493385522646
ml1m,neumf,weighted_neumf,1,legacy_a0.2,legacy,0.691078012423248,-0.0095033112582781,0.7606952034543559,0.7999190720258968,0.8999190720258968,0.8999190720258968,0.8999190720258968,0.14806785587914653,6040,-0.007080992287724741,0.0,0.0,0.0,0.0,-0.007268855332546731,-0.009503311258278191
ml1m,neumf,weighted_neumf,1,legacy_a0.4,legacy,0.6002256514880564,0.0813490496769133,0.693876365101285,0.7000269759913677,0.8999190720258968,0.8999190720258968,0.8999190720258968,0.17966971744606627,6040,0.059737846065346156,0.0998920960345292,0.0,0.0,0.0,-0.03887071689946647,0.08134904967691337
ml1m,neumf,weighted_neumf,1,legacy_a0.8,legacy,0.4847951879118974,0.1967795132530723,0.595108288060712,0.6000269759913677,0.7999190720258968,0.8999190720258968,0.8999190720258968,0.22056934869891626,6040,0.15850592310591916,0.19989209603452918,0.09999999999999998,0.0,0.0,-0.07977034815231646,0.19677951325307236
ml1m,neumf,weighted_neumf,2,baseline,baseline,0.669736952820599,0.0,0.7517632606648955,0.7000269759913677,0.8999190720258968,0.8999190720258968,0.8999190720258968,0.13502571851183146,6040,0.0,0.0,0.0,0.0,0.0,0.0,0.0
ml1m,neumf,weighted_neumf,2,kl_lam0.1,kl,0.408263442886824,0.2614735099337749,0.5436321698522751,0.5999190720258969,0.7000269759913677,0.8999190720258968,0.8999190720258968,0.2435545227571709,6040,0.20813109081262038,0.10010790396547076,0.19989209603452918,0.0,0.0,-0.10852880424533945,0.261473509933775
ml1m,neumf,weighted_neumf,2,kl_lam0.5,kl,0.5504819859331817,0.1192549668874173,0.6361015940845759,0.7000269759913677,0.7999190720258968,0.8999190720258968,0.8999190720258968,0.2273161603215923,6040,0.11566166658031962,0.0,0.09999999999999998,0.0,0.0,-0.09229044180976084,0.11925496688741732
ml1m,neumf,weighted_neumf,2,kl_lam2.0,kl,0.6229739958589173,0.0467629569616816,0.7012111594852766,0.7000269759913677,0.7999190720258968,0.8999190720258968,0.8999190720258968,0.1697745545457373,6040,0.05055210117961895,0.0,0.09999999999999998,0.0,0.0,-0.034748836033905856,0.046762956961681645
ml1m,neumf,weighted_neumf,2,kl_lam8.0,kl,0.6565170422165333,0.0132199106040656,0.7395485675033988,0.7000269759913677,0.8999190720258968,0.8999190720258968,0.8999190720258968,0.138368841045488,6040,0.012214693161496704,0.0,0.0,0.0,0.0,-0.0033431225336565396,0.013219910604065688
ml1m,neumf,weighted_neumf,2,legacy_a0.1,legacy,0.6503581018191822,0.0193788510014167,0.7335239577173666,0.7000269759913677,0.8999190720258968,0.8999190720258968,0.8999190720258968,0.14358152648312228,6040,0.018239302947528957,0.0,0.0,0.0,0.0,-0.008555807971290824,0.019378851001416786
ml1m,neumf,weighted_neumf,2,legacy_a0.2,legacy,0.6320137309582552,0.0377232218623437,0.7105170547219596,0.7000269759913677,0.7999190720258968,0.8999190720258968,0.8999190720258968,0.15357747403299185,6040,0.04124620594293593,0.0,0.09999999999999998,0.0,0.0,-0.018551755521160396,0.03772322186234378
ml1m,neumf,weighted_neumf,2,legacy_a0.4,legacy,0.6024110819516326,0.0673258708689663,0.684395465353716,0.7000269759913677,0.7999190720258968,0.8999190720258968,0.8999190720258968,0.17418123996148718,6040,0.06736779531117953,0.0,0.09999999999999998,0.0,0.0,-0.03915552144965573,0.06732587086896635
ml1m,neumf,weighted_neumf,2,legacy_a0.8,legacy,0.4126759826138842,0.2570609702067147,0.5289929960679366,0.5001079039654707,0.7000269759913677,0.7999190720258968,0.8999190720258968,0.2188027142555873,6040,0.22277026459695892,0.19991907202589698,0.19989209603452918,0.09999999999999998,0.0,-0.08377699574375586,0.25706097020671476
ml1m,ngcf,weighted_ngcf,0,baseline,baseline,0.6685534660575929,0.0,0.7546123719756966,0.7000269759913677,0.8999190720258968,0.8999190720258968,0.8999190720258968,0.12861518155843882,6040,0.0,0.0,0.0,0.0,0.0,0.0,0.0
ml1m,ngcf,weighted_ngcf,0,kl_lam0.1,kl,0.679422383284175,-0.0108689172265821,0.7647412493278333,0.7999190720258968,0.8999190720258968,0.8999190720258968,0.8999190720258968,0.12560213829745176,6040,-0.010128877352136634,-0.0998920960345292,0.0,0.0,0.0,0.0030130432609870583,-0.01086891722658212
ml1m,ngcf,weighted_ngcf,0,kl_lam0.5,kl,0.6703581018191822,-0.0018046357615892,0.7581874232926074,0.7000269759913677,0.8999190720258968,0.8999190720258968,0.8999190720258968,0.12635771986023514,6040,-0.0035750513169107156,0.0,0.0,0.0,0.0,0.0022574616982036777,-0.0018046357615892905
ml1m,ngcf,weighted_ngcf,0,kl_lam2.0,kl,0.6813098005027182,-0.0127563344451252,0.7668108438125829,0.7999190720258968,0.8999190720258968,0.8999190720258968,0.8999190720258968,0.12035778518429283,6040,-0.012198471836886271,-0.0998920960345292,0.0,0.0,0.0,0.008257396374145992,-0.01275633444512525
ml1m,ngcf,weighted_ngcf,0,kl_lam8.0,kl,0.6656230024814339,0.002930463576159,0.749001472960588,0.7000269759913677,0.8999190720258968,0.8999190720258968,0.8999190720258968,0.1308128212692355,6040,0.005610899015108584,0.0,0.0,0.0,0.0,-0.0021976397107966728,0.0029304635761590037
ml1m,ngcf,weighted_ngcf,0,legacy_a0.1,legacy,0.6816409263305327,-0.0130874602729398,0.7657839071239841,0.7999190720258968,0.8999190720258968,0.8999190720258968,0.8999190720258968,0.12276920566902673,6040,-0.011171535148287504,-0.0998920960345292,0.0,0.0,0.0,0.005845975889412089,-0.013087460272939833
ml1m,ngcf,weighted_ngcf,0,legacy_a0.2,legacy,0.6803329793106652,-0.0117795132530722,0.7647908288775307,0.7999190720258968,0.8999190720258968,0.8999190720258968,0.8999190720258968,0.12453842376670177,6040,-0.010178456901834054,-0.0998920960345292,0.0,0.0,0.0,0.004076757791737051,-0.011779513253072249
ml1m,ngcf,weighted_ngcf,0,legacy_a0.4,legacy,0.6755647673901353,-0.0070113013325423,0.7622923518598249,0.7000269759913677,0.8999190720258968,0.8999190720258968,0.8999190720258968,0.12377175846752714,6040,-0.007679979884128274,0.0,0.0,0.0,0.0,0.0048434230909116804,-0.007011301332542352
ml1m,ngcf,weighted_ngcf,0,legacy_a0.8,legacy,0.6706892276469968,-0.0021357615894038,0.7602066834358481,0.7000269759913677,0.8999190720258968,0.8999190720258968,0.8999190720258968,0.12630158003043454,6040,-0.005594311460151435,0.0,0.0,0.0,0.0,0.0023136015280042777,-0.002135761589403873
ml1m,ngcf,weighted_ngcf,1,baseline,baseline,0.665556777315871,0.0,0.7489850640545808,0.7000269759913677,0.8999190720258968,0.8999190720258968,0.8999190720258968,0.1302543363313609,6040,0.0,0.0,0.0,0.0,0.0,0.0,0.0
ml1m,ngcf,weighted_ngcf,1,kl_lam0.1,kl,0.6650104196999769,0.0005463576158941,0.7451457998738737,0.7000269759913677,0.8999190720258968,0.8999190720258968,0.8999190720258968,0.12987543505148902,6040,0.003839264180707014,0.0,0.0,0.0,0.0,0.0003789012798718905,0.0005463576158941663
ml1m,ngcf,weighted_ngcf,1,kl_lam0.5,kl,0.665854790560904,-0.0002980132450329,0.7474794955668264,0.7000269759913677,0.8999190720258968,0.8999190720258968,0.8999190720258968,0.1284814092222954,6040,0.001505568487754405,0.0,0.0,0.0,0.0,0.001772927109065514,-0.00029801324503297977
ml1m,ngcf,weighted_ngcf,1,kl_lam2.0,kl,0.6668150554615663,-0.0012582781456952,0.7516994427939268,0.7000269759913677,0.8999190720258968,0.8999190720258968,0.8999190720258968,0.12929058170855842,6040,-0.0027143787393459906,0.0,0.0,0.0,0.0,0.0009637546228024874,-0.0012582781456952352
ml1m,ngcf,weighted_ngcf,1,kl_lam8.0,kl,0.6659044594350763,-0.0003476821192052,0.7481081656861817,0.7000269759913677,0.8999190720258968,0.8999190720258968,0.8999190720258968,0.12931432654245328,6040,0.0008768983683991038,0.0,0.0,0.0,0.0,0.0009400097889076253,-0.0003476821192052171
ml1m,ngcf,weighted_ngcf,1,legacy_a0.1,legacy,0.6667819428787849,-0.0012251655629138,0.7484883485155165,0.7000269759913677,0.8999190720258968,0.8999190720258968,0.8999190720258968,0.12871637765822125,6040,0.0004967155390642741,0.0,0.0,0.0,0.0,0.001537958673139661,-0.0012251655629138547
ml1m,ngcf,weighted_ngcf,1,legacy_a0.2,legacy,0.6680898898986525,-0.0025331125827814,0.7473971116037852,0.7000269759913677,0.8999190720258968,0.8999190720258968,0.8999190720258968,0.1272245585798445,6040,0.0015879524507955711,0.0,0.0,0.0,0.0,0.003029777751516416,-0.0025331125827814382
ml1m,ngcf,weighted_ngcf,1,legacy_a0.4,legacy,0.6657057839383875,-0.0001490066225164,0.7491841102478398,0.7000269759913677,0.8999190720258968,0.8999190720258968,0.8999190720258968,0.12956774964330386,6040,-0.00019904619325905593,0.0,0.0,0.0,0.0,0.0006865866880570448,-0.00014900662251648988
ml1m,ngcf,weighted_ngcf,1,legacy_a0.8,legacy,0.673785254137063,-0.0082284768211919,0.7604724103494909,0.7000269759913677,0.8999190720258968,0.8999190720258968,0.8999190720258968,0.12431240954596878,6040,-0.011487346294910106,0.0,0.0,0.0,0.0,0.0059419267853921265,-0.008228476821191988
ml1m,ngcf,weighted_ngcf,2,baseline,baseline,0.6639673733423611,0.0,0.7430603502948601,0.7000269759913677,0.8999190720258968,0.8999190720258968,0.8999190720258968,0.13016423503572128,6040,0.0,0.0,0.0,0.0,0.0,0.0,0.0
ml1m,ngcf,weighted_ngcf,2,kl_lam0.1,kl,0.6736196912231558,-0.0096523178807946,0.7595291170990268,0.7000269759913677,0.8999190720258968,0.8999190720258968,0.8999190720258968,0.12353431112111243,6040,-0.016468766804166757,0.0,0.0,0.0,0.0,0.006629923914608843,-0.00965231788079468
ml1m,ngcf,weighted_ngcf,2,kl_lam0.5,kl,0.6676594263224935,-0.0036920529801324,0.7504422097445856,0.7000269759913677,0.8999190720258968,0.8999190720258968,0.8999190720258968,0.12878763081393377,6040,-0.007381859449725581,0.0,0.0,0.0,0.0,0.0013766042217875085,-0.003692052980132421
ml1m,ngcf,weighted_ngcf,2,kl_lam2.0,kl,0.6670965124152087,-0.0031291390728476,0.7480424586025721,0.7000269759913677,0.8999190720258968,0.8999190720258968,0.8999190720258968,0.12856892208622786,6040,-0.004982108307712063,0.0,0.0,0.0,0.0,0.001595312949493416,-0.00312913907284762
ml1m,ngcf,weighted_ngcf,2,kl_lam8.0,kl,0.6699276382430233,-0.0059602649006621,0.752328604197893,0.7000269759913677,0.8999190720258968,0.8999190720258968,0.8999190720258968,0.12605297425487147,6040,-0.009268253903032986,0.0,0.0,0.0,0.0,0.004111260780849807,-0.005960264900662149
ml1m,ngcf,weighted_ngcf,2,legacy_a0.1,legacy,0.6630898898986524,0.0008774834437087,0.7401810383791538,0.7000269759913677,0.8999190720258968,0.8999190720258968,0.8999190720258968,0.13049968773836831,6040,0.0028793119157062286,0.0,0.0,0.0,0.0,-0.00033545270264703775,0.0008774834437087486
ml1m,ngcf,weighted_ngcf,2,legacy_a0.2,legacy,0.6663349230112352,-0.002367549668874,0.7454774705809842,0.7000269759913677,0.8999190720258968,0.8999190720258968,0.8999190720258968,0.128800359382242,6040,-0.0024171202861241747,0.0,0.0,0.0,0.0,0.001363875653479285,-0.0023675496688740916
ml1m,ngcf,weighted_ngcf,2,legacy_a0.4,legacy,0.6656561150642154,-0.0016887417218542,0.7448981075716784,0.7000269759913677,0.8999190720258968,0.8999190720258968,0.8999190720258968,0.12911255881676692,6040,-0.0018377572768183414,0.0,0.0,0.0,0.0,0.001051676218954356,-0.0016887417218542922
ml1m,ngcf,weighted_ngcf,2,legacy_a0.8,legacy,0.6618481680443478,0.0021192052980133,0.7383107937908772,0.7000269759913677,0.8999190720258968,0.8999190720258968,0.8999190720258968,0.1308904337219347,6040,0.004749556503982899,0.0,0.0,0.0,0.0,-0.0007261986862134306,0.002119205298013349
