dataset,model,model_raw,seed,label,family,F_out,OutputGain,Lexp_mean,Lexp_median,Lexp_Q75,Lexp_Q90,Lexp_Q95,l_exp_std,n_users,delta_Lexp_mean,delta_l_exp_median,delta_l_exp_p75,delta_l_exp_p90,delta_l_exp_p95,delta_l_exp_std,delta_F_out,model_short,dataset_name,Q25_available,Lexp_Q25
lastfm,bpr,weighted_bpr,0,baseline,baseline,0.8717261430658088,0.0,0.8851542080611978,0.9000170135541314,0.9000170135541314,0.9000170135541314,0.9000170135541314,0.0701257759299201,1884,0.0,0.0,0.0,0.0,0.0,0.0,0.0,BPR,LastFM,False,
lastfm,bpr,weighted_bpr,0,kl_lam0.1,kl,0.7866942959320508,0.085031847133758,0.8253854810206159,0.9000170135541314,0.9000170135541314,0.9000170135541314,0.9000170135541314,0.1706912879714225,1884,0.0597687270405818,0.0,0.0,0.0,0.0,-0.1005655120415024,0.085031847133758,BPR,LastFM,False,
lastfm,bpr,weighted_bpr,0,kl_lam0.5,kl,0.8366942959320507,0.035031847133758,0.854421146029635,0.9000170135541314,0.9000170135541314,0.9000170135541314,0.9000170135541314,0.1366011289057185,1884,0.0307330620315627,0.0,0.0,0.0,0.0,-0.0664753529757984,0.035031847133758,BPR,LastFM,False,
lastfm,bpr,weighted_bpr,0,kl_lam2.0,kl,0.8600488606878895,0.0116772823779192,0.8753344192869408,0.9000170135541314,0.9000170135541314,0.9000170135541314,0.9000170135541314,0.0920501754136102,1884,0.009819788774257,0.0,0.0,0.0,0.0,-0.0219243994836901,0.0116772823779192,BPR,LastFM,False,
lastfm,bpr,weighted_bpr,0,kl_lam8.0,kl,0.8685945082462758,0.0031316348195329,0.8835617520372618,0.9000170135541314,0.9000170135541314,0.9000170135541314,0.9000170135541314,0.0731130317104783,1884,0.0015924560239359,0.0,0.0,0.0,0.0,-0.0029872557805581,0.0031316348195329,BPR,LastFM,False,
lastfm,bpr,weighted_bpr,0,legacy_a0.1,legacy,0.8660467375456389,0.0056794055201698,0.8816508638081249,0.9000170135541314,0.9000170135541314,0.9000170135541314,0.9000170135541314,0.0759430792101442,1884,0.0035033442530729,0.0,0.0,0.0,0.0,-0.0058173032802241,0.0056794055201698,BPR,LastFM,False,
lastfm,bpr,weighted_bpr,0,legacy_a0.2,legacy,0.8604734891379955,0.0112526539278132,0.8769797943274428,0.9000170135541314,0.9000170135541314,0.9000170135541314,0.9000170135541314,0.0870657159259708,1884,0.008174413733755,0.0,0.0,0.0,0.0,-0.0169399399960507,0.0112526539278132,BPR,LastFM,False,
lastfm,bpr,weighted_bpr,0,legacy_a0.4,legacy,0.8461422789469126,0.0255838641188961,0.8666290363693919,0.9000170135541314,0.9000170135541314,0.9000170135541314,0.9000170135541314,0.1051530407239868,1884,0.0185251716918058,0.0,0.0,0.0,0.0,-0.0350272647940667,0.0255838641188961,BPR,LastFM,False,
lastfm,bpr,weighted_bpr,0,legacy_a0.8,legacy,0.7601550178004158,0.1115711252653929,0.8259678912211386,0.9000170135541314,0.9000170135541314,0.9000170135541314,0.9000170135541314,0.1504865889775628,1884,0.0591863168400592,0.0,0.0,0.0,0.0,-0.0803608130476427,0.1115711252653929,BPR,LastFM,False,
lastfm,bpr,weighted_bpr,1,baseline,baseline,0.8705053362717535,0.0,0.8836148366138911,0.9000170135541314,0.9000170135541314,0.9000170135541314,0.9000170135541314,0.0785496626296521,1884,0.0,0.0,0.0,0.0,0.0,0.0,0.0,BPR,LastFM,False,
lastfm,bpr,weighted_bpr,1,kl_lam0.1,kl,0.7803248691804583,0.0901804670912952,0.8224661875177827,0.9000170135541314,0.9000170135541314,0.9000170135541314,0.9000170135541314,0.1782558347883753,1884,0.0611486490961084,0.0,0.0,0.0,0.0,-0.0997061721587231,0.0901804670912952,BPR,LastFM,False,
lastfm,bpr,weighted_bpr,1,kl_lam0.5,kl,0.8306964190743013,0.0398089171974522,0.8534654821717099,0.9000170135541314,0.9000170135541314,0.9000170135541314,0.9000170135541314,0.1403095221368464,1884,0.0301493544421811,0.0,0.0,0.0,0.0,-0.0617598595071942,0.0398089171974522,BPR,LastFM,False,
lastfm,bpr,weighted_bpr,1,kl_lam2.0,kl,0.8564395188619871,0.0140658174097664,0.8743257551375095,0.9000170135541314,0.9000170135541314,0.9000170135541314,0.9000170135541314,0.0995696275857307,1884,0.0092890814763815,0.0,0.0,0.0,0.0,-0.0210199649560785,0.0140658174097664,BPR,LastFM,False,
lastfm,bpr,weighted_bpr,1,kl_lam8.0,kl,0.8671613872271675,0.003343949044586,0.8812262413783846,0.9000170135541314,0.9000170135541314,0.9000170135541314,0.9000170135541314,0.0835645250012533,1884,0.0023885952355064,0.0,0.0,0.0,0.0,-0.0050148623716011,0.003343949044586,BPR,LastFM,False,
lastfm,bpr,weighted_bpr,1,legacy_a0.1,legacy,0.8645074594140041,0.0059978768577494,0.8797930059723236,0.9000170135541314,0.9000170135541314,0.9000170135541314,0.9000170135541314,0.0863903047976693,1884,0.0038218306415674,0.0,0.0,0.0,0.0,-0.0078406421680171,0.0059978768577494,BPR,LastFM,False,
lastfm,bpr,weighted_bpr,1,legacy_a0.2,legacy,0.857607247099779,0.0128980891719745,0.8757587828409457,0.9000170135541314,0.9000170135541314,0.9000170135541314,0.9000170135541314,0.0920488850957368,1884,0.0078560537729454,0.0,0.0,0.0,0.0,-0.0134992224660846,0.0128980891719745,BPR,LastFM,False,
lastfm,bpr,weighted_bpr,1,legacy_a0.4,legacy,0.8415244445520083,0.0289808917197452,0.8657264902001086,0.9000170135541314,0.9000170135541314,0.9000170135541314,0.9000170135541314,0.1124592146790683,1884,0.0178883464137824,0.0,0.0,0.0,0.0,-0.0339095520494161,0.0289808917197452,BPR,LastFM,False,
lastfm,bpr,weighted_bpr,1,legacy_a0.8,legacy,0.7526178628110316,0.1178874734607219,0.8209784798407446,0.9000170135541314,0.9000170135541314,0.9000170135541314,0.9000170135541314,0.1576543251217818,1884,0.0626363567731465,0.0,0.0,0.0,0.0,-0.0791046624921296,0.1178874734607219,BPR,LastFM,False,
lastfm,bpr,weighted_bpr,2,baseline,baseline,0.8697622364840677,0.0,0.8820756397571963,0.9000170135541314,0.9000170135541314,0.9000170135541314,0.9000170135541314,0.081956731616072,1884,0.0,0.0,0.0,0.0,0.0,0.0,0.0,BPR,LastFM,False,
lastfm,bpr,weighted_bpr,2,kl_lam0.1,kl,0.7746454636602885,0.0951167728237791,0.8188566078874261,0.9000170135541314,0.9000170135541314,0.9000170135541314,0.9000170135541314,0.1812106904507038,1884,0.0632190318697701,0.0,0.0,0.0,0.0,-0.0992539588346318,0.0951167728237791,BPR,LastFM,False,
lastfm,bpr,weighted_bpr,2,kl_lam0.5,kl,0.8303779477367217,0.039384288747346,0.851501575589969,0.9000170135541314,0.9000170135541314,0.9000170135541314,0.9000170135541314,0.1400410856190798,1884,0.0305740641672273,0.0,0.0,0.0,0.0,-0.0580843540030077,0.039384288747346,BPR,LastFM,False,
lastfm,bpr,weighted_bpr,2,kl_lam2.0,kl,0.8575541685435157,0.0122080679405519,0.8752280755430702,0.9000170135541314,0.9000170135541314,0.9000170135541314,0.9000170135541314,0.0937933414613154,1884,0.006847564214126,0.0,0.0,0.0,0.0,-0.0118366098452434,0.0122080679405519,BPR,LastFM,False,
lastfm,bpr,weighted_bpr,2,kl_lam8.0,kl,0.8656221090955327,0.0041401273885349,0.8796338305071931,0.9000170135541314,0.9000170135541314,0.9000170135541314,0.9000170135541314,0.0875432581172496,1884,0.0024418092500031,0.0,0.0,0.0,0.0,-0.0055865265011775,0.0041401273885349,BPR,LastFM,False,
lastfm,bpr,weighted_bpr,2,legacy_a0.1,legacy,0.8633397311762122,0.0064225053078554,0.8785722112190003,0.9000170135541314,0.9000170135541314,0.9000170135541314,0.9000170135541314,0.0886768279315518,1884,0.0035034285381959,0.0,0.0,0.0,0.0,-0.0067200963154798,0.0064225053078554,BPR,LastFM,False,
lastfm,bpr,weighted_bpr,2,legacy_a0.2,legacy,0.8573949328747259,0.0123673036093417,0.8755465860130284,0.9000170135541314,0.9000170135541314,0.9000170135541314,0.9000170135541314,0.0912387111817474,1884,0.0065290537441679,0.0,0.0,0.0,0.0,-0.0092819795656754,0.0123673036093417,BPR,LastFM,False,
lastfm,bpr,weighted_bpr,2,legacy_a0.4,legacy,0.8406751876517959,0.0290870488322717,0.8661510524261895,0.9000170135541314,0.9000170135541314,0.9000170135541314,0.9000170135541314,0.1025197276644128,1884,0.0159245873310067,0.0,0.0,0.0,0.0,-0.0205629960483407,0.0290870488322717,BPR,LastFM,False,
lastfm,bpr,weighted_bpr,2,legacy_a0.8,legacy,0.7461422789469127,0.123619957537155,0.8192265473333813,0.9000170135541314,0.9000170135541314,0.9000170135541314,0.9000170135541314,0.1569508984411703,1884,0.0628490924238149,0.0,0.0,0.0,0.0,-0.0749941668250983,0.123619957537155,BPR,LastFM,False,
lastfm,itemknn,weighted_itemknn,0,baseline,baseline,0.5819172258683565,0.0,0.7240551336683788,0.9000170135541314,0.9000170135541314,0.9000170135541314,0.9000170135541314,0.2259280263521103,1884,0.0,0.0,0.0,0.0,0.0,0.0,0.0,ItemKNN,LastFM,False,
lastfm,itemknn,weighted_itemknn,0,kl_lam0.1,kl,0.2166836802207981,0.3652335456475584,0.5603570341895378,0.5000283559235525,0.6999943288152894,0.9000170135541314,0.9000170135541314,0.2259115887355488,1884,0.163698099478841,0.3999886576305789,0.200022684738842,0.0,0.0,1.643761656150433e-05,0.3652335456475584,ItemKNN,LastFM,False,
lastfm,itemknn,weighted_itemknn,0,kl_lam0.5,kl,0.350919349010607,0.2309978768577494,0.619223708730843,0.600011342369421,0.9000170135541314,0.9000170135541314,0.9000170135541314,0.2368499567939818,1884,0.1048314249375358,0.3000056711847104,0.0,0.0,0.0,-0.0109219304418714,0.2309978768577494,ItemKNN,LastFM,False,
lastfm,itemknn,weighted_itemknn,0,kl_lam2.0,kl,0.4984777354224967,0.0834394904458598,0.6838211545544731,0.7000170135541315,0.9000170135541314,0.9000170135541314,0.9000170135541314,0.2349515719380012,1884,0.0402339791139056,0.1999999999999999,0.0,0.0,0.0,-0.0090235455858908,0.0834394904458598,ItemKNN,LastFM,False,
lastfm,itemknn,weighted_itemknn,0,kl_lam8.0,kl,0.5603142534692058,0.0216029723991506,0.7132269426306086,0.9000170135541314,0.9000170135541314,0.9000170135541314,0.9000170135541314,0.2300029077050217,1884,0.0108281910377702,0.0,0.0,0.0,0.0,-0.0040748813529113,0.0216029723991506,ItemKNN,LastFM,False,
lastfm,itemknn,weighted_itemknn,0,legacy_a0.1,legacy,0.5458768861655965,0.0360403397027599,0.7061143107349266,0.8000170135541315,0.9000170135541314,0.9000170135541314,0.9000170135541314,0.2319548952492331,1884,0.0179408229334522,0.0999999999999999,0.0,0.0,0.0,-0.0060268688971227,0.0360403397027599,ItemKNN,LastFM,False,
lastfm,itemknn,weighted_itemknn,0,legacy_a0.2,legacy,0.502883255592348,0.0790339702760084,0.6829716086766959,0.799977315261158,0.9000170135541314,0.9000170135541314,0.9000170135541314,0.2378559658645679,1884,0.0410835249916828,0.1000396982929734,0.0,0.0,0.0,-0.0119279395124575,0.0790339702760084,ItemKNN,LastFM,False,
lastfm,itemknn,weighted_itemknn,0,legacy_a0.4,legacy,0.3757070347855539,0.2062101910828025,0.6188519541445583,0.600011342369421,0.9000170135541314,0.9000170135541314,0.9000170135541314,0.2436728575569546,1884,0.1052031795238205,0.3000056711847104,0.0,0.0,0.0,-0.0177448312048442,0.2062101910828025,ItemKNN,LastFM,False,
lastfm,itemknn,weighted_itemknn,0,legacy_a0.8,legacy,0.13733123860721,0.4445859872611464,0.5255355777739167,0.500011342369421,0.6000170135541314,0.9000170135541314,0.9000170135541314,0.2199752737921018,1884,0.1985195558944621,0.4000056711847104,0.3,0.0,0.0,0.0059527525600085,0.4445859872611465,ItemKNN,LastFM,False,
lastfm,itemknn,weighted_itemknn,1,baseline,baseline,0.5865881388195242,0.0,0.7221975046064829,0.9000170135541314,0.9000170135541314,0.9000170135541314,0.9000170135541314,0.227650646698203,1884,0.0,0.0,0.0,0.0,0.0,0.0,0.0,ItemKNN,LastFM,False,
lastfm,itemknn,weighted_itemknn,1,kl_lam0.1,kl,0.2268747630233458,0.3597133757961783,0.5633822379698942,0.599977315261158,0.7000170135541315,0.9000170135541314,0.9000170135541314,0.2298311437245383,1884,0.1588152666365887,0.3000396982929734,0.1999999999999999,0.0,0.0,-0.0021804970263353,0.3597133757961784,ItemKNN,LastFM,False,
lastfm,itemknn,weighted_itemknn,1,kl_lam0.5,kl,0.3616412173757874,0.2249469214437367,0.6254871017874105,0.600011342369421,0.9000170135541314,0.9000170135541314,0.9000170135541314,0.2392280067727027,1884,0.0967104028190724,0.3000056711847104,0.0,0.0,0.0,-0.0115773600744997,0.2249469214437368,ItemKNN,LastFM,False,
lastfm,itemknn,weighted_itemknn,1,kl_lam2.0,kl,0.5044756122802461,0.0821125265392781,0.6845113864987034,0.8000170135541314,0.9000170135541314,0.9000170135541314,0.9000170135541314,0.2366076897693025,1884,0.0376861181077795,0.1,0.0,0.0,0.0,-0.0089570430710994,0.0821125265392781,ItemKNN,LastFM,False,
lastfm,itemknn,weighted_itemknn,1,kl_lam8.0,kl,0.565675187651796,0.0209129511677281,0.7140233226568165,0.9000170135541314,0.9000170135541314,0.9000170135541314,0.9000170135541314,0.2293664435985486,1884,0.0081741819496664,0.0,0.0,0.0,0.0,-0.0017157969003456,0.0209129511677281,ItemKNN,LastFM,False,
lastfm,itemknn,weighted_itemknn,1,legacy_a0.1,legacy,0.5506008776730273,0.0359872611464968,0.7060613706470797,0.9000170135541314,0.9000170135541314,0.9000170135541314,0.9000170135541314,0.2330179663927817,1884,0.0161361339594031,0.0,0.0,0.0,0.0,-0.0053673196945786,0.0359872611464968,ItemKNN,LastFM,False,
lastfm,itemknn,weighted_itemknn,1,legacy_a0.2,legacy,0.5080318755498852,0.078556263269639,0.6861564936329212,0.8000170135541314,0.9000170135541314,0.9000170135541314,0.9000170135541314,0.2375718514131283,1884,0.0360410109735617,0.1,0.0,0.0,0.0,-0.0099212047149252,0.078556263269639,ItemKNN,LastFM,False,
lastfm,itemknn,weighted_itemknn,1,legacy_a0.4,legacy,0.3861104318131548,0.2004777070063694,0.6225144437609322,0.600011342369421,0.9000170135541314,0.9000170135541314,0.9000170135541314,0.2502973944496434,1884,0.0996830608455506,0.3000056711847104,0.0,0.0,0.0,-0.0226467477514403,0.2004777070063694,ItemKNN,LastFM,False,
lastfm,itemknn,weighted_itemknn,1,legacy_a0.8,legacy,0.1492739137664456,0.4373142250530785,0.5225102505760587,0.500011342369421,0.6999773152611581,0.9000170135541314,0.9000170135541314,0.2242102382075968,1884,0.1996872540304242,0.4000056711847104,0.2000396982929733,0.0,0.0,0.0034404084906062,0.4373142250530786,ItemKNN,LastFM,False,
lastfm,itemknn,weighted_itemknn,2,baseline,baseline,0.5829257184373586,0.0,0.716624590329149,0.9000170135541314,0.9000170135541314,0.9000170135541314,0.9000170135541314,0.2323781010557508,1884,0.0,0.0,0.0,0.0,0.0,0.0,0.0,ItemKNN,LastFM,False,
lastfm,itemknn,weighted_itemknn,2,kl_lam0.1,kl,0.2056964190743013,0.3772292993630573,0.5619486925149874,0.5000283559235524,0.6999943288152894,0.9000170135541314,0.9000170135541314,0.220890648000809,1884,0.1546758978141617,0.399988657630579,0.200022684738842,0.0,0.0,0.0114874530549417,0.3772292993630573,ItemKNN,LastFM,False,
lastfm,itemknn,weighted_itemknn,2,kl_lam0.5,kl,0.3459299647218596,0.2369957537154989,0.6175251557980399,0.600011342369421,0.9000170135541314,0.9000170135541314,0.9000170135541314,0.2331201492795856,1884,0.0990994345311091,0.3000056711847104,0.0,0.0,0.0,-0.0007420482238348,0.236995753715499,ItemKNN,LastFM,False,
lastfm,itemknn,weighted_itemknn,2,kl_lam2.0,kl,0.4976284785222843,0.0852972399150743,0.6802117374739964,0.7000170135541315,0.9000170135541314,0.9000170135541314,0.9000170135541314,0.2321054320316737,1884,0.0364128528551526,0.1999999999999999,0.0,0.0,0.0,0.000272669024077,0.0852972399150743,ItemKNN,LastFM,False,
lastfm,itemknn,weighted_itemknn,2,kl_lam8.0,kl,0.5628620241698427,0.0200636942675159,0.7078132640220643,0.9000170135541314,0.9000170135541314,0.9000170135541314,0.9000170135541314,0.2340229971286741,1884,0.0088113263070847,0.0,0.0,0.0,0.0,-0.0016448960729233,0.0200636942675159,ItemKNN,LastFM,False,
lastfm,itemknn,weighted_itemknn,2,legacy_a0.1,legacy,0.5482123426411802,0.0347133757961783,0.7013906202457924,0.8000170135541314,0.9000170135541314,0.9000170135541314,0.9000170135541314,0.2340014977424803,1884,0.0152339700833566,0.1,0.0,0.0,0.0,-0.0016233966867295,0.0347133757961783,ItemKNN,LastFM,False,
lastfm,itemknn,weighted_itemknn,2,legacy_a0.2,legacy,0.500919349010607,0.0820063694267516,0.6792029619477955,0.7000170135541315,0.9000170135541314,0.9000170135541314,0.9000170135541314,0.2343959692853854,1884,0.0374216283813535,0.1999999999999999,0.0,0.0,0.0,-0.0020178682296346,0.0820063694267516,ItemKNN,LastFM,False,
lastfm,itemknn,weighted_itemknn,2,legacy_a0.4,legacy,0.3691252938089084,0.2138004246284501,0.6217181660809453,0.600011342369421,0.9000170135541314,0.9000170135541314,0.9000170135541314,0.2352284036954669,1884,0.0949064242482037,0.3000056711847104,0.0,0.0,0.0,-0.0028503026397161,0.2138004246284502,ItemKNN,LastFM,False,
lastfm,itemknn,weighted_itemknn,2,legacy_a0.8,legacy,0.1349427035753628,0.4479830148619957,0.5293567491854144,0.500011342369421,0.699981568649691,0.9000170135541314,0.9000170135541314,0.2176283275671348,1884,0.1872678411437346,0.4000056711847104,0.2000354449044404,0.0,0.0,0.014749773488616,0.4479830148619958,ItemKNN,LastFM,False,
lastfm,lightgcn,weighted_lightgcn,0,baseline,baseline,0.8710361218343863,0.0,0.8848358119781925,0.9000170135541314,0.9000170135541314,0.9000170135541314,0.9000170135541314,0.0749614828586377,1884,0.0,0.0,0.0,0.0,0.0,0.0,0.0,LightGCN,LastFM,False,
lastfm,lightgcn,weighted_lightgcn,0,kl_lam0.1,kl,0.8170021515583776,0.0540339702760086,0.8475742560964936,0.9000170135541314,0.9000170135541314,0.9000170135541314,0.9000170135541314,0.1528575532061094,1884,0.0372615558816988,0.0,0.0,0.0,0.0,-0.0778960703474716,0.0540339702760086,LightGCN,LastFM,False,
lastfm,lightgcn,weighted_lightgcn,0,kl_lam0.5,kl,0.8418959944458512,0.0291401273885351,0.8634452471197668,0.9000170135541314,0.9000170135541314,0.9000170135541314,0.9000170135541314,0.1312828283065174,1884,0.0213905648584257,0.0,0.0,0.0,0.0,-0.0563213454478797,0.0291401273885351,LightGCN,LastFM,False,
lastfm,lightgcn,weighted_lightgcn,0,kl_lam2.0,kl,0.8599427035753628,0.0110934182590234,0.8787315251525472,0.9000170135541314,0.9000170135541314,0.9000170135541314,0.9000170135541314,0.0874185796555523,1884,0.0061042868256453,0.0,0.0,0.0,0.0,-0.0124570967969145,0.0110934182590234,LightGCN,LastFM,False,
lastfm,lightgcn,weighted_lightgcn,0,kl_lam8.0,kl,0.8671613872271675,0.0038747346072187,0.8828717609076691,0.9000170135541314,0.9000170135541314,0.9000170135541314,0.9000170135541314,0.0779826859946431,1884,0.0019640510705234,0.0,0.0,0.0,0.0,-0.0030212031360054,0.0038747346072187,LightGCN,LastFM,False,
lastfm,lightgcn,weighted_lightgcn,0,legacy_a0.1,legacy,0.86493208786411,0.0061040339702762,0.8818100723852678,0.9000170135541314,0.9000170135541314,0.9000170135541314,0.9000170135541314,0.0790285084624371,1884,0.0030257395929247,0.0,0.0,0.0,0.0,-0.0040670256037993,0.0061040339702762,LightGCN,LastFM,False,
lastfm,lightgcn,weighted_lightgcn,0,legacy_a0.2,legacy,0.8578195613248321,0.0132165605095542,0.8791028583132164,0.9000170135541314,0.9000170135541314,0.9000170135541314,0.9000170135541314,0.0846411666800216,1884,0.005732953664976,0.0,0.0,0.0,0.0,-0.0096796838213839,0.0132165605095542,LightGCN,LastFM,False,
lastfm,lightgcn,weighted_lightgcn,0,legacy_a0.4,legacy,0.8442845294776983,0.026751592356688,0.8740069526798034,0.9000170135541314,0.9000170135541314,0.9000170135541314,0.9000170135541314,0.0945071856906697,1884,0.010828859298389,0.0,0.0,0.0,0.0,-0.0195457028320319,0.026751592356688,LightGCN,LastFM,False,
lastfm,lightgcn,weighted_lightgcn,0,legacy_a0.8,legacy,0.8032017269299276,0.0678343949044586,0.8442289313982916,0.9000170135541314,0.9000170135541314,0.9000170135541314,0.9000170135541314,0.1511985762146546,1884,0.0406068805799009,0.0,0.0,0.0,0.0,-0.0762370933560169,0.0678343949044586,LightGCN,LastFM,False,
lastfm,lightgcn,weighted_lightgcn,1,baseline,baseline,0.8720976929596516,0.0,0.884676633502879,0.9000170135541314,0.9000170135541314,0.9000170135541314,0.9000170135541314,0.0766447044570823,1884,0.0,0.0,0.0,0.0,0.0,0.0,0.0,LightGCN,LastFM,False,
lastfm,lightgcn,weighted_lightgcn,1,kl_lam0.1,kl,0.8163652088832185,0.055732484076433,0.8489541901927518,0.9000170135541314,0.9000170135541314,0.9000170135541314,0.9000170135541314,0.149680630328673,1884,0.0357224433101271,0.0,0.0,0.0,0.0,-0.0730359258715906,0.055732484076433,LightGCN,LastFM,False,
lastfm,lightgcn,weighted_lightgcn,1,kl_lam0.5,kl,0.8446560793715412,0.0274416135881103,0.8647721327615913,0.9000170135541314,0.9000170135541314,0.9000170135541314,0.9000170135541314,0.1288954545399118,1884,0.0199045007412876,0.0,0.0,0.0,0.0,-0.0522507500828294,0.0274416135881103,LightGCN,LastFM,False,
lastfm,lightgcn,weighted_lightgcn,1,kl_lam2.0,kl,0.8636051239575284,0.0084925690021231,0.8803239932172151,0.9000170135541314,0.9000170135541314,0.9000170135541314,0.9000170135541314,0.0858341930153028,1884,0.0043526402856638,0.0,0.0,0.0,0.0,-0.0091894885582205,0.0084925690021231,LightGCN,LastFM,False,
lastfm,lightgcn,weighted_lightgcn,1,kl_lam8.0,kl,0.8698683935965943,0.0022292993630572,0.8838803678636239,0.9000170135541314,0.9000170135541314,0.9000170135541314,0.9000170135541314,0.0787719833056923,1884,0.000796265639255,0.0,0.0,0.0,0.0,-0.0021272788486099,0.0022292993630572,LightGCN,LastFM,False,
lastfm,lightgcn,weighted_lightgcn,1,legacy_a0.1,legacy,0.8679044870148533,0.0041932059447982,0.8831902593368953,0.9000170135541314,0.9000170135541314,0.9000170135541314,0.9000170135541314,0.0792665458437901,1884,0.0014863741659836,0.0,0.0,0.0,0.0,-0.0026218413867077,0.0041932059447982,LightGCN,LastFM,False,
lastfm,lightgcn,weighted_lightgcn,1,legacy_a0.2,legacy,0.8614819817069976,0.0106157112526539,0.8803768851421343,0.9000170135541314,0.9000170135541314,0.9000170135541314,0.9000170135541314,0.0833048025090374,1884,0.0042997483607446,0.0,0.0,0.0,0.0,-0.0066600980519551,0.0106157112526539,LightGCN,LastFM,False,
lastfm,lightgcn,weighted_lightgcn,1,legacy_a0.4,legacy,0.8495923851040252,0.0225053078556263,0.8747501969562718,0.9000170135541314,0.9000170135541314,0.9000170135541314,0.9000170135541314,0.0958225891453835,1884,0.0099264365466071,0.0,0.0,0.0,0.0,-0.0191778846883012,0.0225053078556263,LightGCN,LastFM,False,
lastfm,lightgcn,weighted_lightgcn,1,legacy_a0.8,legacy,0.8034140411549806,0.0686836518046709,0.8455028619013546,0.9000170135541314,0.9000170135541314,0.9000170135541314,0.9000170135541314,0.1442727879166741,1884,0.0391737716015243,0.0,0.0,0.0,0.0,-0.0676280834595917,0.0686836518046709,LightGCN,LastFM,False,
lastfm,lightgcn,weighted_lightgcn,2,baseline,baseline,0.8692845294776983,0.0,0.8838272772666287,0.9000170135541314,0.9000170135541314,0.9000170135541314,0.9000170135541314,0.0726982507050958,1884,0.0,0.0,0.0,0.0,0.0,0.0,0.0,LightGCN,LastFM,False,
lastfm,lightgcn,weighted_lightgcn,2,kl_lam0.1,kl,0.8118004530445773,0.057484076433121,0.8432749773242919,0.9000170135541314,0.9000170135541314,0.9000170135541314,0.9000170135541314,0.1583922722709094,1884,0.0405522999423367,0.0,0.0,0.0,0.0,-0.0856940215658135,0.057484076433121,LightGCN,LastFM,False,
lastfm,lightgcn,weighted_lightgcn,2,kl_lam0.5,kl,0.8409405804331124,0.0283439490445859,0.8627020750876898,0.9000170135541314,0.9000170135541314,0.9000170135541314,0.9000170135541314,0.1280837545458719,1884,0.0211252021789388,0.0,0.0,0.0,0.0,-0.055385503840776,0.0283439490445859,LightGCN,LastFM,False,
lastfm,lightgcn,weighted_lightgcn,2,kl_lam2.0,kl,0.8592526823439403,0.010031847133758,0.8771391925461128,0.9000170135541314,0.9000170135541314,0.9000170135541314,0.9000170135541314,0.0909523344924689,1884,0.0066880847205158,0.0,0.0,0.0,0.0,-0.018254083787373,0.010031847133758,LightGCN,LastFM,False,
lastfm,lightgcn,weighted_lightgcn,2,kl_lam8.0,kl,0.8660998161019021,0.0031847133757961,0.8823409753450363,0.9000170135541314,0.9000170135541314,0.9000170135541314,0.9000170135541314,0.0742345092498878,1884,0.0014863019215923,0.0,0.0,0.0,0.0,-0.0015362585447919,0.0031847133757961,LightGCN,LastFM,False,
lastfm,lightgcn,weighted_lightgcn,2,legacy_a0.1,legacy,0.8638705167388447,0.0054140127388535,0.8811731899137679,0.9000170135541314,0.9000170135541314,0.9000170135541314,0.9000170135541314,0.0762093045450946,1884,0.0026540873528607,0.0,0.0,0.0,0.0,-0.0035110538399987,0.0054140127388535,LightGCN,LastFM,False,
lastfm,lightgcn,weighted_lightgcn,2,legacy_a0.2,legacy,0.8573949328747259,0.0118895966029723,0.8783598036782752,0.9000170135541314,0.9000170135541314,0.9000170135541314,0.9000170135541314,0.0815116621062634,1884,0.0054674735883535,0.0,0.0,0.0,0.0,-0.0088134114011675,0.0118895966029723,LightGCN,LastFM,False,
lastfm,lightgcn,weighted_lightgcn,2,legacy_a0.4,legacy,0.844231450921435,0.0250530785562632,0.8726269312882392,0.9000170135541314,0.9000170135541314,0.9000170135541314,0.9000170135541314,0.0962357691908781,1884,0.0112003459783894,0.0,0.0,0.0,0.0,-0.0235375184857823,0.0250530785562632,LightGCN,LastFM,False,
lastfm,lightgcn,weighted_lightgcn,2,legacy_a0.8,legacy,0.7969384572908618,0.0723460721868365,0.8406196407454996,0.9000170135541314,0.9000170135541314,0.9000170135541314,0.9000170135541314,0.1511221681026623,1884,0.0432076365211291,0.0,0.0,0.0,0.0,-0.0784239173975664,0.0723460721868365,LightGCN,LastFM,False,
lastfm,neumf,weighted_neumf,0,baseline,baseline,0.8795286908365094,0.0,0.8847829381143709,0.9000170135541314,0.9000170135541314,0.9000170135541314,0.9000170135541314,0.0558339314146193,1884,0.0,0.0,0.0,0.0,0.0,0.0,0.0,NeuMF,LastFM,False,
lastfm,neumf,weighted_neumf,0,kl_lam0.1,kl,0.8672675443396941,0.0122611464968153,0.8726808587160992,0.9000170135541314,0.9000170135541314,0.9000170135541314,0.9000170135541314,0.0719118569218947,1884,0.0121020793982716,0.0,0.0,0.0,0.0,-0.0160779255072753,0.0122611464968153,NeuMF,LastFM,False,
lastfm,neumf,weighted_neumf,0,kl_lam0.5,kl,0.8758662704543437,0.0036624203821656,0.8797405324628368,0.9000170135541314,0.9000170135541314,0.9000170135541314,0.9000170135541314,0.060103666061799,1884,0.0050424056515341,0.0,0.0,0.0,0.0,-0.0042697346471796,0.0036624203821656,NeuMF,LastFM,False,
lastfm,neumf,weighted_neumf,0,kl_lam2.0,kl,0.8839342110063608,-0.0044055201698514,0.8860039857230635,0.9000170135541314,0.9000170135541314,0.9000170135541314,0.9000170135541314,0.0523863221369463,1884,-0.0012210476086925,0.0,0.0,0.0,0.0,0.0034476092776729,-0.0044055201698514,NeuMF,LastFM,False,
lastfm,neumf,weighted_neumf,0,kl_lam8.0,kl,0.8836157396687812,-0.0040870488322717,0.8871716025840858,0.9000170135541314,0.9000170135541314,0.9000170135541314,0.9000170135541314,0.0482687642297654,1884,-0.0023886644697148,0.0,0.0,0.0,0.0,0.0075651671848539,-0.0040870488322717,NeuMF,LastFM,False,
lastfm,neumf,weighted_neumf,0,legacy_a0.1,legacy,0.8822356972059361,-0.0027070063694266,0.8855792127841751,0.9000170135541314,0.9000170135541314,0.9000170135541314,0.9000170135541314,0.0515555756893196,1884,-0.0007962746698041,0.0,0.0,0.0,0.0,0.0042783557252996,-0.0027070063694266,NeuMF,LastFM,False,
lastfm,neumf,weighted_neumf,0,legacy_a0.2,legacy,0.8815987545307769,-0.0020700636942674,0.8851014937370737,0.9000170135541314,0.9000170135541314,0.9000170135541314,0.9000170135541314,0.0530955105919539,1884,-0.0003185556227027,0.0,0.0,0.0,0.0,0.0027384208226653,-0.0020700636942674,NeuMF,LastFM,False,
lastfm,neumf,weighted_neumf,0,legacy_a0.4,legacy,0.8749639349978682,0.0045647558386412,0.8805897381899386,0.9000170135541314,0.9000170135541314,0.9000170135541314,0.9000170135541314,0.0651204364615669,1884,0.0041931999244323,0.0,0.0,0.0,0.0,-0.0092865050469476,0.0045647558386412,NeuMF,LastFM,False,
lastfm,neumf,weighted_neumf,0,legacy_a0.8,legacy,0.8684883511337493,0.01104033970276,0.8729993390842279,0.9000170135541314,0.9000170135541314,0.9000170135541314,0.9000170135541314,0.0684037752531631,1884,0.011783599030143,0.0,0.0,0.0,0.0,-0.0125698438385437,0.01104033970276,NeuMF,LastFM,False,
lastfm,neumf,weighted_neumf,1,baseline,baseline,0.8835095825562546,0.0,0.8869062609758798,0.9000170135541314,0.9000170135541314,0.9000170135541314,0.9000170135541314,0.0511361669609905,1884,0.0,0.0,0.0,0.0,0.0,0.0,0.0,NeuMF,LastFM,False,
lastfm,neumf,weighted_neumf,1,kl_lam0.1,kl,0.8711422789469128,0.0123673036093417,0.8755471940699878,0.9000170135541314,0.9000170135541314,0.9000170135541314,0.9000170135541314,0.0636907270965524,1884,0.0113590669058919,0.0,0.0,0.0,0.0,-0.0125545601355618,0.0123673036093417,NeuMF,LastFM,False,
lastfm,neumf,weighted_neumf,1,kl_lam0.5,kl,0.8818641473120932,0.0016454352441613,0.8845177169134838,0.9000170135541314,0.9000170135541314,0.9000170135541314,0.9000170135541314,0.0529777357087526,1884,0.0023885440623959,0.0,0.0,0.0,0.0,-0.0018415687477621,0.0016454352441613,NeuMF,LastFM,False,
lastfm,neumf,weighted_neumf,1,kl_lam2.0,kl,0.8849957821316261,-0.0014861995753715,0.8870656230723543,0.9000170135541314,0.9000170135541314,0.9000170135541314,0.9000170135541314,0.0454054752068378,1884,-0.0001593620964744,0.0,0.0,0.0,0.0,0.0057306917541526,-0.0014861995753715,NeuMF,LastFM,False,
lastfm,neumf,weighted_neumf,1,kl_lam8.0,kl,0.8827134042123055,0.000796178343949,0.8862162457648232,0.9000170135541314,0.9000170135541314,0.9000170135541314,0.9000170135541314,0.0536437017229109,1884,0.0006900152110566,0.0,0.0,0.0,0.0,-0.0025075347619204,0.000796178343949,NeuMF,LastFM,False,
lastfm,neumf,weighted_neumf,1,legacy_a0.1,legacy,0.8830849541061484,0.0004246284501061,0.8862162277037254,0.9000170135541314,0.9000170135541314,0.9000170135541314,0.9000170135541314,0.0523414859720466,1884,0.0006900332721543,0.0,0.0,0.0,0.0,-0.001205319011056,0.0004246284501061,NeuMF,LastFM,False,
lastfm,neumf,weighted_neumf,1,legacy_a0.2,legacy,0.8797940836178257,0.0037154989384288,0.8836153754366421,0.9000170135541314,0.9000170135541314,0.9000170135541314,0.9000170135541314,0.0556924626208929,1884,0.0032908855392376,0.0,0.0,0.0,0.0,-0.0045562956599024,0.0037154989384288,NeuMF,LastFM,False,
lastfm,neumf,weighted_neumf,1,legacy_a0.4,legacy,0.8733184997537069,0.0101910828025476,0.8784666471125182,0.9000170135541314,0.9000170135541314,0.9000170135541314,0.9000170135541314,0.0659145255487402,1884,0.0084396138633615,0.0,0.0,0.0,0.0,-0.0147783585877496,0.0101910828025476,NeuMF,LastFM,False,
lastfm,neumf,weighted_neumf,1,legacy_a0.8,legacy,0.8682229583524329,0.0152866242038216,0.87273398543529,0.9000170135541314,0.9000170135541314,0.9000170135541314,0.9000170135541314,0.0684922183844123,1884,0.0141722755405897,0.0,0.0,0.0,0.0,-0.0173560514234217,0.0152866242038216,NeuMF,LastFM,False,
lastfm,neumf,weighted_neumf,2,baseline,baseline,0.8925860156772737,0.0,0.8931167169547835,0.9000170135541314,0.9000170135541314,0.9000170135541314,0.9000170135541314,0.0340972542345664,1884,0.0,0.0,0.0,0.0,0.0,0.0,0.0,NeuMF,LastFM,False,
lastfm,neumf,weighted_neumf,2,kl_lam0.1,kl,0.8701868649341737,0.0223991507430999,0.8747509555223795,0.9000170135541314,0.9000170135541314,0.9000170135541314,0.9000170135541314,0.064910036247601,1884,0.0183657614324039,0.0,0.0,0.0,0.0,-0.0308127820130345,0.0223991507430999,NeuMF,LastFM,False,
lastfm,neumf,weighted_neumf,2,kl_lam0.5,kl,0.8788917481613501,0.0136942675159236,0.8820760190402502,0.9000170135541314,0.9000170135541314,0.9000170135541314,0.9000170135541314,0.0575230220421117,1884,0.0110406979145332,0.0,0.0,0.0,0.0,-0.0234257678075452,0.0136942675159236,NeuMF,LastFM,False,
lastfm,neumf,weighted_neumf,2,kl_lam2.0,kl,0.890515951983006,0.0020700636942676,0.8910997167658644,0.9000170135541314,0.9000170135541314,0.9000170135541314,0.9000170135541314,0.0369359486859914,1884,0.002017000188919,0.0,0.0,0.0,0.0,-0.0028386944514249,0.0020700636942676,NeuMF,LastFM,False,
lastfm,neumf,weighted_neumf,2,kl_lam8.0,kl,0.8925860156772737,0.0,0.8929574933267255,0.9000170135541314,0.9000170135541314,0.9000170135541314,0.9000170135541314,0.0356632160851234,1884,0.0001592236280579,0.0,0.0,0.0,0.0,-0.0015659618505569,0.0,NeuMF,LastFM,False,
lastfm,neumf,weighted_neumf,2,legacy_a0.1,legacy,0.8860573532568916,0.006528662420382,0.8883394542393792,0.9000170135541314,0.9000170135541314,0.9000170135541314,0.9000170135541314,0.0491072878789379,1884,0.0047772627154042,0.0,0.0,0.0,0.0,-0.0150100336443714,0.006528662420382,NeuMF,LastFM,False,
lastfm,neumf,weighted_neumf,2,legacy_a0.2,legacy,0.8900382449766367,0.0025477707006369,0.8907812093060892,0.9000170135541314,0.9000170135541314,0.9000170135541314,0.9000170135541314,0.0390942871533375,1884,0.0023355076486942,0.0,0.0,0.0,0.0,-0.004997032918771,0.0025477707006369,NeuMF,LastFM,False,
lastfm,neumf,weighted_neumf,2,legacy_a0.4,legacy,0.8672144657834308,0.0253715498938429,0.8763960686769633,0.9000170135541314,0.9000170135541314,0.9000170135541314,0.9000170135541314,0.0649173591341113,1884,0.0167206482778201,0.0,0.0,0.0,0.0,-0.0308201048995448,0.0253715498938429,NeuMF,LastFM,False,
lastfm,neumf,weighted_neumf,2,legacy_a0.8,legacy,0.8627558670573161,0.0298301486199575,0.8679038217644176,0.9000170135541314,0.9000170135541314,0.9000170135541314,0.9000170135541314,0.0753184240462022,1884,0.0252128951903658,0.0,0.0,0.0,0.0,-0.0412211698116357,0.0298301486199575,NeuMF,LastFM,False,
lastfm,ngcf,weighted_ngcf,0,baseline,baseline,0.8561210475244074,0.0,0.8754934803651185,0.9000170135541314,0.9000170135541314,0.9000170135541314,0.9000170135541314,0.0875118958525384,1884,0.0,0.0,0.0,0.0,0.0,0.0,0.0,NGCF,LastFM,False,
lastfm,ngcf,weighted_ngcf,0,kl_lam0.1,kl,0.831227204636934,0.0248938428874734,0.8590383603268482,0.9000170135541314,0.9000170135541314,0.9000170135541314,0.9000170135541314,0.1070713972297744,1884,0.0164551200382703,0.0,0.0,0.0,0.0,-0.019559501377236,0.0248938428874734,NGCF,LastFM,False,
lastfm,ngcf,weighted_ngcf,0,kl_lam0.5,kl,0.8382866526199488,0.0178343949044585,0.8644527493385725,0.9000170135541314,0.9000170135541314,0.9000170135541314,0.9000170135541314,0.1018379277821006,1884,0.011040731026546,0.0,0.0,0.0,0.0,-0.0143260319295621,0.0178343949044585,NGCF,LastFM,False,
lastfm,ngcf,weighted_ngcf,0,kl_lam2.0,kl,0.8502293277791845,0.0058917197452229,0.8720963203162188,0.9000170135541314,0.9000170135541314,0.9000170135541314,0.9000170135541314,0.0893857411430995,1884,0.0033971600488997,0.0,0.0,0.0,0.0,-0.001873845290561,0.0058917197452229,NGCF,LastFM,False,
lastfm,ngcf,weighted_ngcf,0,kl_lam8.0,kl,0.8559087332993544,0.000212314225053,0.8755996886507554,0.9000170135541314,0.9000170135541314,0.9000170135541314,0.9000170135541314,0.0828691904755886,1884,-0.0001062082856368,0.0,0.0,0.0,0.0,0.0046427053769498,0.000212314225053,NGCF,LastFM,False,
lastfm,ngcf,weighted_ngcf,0,legacy_a0.1,legacy,0.8543694551677196,0.0017515923566878,0.8739541841723858,0.9000170135541314,0.9000170135541314,0.9000170135541314,0.9000170135541314,0.0881265432860186,1884,0.0015392961927327,0.0,0.0,0.0,0.0,-0.0006146474334801,0.0017515923566878,NGCF,LastFM,False,
lastfm,ngcf,weighted_ngcf,0,legacy_a0.2,legacy,0.8496454636602884,0.006475583864119,0.8704508489498618,0.9000170135541314,0.9000170135541314,0.9000170135541314,0.9000170135541314,0.0936537010785054,1884,0.0050426314152567,0.0,0.0,0.0,0.0,-0.006141805225967,0.006475583864119,NGCF,LastFM,False,
lastfm,ngcf,weighted_ngcf,0,legacy_a0.4,legacy,0.8389235952951081,0.0171974522292993,0.8658856355634096,0.9000170135541314,0.9000170135541314,0.9000170135541314,0.9000170135541314,0.0941417496084191,1884,0.0096078448017089,0.0,0.0,0.0,0.0,-0.0066298537558806,0.0171974522292993,NGCF,LastFM,False,
lastfm,ngcf,weighted_ngcf,0,legacy_a0.8,legacy,0.8242739137664457,0.0318471337579617,0.8562782061669499,0.9000170135541314,0.9000170135541314,0.9000170135541314,0.9000170135541314,0.1054211279322851,1884,0.0192152741981685,0.0,0.0,0.0,0.0,-0.0179092320797466,0.0318471337579617,NGCF,LastFM,False,
lastfm,ngcf,weighted_ngcf,1,baseline,baseline,0.8524055485859785,0.0,0.8739541089178117,0.9000170135541314,0.9000170135541314,0.9000170135541314,0.9000170135541314,0.0862393224838952,1884,0.0,0.0,0.0,0.0,0.0,0.0,0.0,NGCF,LastFM,False,
lastfm,ngcf,weighted_ngcf,1,kl_lam0.1,kl,0.8252824063354478,0.0271231422505306,0.8565436079788151,0.9000170135541314,0.9000170135541314,0.9000170135541314,0.9000170135541314,0.1079918710825498,1884,0.0174105009389965,0.0,0.0,0.0,0.0,-0.0217525485986546,0.0271231422505306,NGCF,LastFM,False,
lastfm,ngcf,weighted_ngcf,1,kl_lam0.5,kl,0.8329787969936219,0.0194267515923566,0.8614271512242475,0.9000170135541314,0.9000170135541314,0.9000170135541314,0.9000170135541314,0.1052404501124033,1884,0.0125269576935641,0.0,0.0,0.0,0.0,-0.0190011276285081,0.0194267515923566,NGCF,LastFM,False,
lastfm,ngcf,weighted_ngcf,1,kl_lam2.0,kl,0.8446560793715412,0.0077494692144373,0.8709814508913334,0.9000170135541314,0.9000170135541314,0.9000170135541314,0.9000170135541314,0.0857815641041095,1884,0.0029726580264782,0.0,0.0,0.0,0.0,0.0004577583797856,0.0077494692144373,NGCF,LastFM,False,
lastfm,ngcf,weighted_ngcf,1,kl_lam8.0,kl,0.849963934997868,0.0024416135881104,0.8729986527625112,0.9000170135541314,0.9000170135541314,0.9000170135541314,0.9000170135541314,0.0862528956498809,1884,0.0009554561553004,0.0,0.0,0.0,0.0,-1.357316598571412e-05,0.0024416135881104,NGCF,LastFM,False,
lastfm,ngcf,weighted_ngcf,1,legacy_a0.1,legacy,0.8490615995413926,0.0033439490445859,0.8729986347014134,0.9000170135541314,0.9000170135541314,0.9000170135541314,0.9000170135541314,0.0851381613943374,1884,0.0009554742163982,0.0,0.0,0.0,0.0,0.0011011610895578,0.0033439490445859,NGCF,LastFM,False,
lastfm,ngcf,weighted_ngcf,1,legacy_a0.2,legacy,0.844815315040331,0.0075902335456474,0.8703445684198335,0.9000170135541314,0.9000170135541314,0.9000170135541314,0.9000170135541314,0.0893857821418765,1884,0.0036095404979781,0.0,0.0,0.0,0.0,-0.0031464596579813,0.0075902335456474,NGCF,LastFM,False,
lastfm,ngcf,weighted_ngcf,1,legacy_a0.4,legacy,0.8346242322377833,0.0177813163481952,0.8651955932607062,0.9000170135541314,0.9000170135541314,0.9000170135541314,0.9000170135541314,0.0920903750317791,1884,0.0087585156571055,0.0,0.0,0.0,0.0,-0.0058510525478839,0.0177813163481952,NGCF,LastFM,False,
lastfm,ngcf,weighted_ngcf,1,legacy_a0.8,legacy,0.8201868649341739,0.0322186836518045,0.855216499583451,0.9000170135541314,0.9000170135541314,0.9000170135541314,0.9000170135541314,0.1047213731402998,1884,0.0187376093343606,0.0,0.0,0.0,0.0,-0.0184820506564046,0.0322186836518045,NGCF,LastFM,False,
lastfm,ngcf,weighted_ngcf,2,baseline,baseline,0.855643340518038,0.0,0.8749097607350048,0.9000170135541314,0.9000170135541314,0.9000170135541314,0.9000170135541314,0.0887626282438748,1884,0.0,0.0,0.0,0.0,0.0,0.0,0.0,NGCF,LastFM,False,
lastfm,ngcf,weighted_ngcf,2,kl_lam0.1,kl,0.8362696674819445,0.0193736730360934,0.8617986830569926,0.9000170135541314,0.9000170135541314,0.9000170135541314,0.9000170135541314,0.1074464871749999,1884,0.0131110776780122,0.0,0.0,0.0,0.0,-0.018683858931125,0.0193736730360934,NGCF,LastFM,False,
lastfm,ngcf,weighted_ngcf,2,kl_lam0.5,kl,0.8392420666326876,0.0164012738853503,0.8648242179574754,0.9000170135541314,0.9000170135541314,0.9000170135541314,0.9000170135541314,0.1012096973213692,1884,0.0100855427775293,0.0,0.0,0.0,0.0,-0.0124470690774943,0.0164012738853503,NGCF,LastFM,False,
lastfm,ngcf,weighted_ngcf,2,kl_lam2.0,kl,0.846991535847125,0.0086518046709129,0.8692300662372702,0.9000170135541314,0.9000170135541314,0.9000170135541314,0.9000170135541314,0.096970775258172,1884,0.0056796944977346,0.0,0.0,0.0,0.0,-0.0082081470142971,0.0086518046709129,NGCF,LastFM,False,
lastfm,ngcf,weighted_ngcf,2,kl_lam8.0,kl,0.8532017269299277,0.0024416135881103,0.8744318761278406,0.9000170135541314,0.9000170135541314,0.9000170135541314,0.9000170135541314,0.085424485496373,1884,0.0004778846071642,0.0,0.0,0.0,0.0,0.0033381427475018,0.0024416135881103,NGCF,LastFM,False,
lastfm,ngcf,weighted_ngcf,2,legacy_a0.1,legacy,0.8512908989044499,0.0043524416135881,0.871990256519364,0.9000170135541314,0.9000170135541314,0.9000170135541314,0.9000170135541314,0.0933046275007037,1884,0.0029195042156408,0.0,0.0,0.0,0.0,-0.0045419992568288,0.0043524416135881,NGCF,LastFM,False,
lastfm,ngcf,weighted_ngcf,2,legacy_a0.2,legacy,0.8459830432781229,0.0096602972399151,0.8700791997199808,0.9000170135541314,0.9000170135541314,0.9000170135541314,0.9000170135541314,0.0903904161795683,1884,0.0048305610150239,0.0,0.0,0.0,0.0,-0.0016277879356934,0.0096602972399151,NGCF,LastFM,False,
lastfm,ngcf,weighted_ngcf,2,legacy_a0.4,legacy,0.8364289031507344,0.0192144373673036,0.8647709979226127,0.9000170135541314,0.9000170135541314,0.9000170135541314,0.9000170135541314,0.098074661276928,1884,0.0101387628123921,0.0,0.0,0.0,0.0,-0.0093120330330531,0.0192144373673036,NGCF,LastFM,False,
lastfm,ngcf,weighted_ngcf,2,legacy_a0.8,legacy,0.8344649965689934,0.0211783439490446,0.862435511345199,0.9000170135541314,0.9000170135541314,0.9000170135541314,0.9000170135541314,0.1001094212822905,1884,0.0124742493898057,0.0,0.0,0.0,0.0,-0.0113467930384156,0.0211783439490446,NGCF,LastFM,False,
ml1m,bpr,weighted_bpr,0,baseline,baseline,0.6678660918934466,0.0,0.74947773319494,0.7000269759913677,0.8999190720258968,0.8999190720258968,0.8999190720258968,0.1445764421796711,6040,0.0,0.0,0.0,0.0,0.0,0.0,0.0,BPR,MovieLens-1M,False,
ml1m,bpr,weighted_bpr,0,kl_lam0.1,kl,0.3783462243437777,0.2895198675496688,0.535476050321836,0.5000269759913677,0.7999190720258968,0.8999190720258968,0.8999190720258968,0.2494942399490797,6040,0.214001682873104,0.1999999999999999,0.0999999999999999,0.0,0.0,-0.1049177977694086,0.2895198675496689,BPR,MovieLens-1M,False,
ml1m,bpr,weighted_bpr,0,kl_lam0.5,kl,0.5298694031517248,0.1379966887417217,0.6301253267042664,0.7000269759913677,0.8999190720258968,0.8999190720258968,0.8999190720258968,0.2453602641119655,6040,0.1193524064906736,0.0,0.0,0.0,0.0,-0.1007838219322944,0.1379966887417217,BPR,MovieLens-1M,False,
ml1m,bpr,weighted_bpr,0,kl_lam2.0,kl,0.6355978799729167,0.0322682119205298,0.7226756163835377,0.7000269759913677,0.8999190720258968,0.8999190720258968,0.8999190720258968,0.1805385852412442,6040,0.0268021168114023,0.0,0.0,0.0,0.0,-0.035962143061573,0.0322682119205298,BPR,MovieLens-1M,False,
ml1m,bpr,weighted_bpr,0,kl_lam8.0,kl,0.647601191231195,0.0202649006622516,0.7371137967010686,0.7000269759913677,0.8999190720258968,0.8999190720258968,0.8999190720258968,0.1512241707081529,6040,0.0123639364938714,0.0,0.0,0.0,0.0,-0.0066477285284817,0.0202649006622516,BPR,MovieLens-1M,False,
ml1m,bpr,weighted_bpr,0,legacy_a0.1,legacy,0.6533627806351685,0.014503311258278,0.7435859176392613,0.7000269759913677,0.8999190720258968,0.8999190720258968,0.8999190720258968,0.1508580055327792,6040,0.0058918155556787,0.0,0.0,0.0,0.0,-0.006281563353108,0.014503311258278,BPR,MovieLens-1M,False,
ml1m,bpr,weighted_bpr,0,legacy_a0.2,legacy,0.6291991614218312,0.0386669304716154,0.7193044347815213,0.7000269759913677,0.8999190720258968,0.8999190720258968,0.8999190720258968,0.1634035601464397,6040,0.0301732984134187,0.0,0.0,0.0,0.0,-0.0188271179667685,0.0386669304716154,BPR,MovieLens-1M,False,
ml1m,bpr,weighted_bpr,0,legacy_a0.4,legacy,0.5728912144019638,0.0949748774914828,0.6645660929653402,0.7000269759913677,0.7999190720258968,0.8999190720258968,0.8999190720258968,0.1915490329463104,6040,0.0849116402295998,0.0,0.0999999999999999,0.0,0.0,-0.0469725907666392,0.0949748774914828,BPR,MovieLens-1M,False,
ml1m,bpr,weighted_bpr,0,legacy_a0.8,legacy,0.3922786316205067,0.2755874602729399,0.5483779300660823,0.5001348799568384,0.7000269759913677,0.8999190720258968,0.8999190720258968,0.2335312138925039,6040,0.2010998031288577,0.1998920960345293,0.1998920960345291,0.0,0.0,-0.0889547717128327,0.2755874602729399,BPR,MovieLens-1M,False,
ml1m,bpr,weighted_bpr,1,baseline,baseline,0.6776343038139765,0.0,0.7572729818474803,0.7999190720258968,0.8999190720258968,0.8999190720258968,0.8999190720258968,0.1426291594841175,6040,0.0,0.0,0.0,0.0,0.0,0.0,0.0,BPR,MovieLens-1M,False,
ml1m,bpr,weighted_bpr,1,kl_lam0.1,kl,0.4127998667278836,0.2648344370860928,0.559208670012166,0.5999325600215808,0.7999190720258968,0.8999190720258968,0.8999190720258968,0.2601352637677871,6040,0.1980643118353142,0.199986512004316,0.0999999999999999,0.0,0.0,-0.1175061042836696,0.2648344370860929,BPR,MovieLens-1M,False,
ml1m,bpr,weighted_bpr,1,kl_lam0.5,kl,0.5195051647411287,0.1581291390728477,0.6290524102423016,0.7000269759913677,0.8999190720258968,0.8999190720258968,0.8999190720258968,0.2455525122767817,6040,0.1282205716051786,0.0998920960345292,0.0,0.0,0.0,-0.1029233527926642,0.1581291390728477,BPR,MovieLens-1M,False,
ml1m,bpr,weighted_bpr,1,kl_lam2.0,kl,0.6284455620921221,0.0491887417218543,0.7217829433129018,0.7000269759913677,0.8999190720258968,0.8999190720258968,0.8999190720258968,0.1801800951664744,6040,0.0354900385345784,0.0998920960345292,0.0,0.0,0.0,-0.0375509356823569,0.0491887417218543,BPR,MovieLens-1M,False,
ml1m,bpr,weighted_bpr,1,kl_lam8.0,kl,0.6739753634166255,0.003658940397351,0.7571075171904952,0.7999190720258968,0.8999190720258968,0.8999190720258968,0.8999190720258968,0.1450190978142666,6040,0.000165464656985,0.0,0.0,0.0,0.0,-0.0023899383301491,0.003658940397351,BPR,MovieLens-1M,False,
ml1m,bpr,weighted_bpr,1,legacy_a0.1,legacy,0.6588263567941088,0.0188079470198676,0.7492626309273487,0.7999190720258968,0.8999190720258968,0.8999190720258968,0.8999190720258968,0.1483383894996434,6040,0.0080103509201315,0.0,0.0,0.0,0.0,-0.0057092300155259,0.0188079470198676,BPR,MovieLens-1M,False,
ml1m,bpr,weighted_bpr,1,legacy_a0.2,legacy,0.6339508170509703,0.0436834867630061,0.7253461948667012,0.7000269759913677,0.8999190720258968,0.8999190720258968,0.8999190720258968,0.1613644263318883,6040,0.0319267869807791,0.0998920960345292,0.0,0.0,0.0,-0.0187352668477708,0.0436834867630061,BPR,MovieLens-1M,False,
ml1m,bpr,weighted_bpr,1,legacy_a0.4,legacy,0.5973448567860696,0.0802894470279068,0.6981013234314176,0.7000269759913677,0.8999190720258968,0.8999190720258968,0.8999190720258968,0.1866805408515776,6040,0.0591716584160626,0.0998920960345292,0.0,0.0,0.0,-0.0440513813674601,0.0802894470279068,BPR,MovieLens-1M,False,
ml1m,bpr,weighted_bpr,1,legacy_a0.8,legacy,0.5435448998404664,0.1340894039735101,0.6633113699337391,0.7000269759913677,0.8999190720258968,0.8999190720258968,0.8999190720258968,0.2506791754690652,6040,0.0939616119137412,0.0998920960345292,0.0,0.0,0.0,-0.1080500159849477,0.1340894039735101,BPR,MovieLens-1M,False,
ml1m,bpr,weighted_bpr,2,baseline,baseline,0.6781641051384797,0.0,0.7568595345837568,0.7999190720258968,0.8999190720258968,0.8999190720258968,0.8999190720258968,0.1419755693648324,6040,0.0,0.0,0.0,0.0,0.0,0.0,0.0,BPR,MovieLens-1M,False,
ml1m,bpr,weighted_bpr,2,kl_lam0.1,kl,0.4100018534828505,0.2681622516556291,0.556642851272963,0.5999190720258969,0.7999190720258968,0.8999190720258968,0.8999190720258968,0.2580478757061804,6040,0.2002166833107937,0.1999999999999999,0.0999999999999999,0.0,0.0,-0.1160723063413479,0.2681622516556292,BPR,MovieLens-1M,False,
ml1m,bpr,weighted_bpr,2,kl_lam0.5,kl,0.531558144873579,0.1466059602649007,0.6318970463969186,0.7000269759913677,0.8999190720258968,0.8999190720258968,0.8999190720258968,0.2444298012750752,6040,0.1249624881868382,0.0998920960345292,0.0,0.0,0.0,-0.1024542319102427,0.1466059602649007,BPR,MovieLens-1M,False,
ml1m,bpr,weighted_bpr,2,kl_lam2.0,kl,0.6378329793106651,0.0403311258278146,0.7234699342750515,0.7000269759913677,0.8999190720258968,0.8999190720258968,0.8999190720258968,0.1813805602513522,6040,0.0333896003087053,0.0998920960345292,0.0,0.0,0.0,-0.0394049908865197,0.0403311258278146,BPR,MovieLens-1M,False,
ml1m,bpr,weighted_bpr,2,kl_lam8.0,kl,0.6822700654033804,-0.0041059602649007,0.7594410163696033,0.7999190720258968,0.8999190720258968,0.8999190720258968,0.8999190720258968,0.1441069668970641,6040,-0.0025814817858464,0.0,0.0,0.0,0.0,-0.0021313975322316,-0.0041059602649007,BPR,MovieLens-1M,False,
ml1m,bpr,weighted_bpr,2,legacy_a0.1,legacy,0.6665912574563605,0.0115728476821191,0.750735457528892,0.7999190720258968,0.8999190720258968,0.8999190720258968,0.8999190720258968,0.1490063016192707,6040,0.0061240770548647,0.0,0.0,0.0,0.0,-0.0070307322544383,0.0115728476821191,BPR,MovieLens-1M,False,
ml1m,bpr,weighted_bpr,2,legacy_a0.2,legacy,0.6329243269847451,0.0452397781537345,0.726520503539929,0.7000269759913677,0.8999190720258968,0.8999190720258968,0.8999190720258968,0.1633847861255137,6040,0.0303390310438277,0.0998920960345292,0.0,0.0,0.0,-0.0214092167606812,0.0452397781537345,BPR,MovieLens-1M,False,
ml1m,bpr,weighted_bpr,2,legacy_a0.4,legacy,0.5773614130774604,0.1008026920610193,0.6699461462741869,0.7000269759913677,0.7999190720258968,0.8999190720258968,0.8999190720258968,0.1910206018797079,6040,0.0869133883095698,0.0998920960345292,0.0999999999999999,0.0,0.0,-0.0490450325148754,0.1008026920610193,BPR,MovieLens-1M,False,
ml1m,bpr,weighted_bpr,2,legacy_a0.8,legacy,0.418967373342361,0.2591967317961186,0.5728232474091436,0.6000269759913677,0.7999190720258968,0.8999190720258968,0.8999190720258968,0.2420669422990633,6040,0.1840362871746131,0.1998920960345291,0.0999999999999999,0.0,0.0,-0.1000913729342309,0.2591967317961187,BPR,MovieLens-1M,False,
ml1m,itemknn,weighted_itemknn,0,baseline,baseline,0.7438429130854995,0.0,0.8126535353733851,0.8999190720258968,0.8999190720258968,0.8999190720258968,0.8999190720258968,0.1198395109738994,6040,0.0,0.0,0.0,0.0,0.0,0.0,0.0,ItemKNN,MovieLens-1M,False,
ml1m,itemknn,weighted_itemknn,0,kl_lam0.1,kl,0.3512601316285459,0.3925827814569536,0.5944292568025052,0.6000269759913677,0.7999190720258968,0.8999190720258968,0.8999190720258968,0.2238490864437013,6040,0.2182242785708799,0.2998920960345291,0.0999999999999999,0.0,0.0,-0.1040095754698018,0.3925827814569536,ItemKNN,MovieLens-1M,False,
ml1m,itemknn,weighted_itemknn,0,kl_lam0.5,kl,0.5460117872576851,0.1978311258278144,0.6918117459897777,0.7000269759913677,0.8999190720258968,0.8999190720258968,0.8999190720258968,0.2118453453966108,6040,0.1208417893836074,0.1998920960345291,0.0,0.0,0.0,-0.0920058344227113,0.1978311258278144,ItemKNN,MovieLens-1M,False,
ml1m,itemknn,weighted_itemknn,0,kl_lam2.0,kl,0.6926674163967579,0.0511754966887416,0.7846657880115836,0.7999190720258968,0.8999190720258968,0.8999190720258968,0.8999190720258968,0.1425978253678878,6040,0.0279877473618015,0.0999999999999999,0.0,0.0,0.0,-0.0227583143939884,0.0511754966887416,ItemKNN,MovieLens-1M,False,
ml1m,itemknn,weighted_itemknn,0,kl_lam8.0,kl,0.7301839726881485,0.013658940397351,0.8057689274095724,0.8999190720258968,0.8999190720258968,0.8999190720258968,0.8999190720258968,0.1236648067460012,6040,0.0068846079638127,0.0,0.0,0.0,0.0,-0.0038252957721017,0.013658940397351,ItemKNN,MovieLens-1M,False,
ml1m,itemknn,weighted_itemknn,0,legacy_a0.1,legacy,0.719604502489473,0.0242384105960264,0.8006218769930522,0.8999190720258968,0.8999190720258968,0.8999190720258968,0.8999190720258968,0.1270251117078635,6040,0.0120316583803329,0.0,0.0,0.0,0.0,-0.007185600733964,0.0242384105960264,ItemKNN,MovieLens-1M,False,
ml1m,itemknn,weighted_itemknn,0,legacy_a0.2,legacy,0.6887435753371552,0.0550993377483443,0.7860085313805812,0.7999190720258968,0.8999190720258968,0.8999190720258968,0.8999190720258968,0.1345254814545366,6040,0.0266450039928038,0.0999999999999999,0.0,0.0,0.0,-0.0146859704806371,0.0550993377483443,ItemKNN,MovieLens-1M,False,
ml1m,itemknn,weighted_itemknn,0,legacy_a0.4,legacy,0.6225104196999769,0.1213324933855226,0.7429944511636297,0.7000269759913677,0.8999190720258968,0.8999190720258968,0.8999190720258968,0.1594260708781827,6040,0.0696590842097554,0.1998920960345291,0.0,0.0,0.0,-0.0395865599042832,0.1213324933855226,ItemKNN,MovieLens-1M,False,
ml1m,itemknn,weighted_itemknn,0,legacy_a0.8,legacy,0.3746461812893809,0.3691967317961186,0.5917840688012834,0.6000269759913677,0.7000269759913677,0.8999190720258968,0.8999190720258968,0.2107113803472969,6040,0.2208694665721017,0.2998920960345291,0.1998920960345291,0.0,0.0,-0.0908718693733974,0.3691967317961186,ItemKNN,MovieLens-1M,False,
ml1m,itemknn,weighted_itemknn,1,baseline,baseline,0.7416243700391421,0.0,0.8120902998979914,0.8999190720258968,0.8999190720258968,0.8999190720258968,0.8999190720258968,0.1188446060147444,6040,0.0,0.0,0.0,0.0,0.0,0.0,0.0,ItemKNN,MovieLens-1M,False,
ml1m,itemknn,weighted_itemknn,1,kl_lam0.1,kl,0.3532634428868241,0.3883609271523179,0.5936015538885623,0.6000269759913677,0.7999190720258968,0.8999190720258968,0.8999190720258968,0.2248671894868089,6040,0.2184887460094291,0.2998920960345291,0.0999999999999999,0.0,0.0,-0.1060225834720644,0.3883609271523179,ItemKNN,MovieLens-1M,False,
ml1m,itemknn,weighted_itemknn,1,kl_lam0.5,kl,0.5484786746749035,0.1931456953642385,0.6936493648136601,0.7000269759913677,0.8999190720258968,0.8999190720258968,0.8999190720258968,0.211253480766647,6040,0.1184409350843312,0.1998920960345291,0.0,0.0,0.0,-0.0924088747519025,0.1931456953642385,ItemKNN,MovieLens-1M,False,
ml1m,itemknn,weighted_itemknn,1,kl_lam2.0,kl,0.692468740900069,0.049155629139073,0.7851130267240963,0.7999190720258968,0.8999190720258968,0.8999190720258968,0.8999190720258968,0.1406171853071135,6040,0.026977273173895,0.0999999999999999,0.0,0.0,0.0,-0.021772579292369,0.049155629139073,ItemKNN,MovieLens-1M,False,
ml1m,itemknn,weighted_itemknn,1,kl_lam8.0,kl,0.7279819859331818,0.0136423841059603,0.8049244672241704,0.8999190720258968,0.8999190720258968,0.8999190720258968,0.8999190720258968,0.1230104453919549,6040,0.0071658326738209,0.0,0.0,0.0,0.0,-0.0041658393772104,0.0136423841059603,ItemKNN,MovieLens-1M,False,
ml1m,itemknn,weighted_itemknn,1,legacy_a0.1,legacy,0.7174356283172877,0.0241887417218543,0.7998275055068537,0.8999190720258968,0.8999190720258968,0.8999190720258968,0.8999190720258968,0.125848639045051,6040,0.0122627943911377,0.0,0.0,0.0,0.0,-0.0070040330303065,0.0241887417218543,ItemKNN,MovieLens-1M,False,
ml1m,itemknn,weighted_itemknn,1,legacy_a0.2,legacy,0.6878164230192745,0.0538079470198675,0.7854461802174872,0.7999190720258968,0.8999190720258968,0.8999190720258968,0.8999190720258968,0.1336632142035663,6040,0.0266441196805041,0.0999999999999999,0.0,0.0,0.0,-0.0148186081888218,0.0538079470198675,ItemKNN,MovieLens-1M,False,
ml1m,itemknn,weighted_itemknn,1,legacy_a0.4,legacy,0.6242322740046127,0.1173920960345293,0.7429612403239263,0.7000269759913677,0.8999190720258968,0.8999190720258968,0.8999190720258968,0.1586236124793938,6040,0.0691290595740651,0.1998920960345291,0.0,0.0,0.0,-0.0397790064646493,0.1173920960345293,ItemKNN,MovieLens-1M,False,
ml1m,itemknn,weighted_itemknn,1,legacy_a0.8,legacy,0.3804077706933544,0.3612165993457876,0.5932079232595572,0.6000269759913677,0.7000269759913677,0.8999190720258968,0.8999190720258968,0.2102273708491585,6040,0.2188823766384342,0.2998920960345291,0.1998920960345291,0.0,0.0,-0.091382764834414,0.3612165993457876,ItemKNN,MovieLens-1M,False,
ml1m,itemknn,weighted_itemknn,2,baseline,baseline,0.7451674163967579,0.0,0.8124382365919497,0.8999190720258968,0.8999190720258968,0.8999190720258968,0.8999190720258968,0.1192468809042355,6040,0.0,0.0,0.0,0.0,0.0,0.0,0.0,ItemKNN,MovieLens-1M,False,
ml1m,itemknn,weighted_itemknn,2,kl_lam0.1,kl,0.3530647673901353,0.3921026490066225,0.592657027960347,0.6000269759913677,0.7999190720258968,0.8999190720258968,0.8999190720258968,0.2254832550032242,6040,0.2197812086316026,0.2998920960345291,0.0999999999999999,0.0,0.0,-0.1062363740989886,0.3921026490066225,ItemKNN,MovieLens-1M,False,
ml1m,itemknn,weighted_itemknn,2,kl_lam0.5,kl,0.5505978799729168,0.1945695364238411,0.6920916219002173,0.7000269759913677,0.8999190720258968,0.8999190720258968,0.8999190720258968,0.2150092202861282,6040,0.1203466146917323,0.1998920960345291,0.0,0.0,0.0,-0.0957623393818927,0.1945695364238411,ItemKNN,MovieLens-1M,False,
ml1m,itemknn,weighted_itemknn,2,kl_lam2.0,kl,0.6960614561318572,0.0491059602649006,0.7849301527269869,0.7999190720258968,0.8999190720258968,0.8999190720258968,0.8999190720258968,0.1427655490802233,6040,0.0275080838649628,0.0999999999999999,0.0,0.0,0.0,-0.0235186681759877,0.0491059602649006,ItemKNN,MovieLens-1M,False,
ml1m,itemknn,weighted_itemknn,2,kl_lam8.0,kl,0.7323362905689433,0.0128311258278145,0.8060003671235911,0.8999190720258968,0.8999190720258968,0.8999190720258968,0.8999190720258968,0.1235470159136002,6040,0.0064378694683585,0.0,0.0,0.0,0.0,-0.0043001350093647,0.0128311258278145,ItemKNN,MovieLens-1M,False,
ml1m,itemknn,weighted_itemknn,2,legacy_a0.1,legacy,0.7215415885821883,0.0236258278145695,0.8008039158063229,0.8999190720258968,0.8999190720258968,0.8999190720258968,0.8999190720258968,0.1263907569276655,6040,0.0116343207856267,0.0,0.0,0.0,0.0,-0.00714387602343,0.0236258278145695,ItemKNN,MovieLens-1M,False,
ml1m,itemknn,weighted_itemknn,2,legacy_a0.2,legacy,0.6923197342775526,0.0528476821192053,0.7857601423474828,0.7999190720258968,0.8999190720258968,0.8999190720258968,0.8999190720258968,0.1355230105370068,6040,0.0266780942444668,0.0999999999999999,0.0,0.0,0.0,-0.0162761296327713,0.0528476821192053,ItemKNN,MovieLens-1M,False,
ml1m,itemknn,weighted_itemknn,2,legacy_a0.4,legacy,0.6238845918854075,0.1212828245113504,0.7439702093944337,0.7000269759913677,0.8999190720258968,0.8999190720258968,0.8999190720258968,0.1605838710528245,6040,0.0684680271975159,0.1998920960345291,0.0,0.0,0.0,-0.0413369901485889,0.1212828245113504,ItemKNN,MovieLens-1M,False,
ml1m,itemknn,weighted_itemknn,2,legacy_a0.8,legacy,0.377692538905275,0.3674748774914829,0.5907405668888464,0.6000269759913677,0.7000269759913677,0.8999190720258968,0.8999190720258968,0.2128845718058161,6040,0.2216976697031033,0.2998920960345291,0.1998920960345291,0.0,0.0,-0.0936376909015806,0.3674748774914829,ItemKNN,MovieLens-1M,False,
ml1m,lightgcn,weighted_lightgcn,0,baseline,baseline,0.7906806614298704,0.0,0.8284240750897264,0.8999190720258968,0.8999190720258968,0.8999190720258968,0.8999190720258968,0.1102987613652234,6040,0.0,0.0,0.0,0.0,0.0,0.0,0.0,LightGCN,MovieLens-1M,False,
ml1m,lightgcn,weighted_lightgcn,0,kl_lam0.1,kl,0.756260131628546,0.0344205298013243,0.8027844448573219,0.8999190720258968,0.8999190720258968,0.8999190720258968,0.8999190720258968,0.1397154326270386,6040,0.0256396302324044,0.0,0.0,0.0,0.0,-0.0294166712618152,0.0344205298013243,LightGCN,MovieLens-1M,False,
ml1m,lightgcn,weighted_lightgcn,0,kl_lam0.5,kl,0.7714919197080161,0.0191887417218542,0.8136097717402372,0.8999190720258968,0.8999190720258968,0.8999190720258968,0.8999190720258968,0.1278793303297376,6040,0.0148143033494891,0.0,0.0,0.0,0.0,-0.0175805689645141,0.0191887417218542,LightGCN,MovieLens-1M,False,
ml1m,lightgcn,weighted_lightgcn,0,kl_lam2.0,kl,0.7792733766616585,0.0114072847682118,0.820678535507372,0.8999190720258968,0.8999190720258968,0.8999190720258968,0.8999190720258968,0.1172244678562867,6040,0.0077455395823543,0.0,0.0,0.0,0.0,-0.0069257064910632,0.0114072847682118,LightGCN,MovieLens-1M,False,
ml1m,lightgcn,weighted_lightgcn,0,kl_lam8.0,kl,0.7865415885821884,0.004139072847682,0.8259251067874095,0.8999190720258968,0.8999190720258968,0.8999190720258968,0.8999190720258968,0.11235871700533,6040,0.0024989683023168,0.0,0.0,0.0,0.0,-0.0020599556401066,0.004139072847682,LightGCN,MovieLens-1M,False,
ml1m,lightgcn,weighted_lightgcn,0,legacy_a0.1,legacy,0.7836276812974201,0.0070529801324502,0.8242703038997279,0.8999190720258968,0.8999190720258968,0.8999190720258968,0.8999190720258968,0.1133430386248329,6040,0.0041537711899984,0.0,0.0,0.0,0.0,-0.0030442772596094,0.0070529801324502,LightGCN,MovieLens-1M,False,
ml1m,lightgcn,weighted_lightgcn,0,legacy_a0.2,legacy,0.7770382773239102,0.0136423841059601,0.8202817919204225,0.8999190720258968,0.8999190720258968,0.8999190720258968,0.8999190720258968,0.1161306869763699,6040,0.0081422831693038,0.0,0.0,0.0,0.0,-0.0058319256111464,0.0136423841059601,LightGCN,MovieLens-1M,False,
ml1m,lightgcn,weighted_lightgcn,0,legacy_a0.4,legacy,0.7645382773239102,0.0261423841059601,0.8129166406136947,0.8999190720258968,0.8999190720258968,0.8999190720258968,0.8999190720258968,0.122477232676693,6040,0.0155074344760316,0.0,0.0,0.0,0.0,-0.0121784713114695,0.0261423841059601,LightGCN,MovieLens-1M,False,
ml1m,lightgcn,weighted_lightgcn,0,legacy_a0.8,legacy,0.7442402640788771,0.0464403973509932,0.7987141384565087,0.8999190720258968,0.8999190720258968,0.8999190720258968,0.8999190720258968,0.1381882344547448,6040,0.0297099366332176,0.0,0.0,0.0,0.0,-0.0278894730895213,0.0464403973509932,LightGCN,MovieLens-1M,False,
ml1m,lightgcn,weighted_lightgcn,1,baseline,baseline,0.7873197342775525,0.0,0.8269675814683871,0.8999190720258968,0.8999190720258968,0.8999190720258968,0.8999190720258968,0.1097782659227848,6040,0.0,0.0,0.0,0.0,0.0,0.0,0.0,LightGCN,MovieLens-1M,False,
ml1m,lightgcn,weighted_lightgcn,1,kl_lam0.1,kl,0.7536442375888108,0.0336754966887417,0.8025201069392611,0.8999190720258968,0.8999190720258968,0.8999190720258968,0.8999190720258968,0.1369201778491904,6040,0.0244474745291259,0.0,0.0,0.0,0.0,-0.0271419119264056,0.0336754966887417,LightGCN,MovieLens-1M,False,
ml1m,lightgcn,weighted_lightgcn,1,kl_lam0.5,kl,0.7664256945424532,0.0208940397350992,0.8109946860869984,0.8999190720258968,0.8999190720258968,0.8999190720258968,0.8999190720258968,0.1279119169948806,6040,0.0159728953813886,0.0,0.0,0.0,0.0,-0.0181336510720957,0.0208940397350992,LightGCN,MovieLens-1M,False,
ml1m,lightgcn,weighted_lightgcn,1,kl_lam2.0,kl,0.777104502489473,0.0102152317880794,0.8203470791790008,0.8999190720258968,0.8999190720258968,0.8999190720258968,0.8999190720258968,0.1162193713685358,6040,0.0066205022893862,0.0,0.0,0.0,0.0,-0.0064411054457509,0.0102152317880794,LightGCN,MovieLens-1M,False,
ml1m,lightgcn,weighted_lightgcn,1,kl_lam8.0,kl,0.7840250322907976,0.0032947019867549,0.8247497440853799,0.8999190720258968,0.8999190720258968,0.8999190720258968,0.8999190720258968,0.1118052076542918,6040,0.0022178373830071,0.0,0.0,0.0,0.0,-0.0020269417315069,0.0032947019867549,LightGCN,MovieLens-1M,False,
ml1m,lightgcn,weighted_lightgcn,1,legacy_a0.1,legacy,0.7809455620921222,0.0063741721854303,0.8232106476560365,0.8999190720258968,0.8999190720258968,0.8999190720258968,0.8999190720258968,0.1129367819723598,6040,0.0037569338123506,0.0,0.0,0.0,0.0,-0.0031585160495749,0.0063741721854303,LightGCN,MovieLens-1M,False,
ml1m,lightgcn,weighted_lightgcn,1,legacy_a0.2,legacy,0.7745548336153009,0.0127649006622516,0.8196689634966601,0.8999190720258968,0.8999190720258968,0.8999190720258968,0.8999190720258968,0.1158439570396535,6040,0.007298617971727,0.0,0.0,0.0,0.0,-0.0060656911168686,0.0127649006622516,LightGCN,MovieLens-1M,False,
ml1m,lightgcn,weighted_lightgcn,1,legacy_a0.4,legacy,0.7615747011649698,0.0257450331125826,0.8116917162268625,0.8999190720258968,0.8999190720258968,0.8999190720258968,0.8999190720258968,0.1220729770169639,6040,0.0152758652415245,0.0,0.0,0.0,0.0,-0.0122947110941791,0.0257450331125826,LightGCN,MovieLens-1M,False,
ml1m,lightgcn,weighted_lightgcn,1,legacy_a0.8,legacy,0.7418727144100028,0.0454470198675497,0.7986979707265829,0.8999190720258968,0.8999190720258968,0.8999190720258968,0.8999190720258968,0.1359234970283614,6040,0.0282696107418042,0.0,0.0,0.0,0.0,-0.0261452311055766,0.0454470198675497,LightGCN,MovieLens-1M,False,
ml1m,lightgcn,weighted_lightgcn,2,baseline,baseline,0.7881806614298705,0.0,0.8271329389360025,0.8999190720258968,0.8999190720258968,0.8999190720258968,0.8999190720258968,0.1097383185688886,6040,0.0,0.0,0.0,0.0,0.0,0.0,0.0,LightGCN,MovieLens-1M,False,
ml1m,lightgcn,weighted_lightgcn,2,kl_lam0.1,kl,0.7541574826219235,0.034023178807947,0.8009145307696017,0.8999190720258968,0.8999190720258968,0.8999190720258968,0.8999190720258968,0.1392123860065192,6040,0.0262184081664007,0.0,0.0,0.0,0.0,-0.0294740674376305,0.034023178807947,LightGCN,MovieLens-1M,False,
ml1m,lightgcn,weighted_lightgcn,2,kl_lam0.5,kl,0.7696872839464267,0.0184933774834438,0.8123184837349063,0.8999190720258968,0.8999190720258968,0.8999190720258968,0.8999190720258968,0.1265942801995129,6040,0.0148144552010961,0.0,0.0,0.0,0.0,-0.0168559616306242,0.0184933774834438,LightGCN,MovieLens-1M,False,
ml1m,lightgcn,weighted_lightgcn,2,kl_lam2.0,kl,0.7782303303040425,0.0099503311258279,0.819916700461093,0.8999190720258968,0.8999190720258968,0.8999190720258968,0.8999190720258968,0.1163657585524111,6040,0.0072162384749094,0.0,0.0,0.0,0.0,-0.0066274399835224,0.0099503311258279,LightGCN,MovieLens-1M,False,
ml1m,lightgcn,weighted_lightgcn,2,kl_lam8.0,kl,0.7847203965292082,0.0034602649006623,0.8248657319158135,0.8999190720258968,0.8999190720258968,0.8999190720258968,0.8999190720258968,0.110880690392741,6040,0.002267207020189,0.0,0.0,0.0,0.0,-0.0011423718238523,0.0034602649006623,LightGCN,MovieLens-1M,False,
ml1m,lightgcn,weighted_lightgcn,2,legacy_a0.1,legacy,0.781624370039142,0.0065562913907285,0.8230782821831615,0.8999190720258968,0.8999190720258968,0.8999190720258968,0.8999190720258968,0.112214789222301,6040,0.004054656752841,0.0,0.0,0.0,0.0,-0.0024764706534123,0.0065562913907285,LightGCN,MovieLens-1M,False,
ml1m,lightgcn,weighted_lightgcn,2,legacy_a0.2,legacy,0.7759621183835128,0.0122185430463577,0.8194538121006079,0.8999190720258968,0.8999190720258968,0.8999190720258968,0.8999190720258968,0.1148553086692587,6040,0.0076791268353946,0.0,0.0,0.0,0.0,-0.00511699010037,0.0122185430463577,LightGCN,MovieLens-1M,False,
ml1m,lightgcn,weighted_lightgcn,2,legacy_a0.4,legacy,0.7628826481848373,0.0252980132450332,0.8115428033950446,0.8999190720258968,0.8999190720258968,0.8999190720258968,0.8999190720258968,0.1217821515994404,6040,0.0155901355409578,0.0,0.0,0.0,0.0,-0.0120438330305518,0.0252980132450332,LightGCN,MovieLens-1M,False,
ml1m,lightgcn,weighted_lightgcn,2,legacy_a0.8,legacy,0.7417568203702678,0.0464238410596027,0.7966294526017539,0.8999190720258968,0.8999190720258968,0.8999190720258968,0.8999190720258968,0.1376732230391746,6040,0.0305034863342485,0.0,0.0,0.0,0.0,-0.0279349044702859,0.0464238410596027,LightGCN,MovieLens-1M,False,
ml1m,neumf,weighted_neumf,0,baseline,baseline,0.6554819859331817,0.0,0.7379571939252211,0.7000269759913677,0.8999190720258968,0.8999190720258968,0.8999190720258968,0.143273033073187,6040,0.0,0.0,0.0,0.0,0.0,0.0,0.0,NeuMF,MovieLens-1M,False,
ml1m,neumf,weighted_neumf,0,kl_lam0.1,kl,0.5752005289795393,0.0802814569536424,0.6500768324469367,0.7000269759913677,0.8999190720258968,0.8999190720258968,0.8999190720258968,0.259375044128926,6040,0.0878803614782843,0.0,0.0,0.0,0.0,-0.116102011055739,0.0802814569536424,NeuMF,MovieLens-1M,False,
ml1m,neumf,weighted_neumf,0,kl_lam0.5,kl,0.7104323170590094,-0.0549503311258277,0.7528621169543211,0.8999190720258968,0.8999190720258968,0.8999190720258968,0.8999190720258968,0.2057572829187739,6040,-0.0149049230291,-0.1998920960345291,0.0,0.0,0.0,-0.0624842498455869,-0.0549503311258277,NeuMF,MovieLens-1M,False,
ml1m,neumf,weighted_neumf,0,kl_lam2.0,kl,0.6253912144019637,0.030090771531218,0.7109105692291476,0.7000269759913677,0.8999190720258968,0.8999190720258968,0.8999190720258968,0.1678960850243183,6040,0.0270466246960734,0.0,0.0,0.0,0.0,-0.0246230519511312,0.030090771531218,NeuMF,MovieLens-1M,False,
ml1m,neumf,weighted_neumf,0,kl_lam8.0,kl,0.6420302872496458,0.0134516986835359,0.7228299914069855,0.7000269759913677,0.8999190720258968,0.8999190720258968,0.8999190720258968,0.1452583646140168,6040,0.0151272025182356,0.0,0.0,0.0,0.0,-0.0019853315408298,0.0134516986835359,NeuMF,MovieLens-1M,False,
ml1m,neumf,weighted_neumf,0,legacy_a0.1,legacy,0.6308879031436856,0.0245940827894961,0.7082647604228264,0.7000269759913677,0.7999190720258968,0.8999190720258968,0.8999190720258968,0.149536094408322,6040,0.0296924335023947,0.0,0.0999999999999999,0.0,0.0,-0.006263061335135,0.0245940827894961,NeuMF,MovieLens-1M,False,
ml1m,neumf,weighted_neumf,0,legacy_a0.2,legacy,0.6403249892364008,0.0151569966967809,0.7328269945708583,0.7000269759913677,0.8999190720258968,0.8999190720258968,0.8999190720258968,0.1513020632629768,6040,0.0051301993543627,0.0,0.0,0.0,0.0,-0.0080290301897898,0.0151569966967809,NeuMF,MovieLens-1M,False,
ml1m,neumf,weighted_neumf,0,legacy_a0.4,legacy,0.6096130687065995,0.0458689172265822,0.7060787046879271,0.7000269759913677,0.8999190720258968,0.8999190720258968,0.8999190720258968,0.1706867929756669,6040,0.0318784892372939,0.0,0.0,0.0,0.0,-0.0274137599024799,0.0458689172265822,NeuMF,MovieLens-1M,False,
ml1m,neumf,weighted_neumf,0,legacy_a0.8,legacy,0.5232799991782148,0.1322019867549669,0.6443923211322056,0.7000269759913677,0.8999190720258968,0.8999190720258968,0.8999190720258968,0.2326256004662395,6040,0.0935648727930155,0.0,0.0,0.0,0.0,-0.0893525673930525,0.1322019867549669,NeuMF,MovieLens-1M,False,
ml1m,neumf,weighted_neumf,1,baseline,baseline,0.6815747011649698,0.0,0.7536142111666312,0.7999190720258968,0.8999190720258968,0.8999190720258968,0.8999190720258968,0.1407990005465998,6040,0.0,0.0,0.0,0.0,0.0,0.0,0.0,NeuMF,MovieLens-1M,False,
ml1m,neumf,weighted_neumf,1,kl_lam0.1,kl,0.5347700654033803,0.1468046357615894,0.6284117929744515,0.7000269759913677,0.8999190720258968,0.8999190720258968,0.8999190720258968,0.2558000564987968,6040,0.1252024181921797,0.0998920960345292,0.0,0.0,0.0,-0.115001055952197,0.1468046357615894,NeuMF,MovieLens-1M,False,
ml1m,neumf,weighted_neumf,1,kl_lam0.5,kl,0.5430813236815261,0.1384933774834437,0.6378555962676662,0.7000269759913677,0.7999190720258968,0.8999190720258968,0.8999190720258968,0.2287952539923175,6040,0.115758614898965,0.0998920960345292,0.0999999999999999,0.0,0.0,-0.0879962534457177,0.1384933774834437,NeuMF,MovieLens-1M,False,
ml1m,neumf,weighted_neumf,1,kl_lam2.0,kl,0.6721045024894731,0.0094701986754967,0.7433957636974616,0.7999190720258968,0.8999190720258968,0.8999190720258968,0.8999190720258968,0.1689315574540135,6040,0.0102184474691695,0.0,0.0,0.0,0.0,-0.0281325569074137,0.0094701986754967,NeuMF,MovieLens-1M,False,
ml1m,neumf,weighted_neumf,1,kl_lam8.0,kl,0.6529488733504003,0.0286258278145694,0.735936870820731,0.7000269759913677,0.8999190720258968,0.8999190720258968,0.8999190720258968,0.151243495905294,6040,0.0176773403459001,0.0998920960345292,0.0,0.0,0.0,-0.0104444953586942,0.0286258278145694,NeuMF,MovieLens-1M,False,
ml1m,neumf,weighted_neumf,1,legacy_a0.1,legacy,0.6327422077794471,0.0488324933855226,0.7231930641331863,0.7000269759913677,0.8999190720258968,0.8999190720258968,0.8999190720258968,0.1591214799787801,6040,0.0304211470334448,0.0998920960345292,0.0,0.0,0.0,-0.0183224794321803,0.0488324933855226,NeuMF,MovieLens-1M,False,
ml1m,neumf,weighted_neumf,1,legacy_a0.2,legacy,0.691078012423248,-0.0095033112582781,0.7606952034543559,0.7999190720258968,0.8999190720258968,0.8999190720258968,0.8999190720258968,0.1480678558791465,6040,-0.0070809922877247,0.0,0.0,0.0,0.0,-0.0072688553325467,-0.0095033112582781,NeuMF,MovieLens-1M,False,
ml1m,neumf,weighted_neumf,1,legacy_a0.4,legacy,0.6002256514880564,0.0813490496769133,0.693876365101285,0.7000269759913677,0.8999190720258968,0.8999190720258968,0.8999190720258968,0.1796697174460662,6040,0.0597378460653461,0.0998920960345292,0.0,0.0,0.0,-0.0388707168994664,0.0813490496769133,NeuMF,MovieLens-1M,False,
ml1m,neumf,weighted_neumf,1,legacy_a0.8,legacy,0.4847951879118974,0.1967795132530723,0.595108288060712,0.6000269759913677,0.7999190720258968,0.8999190720258968,0.8999190720258968,0.2205693486989162,6040,0.1585059231059191,0.1998920960345291,0.0999999999999999,0.0,0.0,-0.0797703481523164,0.1967795132530723,NeuMF,MovieLens-1M,False,
ml1m,neumf,weighted_neumf,2,baseline,baseline,0.669736952820599,0.0,0.7517632606648955,0.7000269759913677,0.8999190720258968,0.8999190720258968,0.8999190720258968,0.1350257185118314,6040,0.0,0.0,0.0,0.0,0.0,0.0,0.0,NeuMF,MovieLens-1M,False,
ml1m,neumf,weighted_neumf,2,kl_lam0.1,kl,0.408263442886824,0.2614735099337749,0.5436321698522751,0.5999190720258969,0.7000269759913677,0.8999190720258968,0.8999190720258968,0.2435545227571709,6040,0.2081310908126203,0.1001079039654707,0.1998920960345291,0.0,0.0,-0.1085288042453394,0.261473509933775,NeuMF,MovieLens-1M,False,
ml1m,neumf,weighted_neumf,2,kl_lam0.5,kl,0.5504819859331817,0.1192549668874173,0.6361015940845759,0.7000269759913677,0.7999190720258968,0.8999190720258968,0.8999190720258968,0.2273161603215923,6040,0.1156616665803196,0.0,0.0999999999999999,0.0,0.0,-0.0922904418097608,0.1192549668874173,NeuMF,MovieLens-1M,False,
ml1m,neumf,weighted_neumf,2,kl_lam2.0,kl,0.6229739958589173,0.0467629569616816,0.7012111594852766,0.7000269759913677,0.7999190720258968,0.8999190720258968,0.8999190720258968,0.1697745545457373,6040,0.0505521011796189,0.0,0.0999999999999999,0.0,0.0,-0.0347488360339058,0.0467629569616816,NeuMF,MovieLens-1M,False,
ml1m,neumf,weighted_neumf,2,kl_lam8.0,kl,0.6565170422165333,0.0132199106040656,0.7395485675033988,0.7000269759913677,0.8999190720258968,0.8999190720258968,0.8999190720258968,0.138368841045488,6040,0.0122146931614967,0.0,0.0,0.0,0.0,-0.0033431225336565,0.0132199106040656,NeuMF,MovieLens-1M,False,
ml1m,neumf,weighted_neumf,2,legacy_a0.1,legacy,0.6503581018191822,0.0193788510014167,0.7335239577173666,0.7000269759913677,0.8999190720258968,0.8999190720258968,0.8999190720258968,0.1435815264831222,6040,0.0182393029475289,0.0,0.0,0.0,0.0,-0.0085558079712908,0.0193788510014167,NeuMF,MovieLens-1M,False,
ml1m,neumf,weighted_neumf,2,legacy_a0.2,legacy,0.6320137309582552,0.0377232218623437,0.7105170547219596,0.7000269759913677,0.7999190720258968,0.8999190720258968,0.8999190720258968,0.1535774740329918,6040,0.0412462059429359,0.0,0.0999999999999999,0.0,0.0,-0.0185517555211603,0.0377232218623437,NeuMF,MovieLens-1M,False,
ml1m,neumf,weighted_neumf,2,legacy_a0.4,legacy,0.6024110819516326,0.0673258708689663,0.684395465353716,0.7000269759913677,0.7999190720258968,0.8999190720258968,0.8999190720258968,0.1741812399614871,6040,0.0673677953111795,0.0,0.0999999999999999,0.0,0.0,-0.0391555214496557,0.0673258708689663,NeuMF,MovieLens-1M,False,
ml1m,neumf,weighted_neumf,2,legacy_a0.8,legacy,0.4126759826138842,0.2570609702067147,0.5289929960679366,0.5001079039654707,0.7000269759913677,0.7999190720258968,0.8999190720258968,0.2188027142555873,6040,0.2227702645969589,0.1999190720258969,0.1998920960345291,0.0999999999999999,0.0,-0.0837769957437558,0.2570609702067147,NeuMF,MovieLens-1M,False,
ml1m,ngcf,weighted_ngcf,0,baseline,baseline,0.6685534660575929,0.0,0.7546123719756966,0.7000269759913677,0.8999190720258968,0.8999190720258968,0.8999190720258968,0.1286151815584388,6040,0.0,0.0,0.0,0.0,0.0,0.0,0.0,NGCF,MovieLens-1M,False,
ml1m,ngcf,weighted_ngcf,0,kl_lam0.1,kl,0.679422383284175,-0.0108689172265821,0.7647412493278333,0.7999190720258968,0.8999190720258968,0.8999190720258968,0.8999190720258968,0.1256021382974517,6040,-0.0101288773521366,-0.0998920960345292,0.0,0.0,0.0,0.003013043260987,-0.0108689172265821,NGCF,MovieLens-1M,False,
ml1m,ngcf,weighted_ngcf,0,kl_lam0.5,kl,0.6703581018191822,-0.0018046357615892,0.7581874232926074,0.7000269759913677,0.8999190720258968,0.8999190720258968,0.8999190720258968,0.1263577198602351,6040,-0.0035750513169107,0.0,0.0,0.0,0.0,0.0022574616982036,-0.0018046357615892,NGCF,MovieLens-1M,False,
ml1m,ngcf,weighted_ngcf,0,kl_lam2.0,kl,0.6813098005027182,-0.0127563344451252,0.7668108438125829,0.7999190720258968,0.8999190720258968,0.8999190720258968,0.8999190720258968,0.1203577851842928,6040,-0.0121984718368862,-0.0998920960345292,0.0,0.0,0.0,0.0082573963741459,-0.0127563344451252,NGCF,MovieLens-1M,False,
ml1m,ngcf,weighted_ngcf,0,kl_lam8.0,kl,0.6656230024814339,0.002930463576159,0.749001472960588,0.7000269759913677,0.8999190720258968,0.8999190720258968,0.8999190720258968,0.1308128212692355,6040,0.0056108990151085,0.0,0.0,0.0,0.0,-0.0021976397107966,0.002930463576159,NGCF,MovieLens-1M,False,
ml1m,ngcf,weighted_ngcf,0,legacy_a0.1,legacy,0.6816409263305327,-0.0130874602729398,0.7657839071239841,0.7999190720258968,0.8999190720258968,0.8999190720258968,0.8999190720258968,0.1227692056690267,6040,-0.0111715351482875,-0.0998920960345292,0.0,0.0,0.0,0.005845975889412,-0.0130874602729398,NGCF,MovieLens-1M,False,
ml1m,ngcf,weighted_ngcf,0,legacy_a0.2,legacy,0.6803329793106652,-0.0117795132530722,0.7647908288775307,0.7999190720258968,0.8999190720258968,0.8999190720258968,0.8999190720258968,0.1245384237667017,6040,-0.010178456901834,-0.0998920960345292,0.0,0.0,0.0,0.004076757791737,-0.0117795132530722,NGCF,MovieLens-1M,False,
ml1m,ngcf,weighted_ngcf,0,legacy_a0.4,legacy,0.6755647673901353,-0.0070113013325423,0.7622923518598249,0.7000269759913677,0.8999190720258968,0.8999190720258968,0.8999190720258968,0.1237717584675271,6040,-0.0076799798841282,0.0,0.0,0.0,0.0,0.0048434230909116,-0.0070113013325423,NGCF,MovieLens-1M,False,
ml1m,ngcf,weighted_ngcf,0,legacy_a0.8,legacy,0.6706892276469968,-0.0021357615894038,0.7602066834358481,0.7000269759913677,0.8999190720258968,0.8999190720258968,0.8999190720258968,0.1263015800304345,6040,-0.0055943114601514,0.0,0.0,0.0,0.0,0.0023136015280042,-0.0021357615894038,NGCF,MovieLens-1M,False,
ml1m,ngcf,weighted_ngcf,1,baseline,baseline,0.665556777315871,0.0,0.7489850640545808,0.7000269759913677,0.8999190720258968,0.8999190720258968,0.8999190720258968,0.1302543363313609,6040,0.0,0.0,0.0,0.0,0.0,0.0,0.0,NGCF,MovieLens-1M,False,
ml1m,ngcf,weighted_ngcf,1,kl_lam0.1,kl,0.6650104196999769,0.0005463576158941,0.7451457998738737,0.7000269759913677,0.8999190720258968,0.8999190720258968,0.8999190720258968,0.129875435051489,6040,0.003839264180707,0.0,0.0,0.0,0.0,0.0003789012798718,0.0005463576158941,NGCF,MovieLens-1M,False,
ml1m,ngcf,weighted_ngcf,1,kl_lam0.5,kl,0.665854790560904,-0.0002980132450329,0.7474794955668264,0.7000269759913677,0.8999190720258968,0.8999190720258968,0.8999190720258968,0.1284814092222954,6040,0.0015055684877544,0.0,0.0,0.0,0.0,0.0017729271090655,-0.0002980132450329,NGCF,MovieLens-1M,False,
ml1m,ngcf,weighted_ngcf,1,kl_lam2.0,kl,0.6668150554615663,-0.0012582781456952,0.7516994427939268,0.7000269759913677,0.8999190720258968,0.8999190720258968,0.8999190720258968,0.1292905817085584,6040,-0.0027143787393459,0.0,0.0,0.0,0.0,0.0009637546228024,-0.0012582781456952,NGCF,MovieLens-1M,False,
ml1m,ngcf,weighted_ngcf,1,kl_lam8.0,kl,0.6659044594350763,-0.0003476821192052,0.7481081656861817,0.7000269759913677,0.8999190720258968,0.8999190720258968,0.8999190720258968,0.1293143265424532,6040,0.0008768983683991,0.0,0.0,0.0,0.0,0.0009400097889076,-0.0003476821192052,NGCF,MovieLens-1M,False,
ml1m,ngcf,weighted_ngcf,1,legacy_a0.1,legacy,0.6667819428787849,-0.0012251655629138,0.7484883485155165,0.7000269759913677,0.8999190720258968,0.8999190720258968,0.8999190720258968,0.1287163776582212,6040,0.0004967155390642,0.0,0.0,0.0,0.0,0.0015379586731396,-0.0012251655629138,NGCF,MovieLens-1M,False,
ml1m,ngcf,weighted_ngcf,1,legacy_a0.2,legacy,0.6680898898986525,-0.0025331125827814,0.7473971116037852,0.7000269759913677,0.8999190720258968,0.8999190720258968,0.8999190720258968,0.1272245585798445,6040,0.0015879524507955,0.0,0.0,0.0,0.0,0.0030297777515164,-0.0025331125827814,NGCF,MovieLens-1M,False,
ml1m,ngcf,weighted_ngcf,1,legacy_a0.4,legacy,0.6657057839383875,-0.0001490066225164,0.7491841102478398,0.7000269759913677,0.8999190720258968,0.8999190720258968,0.8999190720258968,0.1295677496433038,6040,-0.000199046193259,0.0,0.0,0.0,0.0,0.000686586688057,-0.0001490066225164,NGCF,MovieLens-1M,False,
ml1m,ngcf,weighted_ngcf,1,legacy_a0.8,legacy,0.673785254137063,-0.0082284768211919,0.7604724103494909,0.7000269759913677,0.8999190720258968,0.8999190720258968,0.8999190720258968,0.1243124095459687,6040,-0.0114873462949101,0.0,0.0,0.0,0.0,0.0059419267853921,-0.0082284768211919,NGCF,MovieLens-1M,False,
ml1m,ngcf,weighted_ngcf,2,baseline,baseline,0.6639673733423611,0.0,0.7430603502948601,0.7000269759913677,0.8999190720258968,0.8999190720258968,0.8999190720258968,0.1301642350357212,6040,0.0,0.0,0.0,0.0,0.0,0.0,0.0,NGCF,MovieLens-1M,False,
ml1m,ngcf,weighted_ngcf,2,kl_lam0.1,kl,0.6736196912231558,-0.0096523178807946,0.7595291170990268,0.7000269759913677,0.8999190720258968,0.8999190720258968,0.8999190720258968,0.1235343111211124,6040,-0.0164687668041667,0.0,0.0,0.0,0.0,0.0066299239146088,-0.0096523178807946,NGCF,MovieLens-1M,False,
ml1m,ngcf,weighted_ngcf,2,kl_lam0.5,kl,0.6676594263224935,-0.0036920529801324,0.7504422097445856,0.7000269759913677,0.8999190720258968,0.8999190720258968,0.8999190720258968,0.1287876308139337,6040,-0.0073818594497255,0.0,0.0,0.0,0.0,0.0013766042217875,-0.0036920529801324,NGCF,MovieLens-1M,False,
ml1m,ngcf,weighted_ngcf,2,kl_lam2.0,kl,0.6670965124152087,-0.0031291390728476,0.7480424586025721,0.7000269759913677,0.8999190720258968,0.8999190720258968,0.8999190720258968,0.1285689220862278,6040,-0.004982108307712,0.0,0.0,0.0,0.0,0.0015953129494934,-0.0031291390728476,NGCF,MovieLens-1M,False,
ml1m,ngcf,weighted_ngcf,2,kl_lam8.0,kl,0.6699276382430233,-0.0059602649006621,0.752328604197893,0.7000269759913677,0.8999190720258968,0.8999190720258968,0.8999190720258968,0.1260529742548714,6040,-0.0092682539030329,0.0,0.0,0.0,0.0,0.0041112607808498,-0.0059602649006621,NGCF,MovieLens-1M,False,
ml1m,ngcf,weighted_ngcf,2,legacy_a0.1,legacy,0.6630898898986524,0.0008774834437087,0.7401810383791538,0.7000269759913677,0.8999190720258968,0.8999190720258968,0.8999190720258968,0.1304996877383683,6040,0.0028793119157062,0.0,0.0,0.0,0.0,-0.000335452702647,0.0008774834437087,NGCF,MovieLens-1M,False,
ml1m,ngcf,weighted_ngcf,2,legacy_a0.2,legacy,0.6663349230112352,-0.002367549668874,0.7454774705809842,0.7000269759913677,0.8999190720258968,0.8999190720258968,0.8999190720258968,0.128800359382242,6040,-0.0024171202861241,0.0,0.0,0.0,0.0,0.0013638756534792,-0.002367549668874,NGCF,MovieLens-1M,False,
ml1m,ngcf,weighted_ngcf,2,legacy_a0.4,legacy,0.6656561150642154,-0.0016887417218542,0.7448981075716784,0.7000269759913677,0.8999190720258968,0.8999190720258968,0.8999190720258968,0.1291125588167669,6040,-0.0018377572768183,0.0,0.0,0.0,0.0,0.0010516762189543,-0.0016887417218542,NGCF,MovieLens-1M,False,
ml1m,ngcf,weighted_ngcf,2,legacy_a0.8,legacy,0.6618481680443478,0.0021192052980133,0.7383107937908772,0.7000269759913677,0.8999190720258968,0.8999190720258968,0.8999190720258968,0.1308904337219347,6040,0.0047495565039828,0.0,0.0,0.0,0.0,-0.0007261986862134,0.0021192052980133,NGCF,MovieLens-1M,False,
